order_id,kitchen_id,zone_id,rider_id,time_slot_id,order_date,order_value_ngn,delivery_distance_km,promised_delivery_min,actual_delivery_min,traffic_friction_score,food_temp_on_arrival_c,customer_rating,delivery_cost_ngn,order_profit_ngn
val_0,KIT-LK-001,val_17,val_5,val_27,1/1/2023,55547.35575,2.094055997,819,187,6.842536752,774.8113022,3.050304262,3990.88961,770.4481495
val_1,KIT-LK-001,val_7,val_57,val_8,1/1/2023,76539.46352,13.11581027,244,147,5.151269053,575.3443129,2.028476463,5093.97584,471.5006049
val_2,KIT-LK-001,val_4,val_39,val_1,1/1/2023,34520.26872,30.99596644,704,957,8.135521623,619.9105482,3.657402548,660.7857394,695.2495186
val_3,KIT-IK-001,val_18,val_32,val_19,1/1/2023,81371.46287,27.72096416,792,871,5.953025832,520.7546646,1.074567111,10246.71459,584.3193478
val_4,KIT-YB-001,val_13,val_0,val_28,1/1/2023,120484.913,4.033346739,900,881,5.118829003,613.951723,3.88035754,10387.32565,170.2888188
val_5,KIT-LK-001,val_15,val_35,val_40,1/1/2023,32681.11195,17.42011736,264,642,6.663953629,444.2290133,2.881339976,10482.08311,572.686717
val_6,KIT-LK-001,val_8,val_26,val_42,1/1/2023,83246.27091,21.23963703,728,857,5.606206182,776.411515,3.537256863,2354.925899,925.5834052
val_7,KIT-LK-001,val_8,val_35,val_21,1/2/2023,53519.16993,16.94538565,187,494,6.773906912,810.507248,1.628870555,11719.3015,345.2328701
val_8,KIT-IK-001,val_7,val_2,val_20,1/2/2023,112306.8757,24.47531897,445,162,8.223733187,517.1075737,3.873008266,8005.532785,493.8786357
val_9,KIT-YB-001,val_14,val_33,val_44,1/2/2023,105454.78,34.9047579,72,256,5.161766604,146.6280393,3.893104339,7196.809718,416.0846923
val_10,KIT-IK-001,val_4,val_34,val_37,1/2/2023,104969.0536,3.557299722,604,852,4.735191238,373.4979724,3.966362255,8722.735267,688.6283721
val_11,KIT-SU-001,val_19,val_17,val_10,1/2/2023,56981.56849,18.14058429,684,650,6.027989835,839.9386696,2.868799442,9120.277114,627.0175421
val_12,KIT-LK-001,val_3,val_3,val_32,1/2/2023,90092.25579,18.03052691,447,998,9.142782707,916.7490022,3.56202557,5110.303233,477.0568349
val_13,KIT-SU-001,val_9,val_58,val_34,1/2/2023,97837.23496,19.77078216,412,899,4.806840554,267.0530017,3.197020871,7090.285916,47.28013202
val_14,KIT-SU-001,val_6,val_42,val_11,1/3/2023,102281.6889,6.010467468,242,760,8.62974748,941.1026003,1.932319385,7104.699108,264.5363197
val_15,KIT-YB-001,val_12,val_37,val_46,1/3/2023,86500.82493,22.41485113,771,38,6.554465835,276.7132427,1.092091473,292.156226,314.5273894
val_16,KIT-LK-001,val_13,val_46,val_14,1/3/2023,130087.3097,1.743064106,911,185,1.111574319,918.8768427,2.654307353,315.254249,732.4911882
val_17,KIT-LK-001,val_18,val_40,val_26,1/3/2023,37695.3876,25.99109735,132,375,5.285823144,935.435526,4.259668199,5754.313407,396.2875447
val_18,KIT-YB-001,val_15,val_8,val_23,1/3/2023,8843.11501,23.27795149,276,35,2.894818852,504.8319088,2.288949757,6789.954994,378.3049585
val_19,KIT-SU-001,val_4,val_27,val_33,1/3/2023,144394.2664,11.69874366,603,936,2.353297241,950.5521542,3.996007347,8545.209508,445.8635816
val_20,KIT-SU-001,val_4,val_53,val_43,1/3/2023,9579.69213,34.61682977,366,228,3.109940977,549.2723659,3.55866203,9082.036016,431.9839472
val_21,KIT-SU-001,val_17,val_17,val_18,1/4/2023,135491.8705,29.04148772,13,383,7.411774124,378.890288,2.413056016,7112.213011,717.6709509
val_22,KIT-LK-001,val_9,val_58,val_18,1/4/2023,92036.59807,18.9758401,20,675,6.646444524,810.1595053,1.002302257,3555.846883,670.3085329
val_23,KIT-YB-001,val_1,val_3,val_36,1/4/2023,137851.6876,34.66976227,234,35,5.831678155,108.5221015,2.724024764,7507.85568,762.867909
val_24,KIT-SU-001,val_16,val_19,val_45,1/4/2023,84960.61262,29.0871544,968,636,5.457416864,216.6550683,2.571400814,3265.649218,207.4124715
val_25,KIT-YB-001,val_12,val_21,val_43,1/4/2023,123240.8045,5.001609349,610,101,4.502602052,213.2501055,1.554970554,9847.386947,741.4499011
val_26,KIT-YB-001,val_0,val_37,val_36,1/4/2023,108332.8944,20.76890903,255,903,8.979111058,622.0735286,4.274910564,5195.128891,296.1979642
val_27,KIT-LK-001,val_15,val_10,val_33,1/4/2023,79004.26398,20.41384576,56,691,9.392088143,708.8728252,4.821930603,10760.48021,0.062133343
val_28,KIT-LK-001,val_12,val_13,val_36,1/5/2023,54816.8767,22.92249198,756,336,7.879940178,837.4254135,1.484971845,1709.652547,639.584276
val_29,KIT-YB-001,val_12,val_39,val_44,1/5/2023,927.4235929,32.93832939,377,700,3.594020918,899.8619646,1.923764678,8524.592616,11.79688155
val_30,KIT-IK-001,val_17,val_17,val_0,1/5/2023,38010.33855,17.32271058,394,314,9.224776742,875.0475165,3.529987396,5265.97924,97.99415481
val_31,KIT-YB-001,val_9,val_52,val_28,1/5/2023,142789.1379,2.892874936,562,115,8.372218391,681.9945969,4.80344805,1703.070794,41.13178876
val_32,KIT-YB-001,val_9,val_52,val_1,1/5/2023,41681.54626,16.88073135,228,9,2.116237985,914.8266775,4.735997216,6796.384384,606.36333
val_33,KIT-SU-001,val_12,val_18,val_27,1/5/2023,112901.9402,27.61524466,728,219,4.075097957,275.5445417,4.725376865,2699.874904,207.8874888
val_34,KIT-YB-001,val_3,val_33,val_18,1/5/2023,76520.39337,12.67958536,314,708,3.948453427,725.2759262,2.760579919,3649.808397,809.1656478
val_35,KIT-SU-001,val_3,val_19,val_14,1/6/2023,46622.90051,1.143250726,706,564,7.570421031,76.66743171,4.943611182,5583.410573,356.307201
val_36,KIT-LK-001,val_16,val_20,val_42,1/6/2023,148668.4706,10.75286412,517,273,5.715087045,125.2284247,2.458653153,4499.45112,335.1784016
val_37,KIT-IK-001,val_4,val_40,val_34,1/6/2023,7522.66944,23.93881808,148,687,3.401961259,226.1221441,1.346797456,4786.840797,514.7927053
val_38,KIT-IK-001,val_10,val_17,val_27,1/6/2023,87520.52742,3.193128097,624,388,3.077151552,102.6767424,3.817756667,4884.934827,775.0402126
val_39,KIT-SU-001,val_5,val_8,val_42,1/6/2023,69496.97329,13.28357534,75,156,5.117545388,965.6658466,3.22473776,400.2819517,696.3970994
val_40,KIT-YB-001,val_4,val_15,val_4,1/6/2023,11940.69825,4.832953058,715,679,6.993613268,466.2442295,4.197785865,4534.310076,206.5438353
val_41,KIT-YB-001,val_11,val_55,val_31,1/6/2023,32507.38277,16.76231499,376,456,5.578533407,906.7043605,3.484431264,4843.354436,763.5076169
val_42,KIT-SU-001,val_16,val_15,val_7,1/7/2023,104289.1751,5.124669514,671,665,3.349301584,476.631948,4.282587579,7194.279322,506.8091296
val_43,KIT-YB-001,val_8,val_21,val_11,1/7/2023,16695.13015,3.99448673,241,562,6.579865639,699.6761889,2.375565325,5874.829964,987.4052448
val_44,KIT-LK-001,val_2,val_37,val_8,1/7/2023,120253.254,24.48339796,407,101,9.990210769,321.7147959,2.151747755,2235.999861,516.8094334
val_45,KIT-LK-001,val_4,val_6,val_26,1/7/2023,93946.6186,5.698455285,305,49,2.590018761,950.6654529,4.028985239,7137.369466,286.1808154
val_46,KIT-LK-001,val_3,val_16,val_30,1/7/2023,15578.21044,5.586893652,251,100,5.755596181,34.8944618,2.990874905,613.9796683,761.1418843
val_47,KIT-IK-001,val_17,val_10,val_36,1/7/2023,43378.787,20.81966731,342,223,4.38090517,697.4045812,1.717581454,4132.619746,29.29070129
val_48,KIT-IK-001,val_6,val_55,val_21,1/8/2023,21008.09042,1.717064642,53,224,2.965742942,950.379993,2.500076781,7517.350007,724.6319602
val_49,KIT-IK-001,val_7,val_55,val_45,1/8/2023,119741.3937,1.348143482,397,919,8.879430062,788.1486298,4.202630461,7562.995144,543.1797531
val_50,KIT-SU-001,val_1,val_45,val_17,1/8/2023,80177.46396,15.21433016,123,783,9.619934523,827.596279,4.695688726,2328.846787,175.6486702
val_51,KIT-IK-001,val_8,val_14,val_7,1/8/2023,923.0755391,12.90532282,519,880,4.151762043,299.16302,4.041289086,4202.434568,24.10339869
val_52,KIT-LK-001,val_18,val_36,val_1,1/8/2023,81664.09526,19.1527552,90,474,4.125615232,451.8479901,3.872501021,5600.829173,46.58080594
val_53,KIT-LK-001,val_8,val_39,val_6,1/8/2023,72679.1508,34.77326468,9,322,1.825858766,136.1809304,4.246591799,5054.858729,81.78705278
val_54,KIT-IK-001,val_13,val_52,val_21,1/8/2023,96639.92225,15.32778606,439,403,6.559778942,376.4055654,1.802121109,8287.856632,487.723571
val_55,KIT-YB-001,val_3,val_9,val_19,1/9/2023,5709.186295,20.24683154,298,868,1.238908212,8.435268132,3.318324642,8934.2203,707.586483
val_56,KIT-IK-001,val_2,val_44,val_41,1/9/2023,5796.155894,32.18967819,877,355,5.465893768,778.7696057,3.376742939,682.1582959,133.802536
val_57,KIT-SU-001,val_14,val_11,val_6,1/9/2023,52730.53171,17.01463279,264,633,2.375330794,953.0123473,4.783731726,8994.1558,158.9695448
val_58,KIT-IK-001,val_1,val_34,val_12,1/9/2023,103436.4454,27.38299429,399,144,7.050864562,700.8493507,1.061218181,10566.36211,814.0253409
val_59,KIT-IK-001,val_8,val_52,val_47,1/9/2023,100150.4348,19.29310825,236,982,9.360190847,810.2975937,4.882092024,10984.08952,227.9233694
val_60,KIT-LK-001,val_6,val_3,val_1,1/9/2023,42100.40509,22.37481222,890,642,1.799044196,513.4697255,3.904295713,860.5848917,827.9032307
val_61,KIT-SU-001,val_0,val_8,val_20,1/9/2023,32802.09791,32.65108492,789,967,7.999664327,191.6684703,1.089753697,10627.84347,95.04486684
val_62,KIT-LK-001,val_10,val_48,val_9,1/10/2023,102627.2768,0.224491137,172,294,8.475112925,720.8154616,3.07525021,2131.727628,836.9276872
val_63,KIT-LK-001,val_19,val_1,val_25,1/10/2023,4553.354052,31.55270815,251,617,2.585856765,299.2838049,1.27913719,4192.483308,732.5835732
val_64,KIT-SU-001,val_1,val_41,val_46,1/10/2023,83739.10809,17.51968228,186,274,9.303780715,459.5250048,3.41357904,4703.612498,147.6673012
val_65,KIT-SU-001,val_16,val_30,val_10,1/10/2023,63902.74699,21.31540005,151,468,6.588260554,900.6678447,2.806428832,3728.037099,337.9432338
val_66,KIT-IK-001,val_10,val_20,val_17,1/10/2023,36243.47928,15.86201742,240,323,5.814432474,372.9371325,4.08970506,3677.627026,333.1123029
val_67,KIT-LK-001,val_14,val_51,val_21,1/10/2023,78284.56436,9.279968301,852,142,7.042712543,289.3695177,3.317715529,2199.076049,133.843553
val_68,KIT-IK-001,val_1,val_50,val_38,1/10/2023,32966.56467,2.497050216,459,442,3.592982212,31.69450374,4.145521433,7976.386434,377.1183922
val_69,KIT-LK-001,val_17,val_19,val_47,1/11/2023,84866.08003,33.09037469,383,530,1.228697801,701.4568734,2.475144407,7049.323575,677.8351972
val_70,KIT-SU-001,val_0,val_0,val_4,1/11/2023,22771.58852,21.91089198,190,157,4.978461013,215.2199189,4.427548071,7439.550546,730.5490543
val_71,KIT-IK-001,val_18,val_7,val_23,1/11/2023,61151.09036,30.59678166,184,398,7.690117633,639.4166313,4.465224831,6352.000736,202.9039855
val_72,KIT-SU-001,val_13,val_6,val_36,1/11/2023,76808.73713,10.32012825,555,93,9.267853534,366.6041739,3.621754903,2805.860501,721.7848284
val_73,KIT-LK-001,val_6,val_58,val_0,1/11/2023,5239.303693,9.874363432,751,646,4.870934356,787.6756846,2.054869349,7118.442606,266.6606753
val_74,KIT-SU-001,val_0,val_35,val_38,1/11/2023,91802.22745,11.88529868,558,313,3.372829224,889.8944809,4.965723386,7913.977193,42.50374395
val_75,KIT-IK-001,val_12,val_40,val_11,1/11/2023,112672.1364,8.240130367,657,89,2.181659525,235.7032386,4.270934515,812.6955807,194.6341039
val_76,KIT-YB-001,val_1,val_13,val_24,1/12/2023,143432.9976,17.52938083,261,513,9.419449013,792.3111006,4.406606851,11855.3265,342.2371961
val_77,KIT-LK-001,val_12,val_51,val_46,1/12/2023,30867.38969,32.78120584,946,835,3.078505683,152.8137873,1.046204961,7041.464205,35.90774441
val_78,KIT-SU-001,val_15,val_43,val_30,1/12/2023,31699.9574,30.68698097,823,992,9.199641091,140.9273453,4.304578128,7732.32253,95.30205431
val_79,KIT-SU-001,val_5,val_45,val_47,1/12/2023,46072.20822,17.4294958,878,968,2.653805832,428.4456524,1.871042296,6922.244824,356.2473706
val_80,KIT-IK-001,val_4,val_28,val_28,1/12/2023,133669.2236,12.33693381,668,173,1.163194652,324.5095014,3.033024956,8350.493515,924.5871482
val_81,KIT-SU-001,val_4,val_41,val_10,1/12/2023,61325.14597,21.48673554,695,209,3.017982929,987.157771,3.817142213,7950.76472,635.8022879
val_82,KIT-LK-001,val_4,val_32,val_33,1/12/2023,45618.17505,21.50658305,70,893,5.435105832,803.9789839,2.641168975,9630.003363,934.3780849
val_83,KIT-IK-001,val_2,val_23,val_29,1/13/2023,111306.5269,23.9949903,161,633,4.138344956,890.2368863,1.974493513,2106.249867,37.23636113
val_84,KIT-IK-001,val_4,val_35,val_14,1/13/2023,6179.531548,18.8388809,132,543,9.169486629,135.9976569,3.000727556,2131.933735,868.0967609
val_85,KIT-YB-001,val_13,val_19,val_3,1/13/2023,82547.76944,1.131083055,483,802,5.905760831,713.9609568,2.199064868,2791.036778,135.6970238
val_86,KIT-YB-001,val_6,val_57,val_31,1/13/2023,67803.40367,2.846418804,588,64,2.059925374,604.2843059,3.461282727,11568.74761,236.9444032
val_87,KIT-SU-001,val_15,val_43,val_27,1/13/2023,93916.30251,34.08736949,118,554,6.62798788,99.23925087,1.438827477,4413.01952,100.3153705
val_88,KIT-LK-001,val_16,val_44,val_37,1/13/2023,109799.4012,26.16898827,752,573,4.500521662,793.6635942,2.633269967,3930.859515,411.1970609
val_89,KIT-LK-001,val_15,val_43,val_6,1/13/2023,49085.76364,33.19899207,549,936,7.110472109,853.781801,3.366410452,2905.848953,202.4516077
val_90,KIT-IK-001,val_10,val_26,val_25,1/14/2023,95644.36931,12.01549092,596,467,8.075590269,914.0929961,4.962085823,5880.584286,739.3524625
val_91,KIT-IK-001,val_6,val_57,val_39,1/14/2023,78887.14109,18.81623976,917,512,9.869963005,939.8205364,2.98183108,10882.73193,754.9257155
val_92,KIT-SU-001,val_18,val_12,val_42,1/14/2023,20528.18765,11.40392678,585,801,6.189814529,107.8105691,2.703543786,8155.311988,290.487509
val_93,KIT-YB-001,val_4,val_34,val_45,1/14/2023,132318.0681,31.83093963,3,270,4.300756033,882.172288,4.956850257,2415.580215,799.7893741
val_94,KIT-YB-001,val_9,val_4,val_10,1/14/2023,113311.2301,10.21312173,769,70,4.902403163,945.3600192,4.701539958,10080.75761,163.6540131
val_95,KIT-SU-001,val_9,val_17,val_8,1/14/2023,138287.2931,24.34463337,876,472,4.623595696,690.794195,3.691867027,11356.95557,40.25335002
val_96,KIT-SU-001,val_14,val_34,val_27,1/15/2023,108200.4864,6.291934006,83,611,5.054835989,183.8513359,3.179093201,8614.038232,165.0407122
val_97,KIT-YB-001,val_10,val_29,val_22,1/15/2023,37098.58079,3.862750497,539,488,1.270528017,400.8376712,2.08358135,7204.758635,245.7765595
val_98,KIT-SU-001,val_15,val_56,val_11,1/15/2023,64863.67066,5.616082838,470,707,3.225954148,90.11024479,3.495411126,8126.903407,50.32778884
val_99,KIT-YB-001,val_18,val_36,val_4,1/15/2023,58336.8296,18.62504328,151,253,9.88984724,4.24644548,4.33589368,8884.526774,109.7863464
val_100,KIT-IK-001,val_7,val_24,val_6,1/15/2023,5855.378929,29.59002821,276,14,9.352130744,920.0620845,4.926346588,10340.9418,302.7026987
val_101,KIT-LK-001,val_17,val_25,val_16,1/15/2023,61876.94887,34.97493444,856,787,1.434600707,972.3384096,1.683883237,7972.313966,852.4465346
val_102,KIT-IK-001,val_3,val_36,val_35,1/15/2023,52162.63337,21.86936993,392,851,9.816227899,919.2928904,2.096226236,6471.412642,855.4722066
val_103,KIT-SU-001,val_18,val_47,val_3,1/16/2023,1086.606037,18.76940291,537,618,8.127587464,253.962583,4.537703448,2352.908045,993.5755719
val_104,KIT-SU-001,val_3,val_16,val_5,1/16/2023,127144.9272,27.58351415,777,314,1.024724135,621.1109305,4.443860415,4615.859414,98.00741063
val_105,KIT-SU-001,val_17,val_35,val_12,1/16/2023,22009.22654,2.418298249,448,370,9.221171997,499.697625,3.866635306,1198.207031,1.841494863
val_106,KIT-YB-001,val_7,val_34,val_41,1/16/2023,75392.34902,28.36702379,892,480,9.643323082,496.0475716,1.414925157,8796.620485,565.6113999
val_107,KIT-IK-001,val_19,val_0,val_47,1/16/2023,117809.3346,26.59160803,500,422,6.658822163,428.3338219,3.825021431,11909.0542,603.2454781
val_108,KIT-IK-001,val_2,val_54,val_21,1/16/2023,90869.96468,18.62804511,986,223,8.094961016,941.1804556,2.876236384,1332.391317,236.1750149
val_109,KIT-YB-001,val_9,val_34,val_2,1/16/2023,25818.00819,0.999946756,147,372,3.992784899,790.8893958,2.48500464,5394.310811,797.0417157
val_110,KIT-SU-001,val_18,val_14,val_0,1/17/2023,92922.56329,7.236454922,889,298,6.150891354,846.8685674,2.002745622,8460.898339,955.952605
val_111,KIT-SU-001,val_0,val_38,val_41,1/17/2023,113760.7357,13.06599846,112,448,7.583949542,34.61067543,2.271922624,553.0785007,331.687039
val_112,KIT-YB-001,val_5,val_40,val_21,1/17/2023,128287.2952,32.95453346,813,375,6.051348035,411.9501671,3.143171837,5386.943581,945.8355649
val_113,KIT-IK-001,val_1,val_54,val_3,1/17/2023,48138.73708,22.41941108,662,528,3.741445663,597.9782651,1.647799345,9578.367693,104.2738711
val_114,KIT-IK-001,val_6,val_2,val_40,1/17/2023,5571.24938,17.95122294,560,807,6.842802442,658.7215105,3.037221834,3659.855218,475.6406351
val_115,KIT-IK-001,val_7,val_24,val_25,1/17/2023,91388.25686,17.19723943,881,331,8.54577033,894.8797721,1.192813228,7984.485015,197.1685415
val_116,KIT-IK-001,val_12,val_10,val_16,1/17/2023,34252.39227,27.34315546,641,57,8.524073934,167.0029209,2.642547953,7366.621289,584.4318295
val_117,KIT-LK-001,val_5,val_34,val_21,1/18/2023,117243.8136,11.46233232,695,818,2.189538702,90.03671367,4.84010585,8460.36418,71.13014315
val_118,KIT-LK-001,val_3,val_30,val_10,1/18/2023,102142.3156,3.489463172,755,186,5.008787166,893.1988642,3.955900553,3033.860986,504.3629138
val_119,KIT-IK-001,val_3,val_28,val_44,1/18/2023,116091.4348,23.76110711,841,929,1.348653007,506.6192418,1.274408302,2186.344035,173.1716614
val_120,KIT-LK-001,val_18,val_58,val_37,1/18/2023,145145.9144,11.64975708,232,529,6.6948998,539.2155631,3.75134494,399.5504569,417.4508096
val_121,KIT-SU-001,val_19,val_31,val_9,1/18/2023,87889.83557,11.53063073,845,523,3.179459934,890.0006587,1.784452661,5868.122397,688.0522008
val_122,KIT-LK-001,val_4,val_24,val_35,1/18/2023,135694.8758,16.02409022,589,409,9.373193542,749.8099723,2.896657492,2404.690416,333.7852617
val_123,KIT-LK-001,val_3,val_4,val_8,1/18/2023,96463.06068,8.647143956,32,712,6.564303485,730.7544892,2.176674045,7884.24475,540.4469746
val_124,KIT-IK-001,val_1,val_17,val_21,1/19/2023,27670.77976,32.27524804,919,653,4.605558533,186.0284612,4.7366441,6680.300349,971.4945125
val_125,KIT-LK-001,val_19,val_53,val_35,1/19/2023,119996.5728,29.67457069,771,931,7.583168703,621.4102926,1.21776066,10037.8306,875.3168431
val_126,KIT-IK-001,val_14,val_27,val_1,1/19/2023,104207.9443,34.68987392,892,16,2.866525256,450.0712271,4.523832157,9662.859306,996.966737
val_127,KIT-IK-001,val_15,val_54,val_34,1/19/2023,146701.9968,33.7662981,772,192,1.822886253,611.0414987,3.805514675,4462.297744,177.0412661
val_128,KIT-SU-001,val_5,val_31,val_10,1/19/2023,36893.08235,11.14304601,345,277,1.786433777,575.6771776,2.451156676,3695.961227,494.1328374
val_129,KIT-LK-001,val_12,val_32,val_33,1/19/2023,50302.26468,13.44480896,350,189,6.245246439,26.27997491,4.518570195,1169.634331,784.2406191
val_130,KIT-IK-001,val_1,val_25,val_23,1/19/2023,123312.9085,24.49937806,276,949,8.999816911,343.8754055,2.625211465,9125.190579,929.0030343
val_131,KIT-LK-001,val_13,val_33,val_1,1/20/2023,9901.994906,0.751437409,410,72,3.004822943,457.8032071,3.793480166,6055.214457,240.8916346
val_132,KIT-SU-001,val_11,val_4,val_36,1/20/2023,95163.36481,34.78733321,34,121,7.840435472,500.2219216,4.151461869,4168.305984,987.7573394
val_133,KIT-LK-001,val_6,val_3,val_12,1/20/2023,80553.66988,0.577339256,746,442,1.338611731,99.46926964,2.145563787,8502.013356,441.3502323
val_134,KIT-YB-001,val_14,val_28,val_45,1/20/2023,25738.8699,18.69571019,753,264,4.180060659,898.5389014,1.28902305,3434.437652,772.1053229
val_135,KIT-YB-001,val_12,val_35,val_40,1/20/2023,25185.69553,23.47077086,987,331,6.883448586,334.3156927,4.4725034,5840.790914,518.3842123
val_136,KIT-IK-001,val_8,val_33,val_9,1/20/2023,121624.5444,32.01229152,551,604,8.436255063,489.4219754,1.925149008,5344.350364,297.6024645
val_137,KIT-IK-001,val_3,val_25,val_28,1/21/2023,2809.050738,22.61594396,988,561,9.488726024,663.7274143,4.727228002,3388.720584,108.9004209
val_138,KIT-LK-001,val_0,val_17,val_17,1/21/2023,112152.7953,20.97451423,210,865,6.693133285,719.0816361,2.260158743,9527.194519,161.8503131
val_139,KIT-SU-001,val_18,val_42,val_28,1/21/2023,110033.7504,10.65250361,474,451,5.164068093,378.0275156,2.659583368,8546.566775,647.3956355
val_140,KIT-IK-001,val_5,val_36,val_26,1/21/2023,97627.15647,20.76406454,783,938,1.545727528,129.1128263,2.721240765,6330.488278,553.867624
val_141,KIT-IK-001,val_6,val_2,val_14,1/21/2023,61722.89063,26.28961265,790,190,3.480828822,207.3176692,2.871556781,8356.696701,432.7569606
val_142,KIT-LK-001,val_13,val_27,val_31,1/21/2023,4733.942187,18.14259043,774,194,9.308006252,165.0518574,4.85104983,1254.905639,626.0936152
val_143,KIT-IK-001,val_5,val_42,val_12,1/21/2023,120365.6119,27.33130838,466,391,6.246068888,244.1378045,1.980347316,5271.985424,507.3903643
val_144,KIT-SU-001,val_7,val_47,val_43,1/22/2023,19293.22697,2.622534031,73,116,4.084095595,603.6463313,3.43309599,7281.788889,141.3178906
val_145,KIT-LK-001,val_14,val_17,val_45,1/22/2023,42477.72888,11.87113529,866,28,3.23935186,535.7588205,2.176524619,4847.048434,261.5492822
val_146,KIT-YB-001,val_11,val_55,val_7,1/22/2023,142044.0476,33.60152491,381,371,2.022913249,168.6304478,1.523720717,8626.661069,431.7914644
val_147,KIT-LK-001,val_13,val_39,val_34,1/22/2023,45628.22346,11.45586557,650,537,7.764444807,681.5165044,2.155088264,6362.165108,397.8312
val_148,KIT-YB-001,val_0,val_26,val_44,1/22/2023,38643.30298,21.8405645,133,278,4.711385229,63.70469926,3.209616433,4718.011882,902.5256581
val_149,KIT-SU-001,val_9,val_37,val_6,1/22/2023,146018.898,18.29198957,937,271,9.428944288,909.6070218,3.427959846,5101.126091,941.9149665
val_150,KIT-LK-001,val_9,val_52,val_35,1/22/2023,13346.86421,32.79451566,257,97,5.089525401,566.1908318,2.054885324,8651.673468,534.053944
val_151,KIT-IK-001,val_12,val_13,val_45,1/23/2023,24523.21299,5.864461299,998,112,8.365389072,590.4173249,4.949257785,976.5364232,265.6502422
val_152,KIT-LK-001,val_3,val_9,val_10,1/23/2023,66028.46847,10.61870586,716,884,2.172138609,285.8938414,2.450970071,10090.1976,798.8713209
val_153,KIT-IK-001,val_3,val_26,val_27,1/23/2023,118257.1326,30.21073023,330,65,2.358168645,511.637003,4.328151732,876.8215201,181.8352713
val_154,KIT-IK-001,val_15,val_5,val_38,1/23/2023,132711.6614,23.38384856,369,703,3.458907233,426.2572907,1.140135525,1765.554696,492.166811
val_155,KIT-SU-001,val_13,val_50,val_16,1/23/2023,113467.5405,19.09811775,980,715,2.721111935,950.7464461,3.780872299,9760.487722,994.2451209
val_156,KIT-YB-001,val_16,val_58,val_11,1/23/2023,146438.1672,13.94253364,594,203,9.790665285,76.22145741,2.213850293,4618.627521,874.7670078
val_157,KIT-YB-001,val_5,val_36,val_19,1/23/2023,3018.49832,14.51377707,693,247,8.273275756,458.7356356,3.147556729,5621.219194,929.5842449
val_158,KIT-SU-001,val_19,val_58,val_16,1/24/2023,93116.22997,32.73530936,613,367,4.135710191,791.5173505,4.346413738,4598.544924,97.87726535
val_159,KIT-YB-001,val_5,val_4,val_34,1/24/2023,17893.75718,23.55343104,238,659,5.678408415,544.5770908,3.899378103,1297.947272,462.1468452
val_160,KIT-IK-001,val_13,val_37,val_17,1/24/2023,136599.2297,32.53262385,132,36,5.799233051,565.2179618,2.43853431,7380.982415,769.1035829
val_161,KIT-LK-001,val_3,val_26,val_18,1/24/2023,140328.4275,34.03207659,3,816,6.464881495,911.2156147,3.929917854,8331.034849,156.0139109
val_162,KIT-LK-001,val_18,val_16,val_45,1/24/2023,45802.71855,19.23587861,405,341,1.93255073,375.6927848,2.655989986,2441.218315,768.9638423
val_163,KIT-SU-001,val_6,val_18,val_27,1/24/2023,124242.426,21.42413529,684,500,4.140821485,2.064355531,1.253945546,9074.784474,341.7866645
val_164,KIT-LK-001,val_16,val_32,val_44,1/24/2023,94726.19852,23.04149953,301,910,1.773368195,925.6714137,3.662339679,1377.668038,887.2117069
val_165,KIT-LK-001,val_6,val_38,val_34,1/25/2023,15523.07328,29.4030813,222,133,9.271586968,33.05974831,4.747264792,9342.864805,417.6025021
val_166,KIT-LK-001,val_15,val_9,val_42,1/25/2023,90613.83982,23.1356956,389,948,4.631084862,797.4041239,1.334609053,8475.765814,250.2675085
val_167,KIT-SU-001,val_9,val_36,val_9,1/25/2023,146420.5274,4.189730292,231,615,7.543153398,139.5942184,3.750501207,10962.97548,916.8643498
val_168,KIT-SU-001,val_1,val_55,val_45,1/25/2023,46560.06033,32.99656781,435,427,9.287437686,20.68418774,4.358935998,9799.271407,712.7919995
val_169,KIT-LK-001,val_3,val_0,val_45,1/25/2023,670.5460338,23.20051567,552,71,3.784935935,354.6702373,3.386530391,10165.04714,462.9722625
val_170,KIT-YB-001,val_13,val_52,val_1,1/25/2023,146530.3557,30.47312106,272,67,1.790642759,864.0564268,2.941608994,11500.94146,961.0288653
val_171,KIT-SU-001,val_3,val_36,val_17,1/25/2023,62390.52091,14.98087355,30,817,4.025946204,36.93786907,1.948847732,10163.13915,602.3870087
val_172,KIT-YB-001,val_5,val_20,val_19,1/26/2023,64924.44879,16.72012925,101,402,7.038887881,262.6801075,1.775406129,9597.601792,587.0432454
val_173,KIT-LK-001,val_10,val_44,val_20,1/26/2023,107035.5115,24.17220107,416,762,5.498177199,279.0492281,2.585186235,2514.289358,361.2280421
val_174,KIT-IK-001,val_5,val_37,val_37,1/26/2023,90855.61538,27.21885872,177,834,1.67458211,94.80693251,3.565151966,9109.876099,834.7153964
val_175,KIT-YB-001,val_2,val_46,val_33,1/26/2023,45646.99854,2.930363107,800,402,1.631766131,92.55804354,2.258688423,7665.936234,585.282073
val_176,KIT-YB-001,val_12,val_4,val_10,1/26/2023,15446.69286,14.37553061,165,316,7.296054446,908.1806152,2.953623597,11546.4473,621.6477891
val_177,KIT-IK-001,val_13,val_3,val_29,1/26/2023,124190.6967,26.99100203,27,269,7.628908051,695.295655,3.399957293,8696.400728,936.2108606
val_178,KIT-IK-001,val_14,val_38,val_46,1/26/2023,72764.88786,34.72981037,619,637,1.985570028,311.1375352,1.839918509,3263.006826,269.9254251
val_179,KIT-LK-001,val_18,val_18,val_21,1/27/2023,101034.9069,0.605157302,624,710,8.152461031,238.3207815,3.965581043,2136.695945,790.9117781
val_180,KIT-SU-001,val_2,val_14,val_44,1/27/2023,129145.4527,9.415326315,672,349,4.110032086,42.88121289,3.514595099,3520.022356,810.7673708
val_181,KIT-LK-001,val_8,val_25,val_31,1/27/2023,3149.495703,16.37673065,158,567,1.613882243,358.7872312,3.3673357,5865.657998,63.38479062
val_182,KIT-SU-001,val_4,val_43,val_44,1/27/2023,128978.0989,7.958371222,681,540,4.004749352,301.1345662,2.91244503,7899.596635,722.3344384
val_183,KIT-LK-001,val_18,val_10,val_43,1/27/2023,112893.3913,1.13689251,863,145,7.574275979,917.0798086,2.459222928,2738.087888,830.3811385
val_184,KIT-YB-001,val_10,val_58,val_0,1/27/2023,142049.8516,18.97609724,605,526,6.902004152,220.5085651,3.195254108,2947.281496,536.3659088
val_185,KIT-YB-001,val_1,val_25,val_38,1/28/2023,35421.82539,22.79907159,391,759,5.333237897,405.1472442,4.062926246,3762.004031,111.1829258
val_186,KIT-YB-001,val_13,val_9,val_9,1/28/2023,48702.13941,14.67895972,481,963,3.51687412,682.0140861,3.82404145,9725.938255,78.9285695
val_187,KIT-SU-001,val_0,val_4,val_39,1/28/2023,99391.07202,13.07175717,812,334,4.761380644,321.1803748,3.950845917,4511.959505,23.55183472
val_188,KIT-LK-001,val_5,val_51,val_38,1/28/2023,138906.0518,34.49924749,143,238,4.434496125,781.7859599,1.837669955,1124.893256,366.1083599
val_189,KIT-YB-001,val_14,val_6,val_12,1/28/2023,148904.0695,16.81799261,724,894,4.510204517,726.2564249,4.118738534,6631.415831,621.2149851
val_190,KIT-SU-001,val_10,val_25,val_3,1/28/2023,62802.27876,27.97281697,269,920,5.407236554,35.46895004,2.341648889,270.1969864,570.1229946
val_191,KIT-YB-001,val_15,val_40,val_20,1/28/2023,81114.83652,10.19366119,878,830,5.097554539,855.8306278,1.932327755,8149.707532,509.7758712
val_192,KIT-LK-001,val_11,val_30,val_14,1/29/2023,25997.37564,29.09055121,139,335,1.922220151,363.9000717,1.486204493,10136.49036,417.251467
val_193,KIT-IK-001,val_16,val_15,val_26,1/29/2023,104249.3174,28.86474918,517,276,3.611526096,95.85574309,4.321309594,2163.307933,680.8697571
val_194,KIT-LK-001,val_11,val_6,val_3,1/29/2023,125686.8782,9.516033826,400,625,2.161983663,698.3455986,3.492789358,10166.27846,883.2412316
val_195,KIT-IK-001,val_1,val_42,val_2,1/29/2023,119898.0722,23.02375233,486,255,6.418865931,747.1466484,4.365223717,8212.479191,826.4838891
val_196,KIT-IK-001,val_1,val_29,val_20,1/29/2023,52203.53519,23.93412119,382,770,4.805335154,71.00969785,3.24566322,1362.923026,715.039654
val_197,KIT-LK-001,val_15,val_2,val_36,1/29/2023,144507.9703,15.60302041,37,398,7.047331371,353.9206552,4.441121775,2889.152679,292.3274373
val_198,KIT-YB-001,val_0,val_10,val_15,1/29/2023,18491.81476,27.12754619,858,327,1.788428817,895.4804886,3.226284922,2882.600714,940.451393
val_199,KIT-LK-001,val_7,val_33,val_15,1/30/2023,74348.51726,10.87960709,534,805,4.104181655,669.4379694,3.583378286,2627.649867,861.2229739
val_200,KIT-IK-001,val_0,val_10,val_7,1/30/2023,83412.27096,17.05266,600,355,2.623165633,533.9216995,1.225442216,4147.696497,947.7741239
val_201,KIT-IK-001,val_6,val_23,val_13,1/30/2023,80708.82163,34.65727936,522,130,1.828789431,504.1129883,3.678634678,10910.54571,619.0565
val_202,KIT-SU-001,val_11,val_7,val_14,1/30/2023,113804.6716,6.417913374,529,795,7.961021012,608.4163326,3.390846584,2844.861093,332.9756553
val_203,KIT-LK-001,val_3,val_47,val_12,1/30/2023,91636.28126,5.342838726,607,316,2.178429592,653.0209352,1.968304817,11135.07872,452.1552447
val_204,KIT-SU-001,val_9,val_37,val_16,1/30/2023,12030.85028,5.148514321,419,655,2.574234263,68.83657877,1.450935289,6685.968655,327.3659245
val_205,KIT-YB-001,val_19,val_47,val_13,1/30/2023,27387.82219,34.93420266,131,659,4.300999288,334.14829,2.388739226,6301.028135,350.931078
val_206,KIT-LK-001,val_1,val_3,val_32,1/31/2023,80069.73359,5.764982025,29,83,3.634865111,526.6519522,1.240730835,8150.613346,425.5740643
val_207,KIT-YB-001,val_1,val_22,val_16,1/31/2023,104334.8664,6.820325442,540,33,9.278368195,730.341473,3.40331702,9706.986748,935.0046072
val_208,KIT-YB-001,val_5,val_16,val_36,1/31/2023,77369.09257,24.37857317,186,821,9.897817915,742.7747267,3.183771687,11500.10547,497.4704554
val_209,KIT-IK-001,val_16,val_37,val_29,1/31/2023,53648.41362,26.63048254,454,55,4.801606312,605.5093322,4.671262244,231.7374899,404.3729938
val_210,KIT-YB-001,val_8,val_49,val_30,1/31/2023,8144.616981,18.54173343,605,332,2.810213507,586.5248307,3.070246435,4897.950261,639.3730017
val_211,KIT-LK-001,val_12,val_13,val_28,1/31/2023,117989.1945,34.39688535,596,762,5.483005177,367.7508518,3.918922554,2312.562769,286.3443321
val_212,KIT-SU-001,val_0,val_46,val_44,1/31/2023,74830.53886,1.554029035,168,177,5.461017434,834.7000665,3.655940303,1990.650162,8.806366513
val_213,KIT-YB-001,val_14,val_34,val_12,2/1/2023,81048.97502,21.80456624,661,522,5.194347755,916.4002298,3.798655533,1934.902042,729.8943043
val_214,KIT-LK-001,val_1,val_49,val_47,2/1/2023,70609.24197,21.30513232,941,115,1.18302606,846.3174108,2.254608686,8575.366581,332.4529908
val_215,KIT-IK-001,val_14,val_4,val_9,2/1/2023,40169.13965,11.3793186,361,558,2.15539259,871.9209939,2.661400359,803.4626271,237.483401
val_216,KIT-SU-001,val_2,val_59,val_6,2/1/2023,41817.83298,31.50052836,118,714,2.269077298,908.8100784,1.479078597,10073.35169,535.0271417
val_217,KIT-IK-001,val_17,val_26,val_39,2/1/2023,9993.367694,19.44028337,504,249,4.165849914,202.0636355,3.601888866,9080.291398,161.0988754
val_218,KIT-IK-001,val_5,val_16,val_43,2/1/2023,106286.0529,8.772641332,617,282,6.22709082,513.8765717,2.209751331,5029.390241,277.9721034
val_219,KIT-YB-001,val_3,val_10,val_4,2/1/2023,41144.99453,3.274876364,395,532,8.900591745,534.5402977,3.195170043,5220.424437,512.2991631
val_220,KIT-LK-001,val_6,val_59,val_28,2/2/2023,45134.92155,3.927737495,599,792,3.010205688,485.4249041,4.686094932,8204.676463,974.3891966
val_221,KIT-SU-001,val_0,val_53,val_24,2/2/2023,149028.2681,31.42705777,766,545,7.94080052,848.4885196,3.731656596,327.1003536,243.9203778
val_222,KIT-IK-001,val_3,val_7,val_10,2/2/2023,58178.9771,8.910744929,578,702,3.035870734,325.0389332,2.070664691,4768.180078,467.0354412
val_223,KIT-LK-001,val_11,val_26,val_24,2/2/2023,76849.23256,31.7637845,797,414,1.293550312,161.3137063,3.058588704,2325.606064,528.0164694
val_224,KIT-IK-001,val_6,val_44,val_32,2/2/2023,58277.72856,4.380103226,146,128,6.848724987,274.3006135,3.408707553,2333.184251,712.9084727
val_225,KIT-IK-001,val_7,val_35,val_27,2/2/2023,43883.57143,34.44094694,293,965,2.931696377,143.1276507,4.400613902,6696.963779,522.0021117
val_226,KIT-SU-001,val_16,val_11,val_24,2/3/2023,1374.685368,29.20054767,555,797,9.276895075,404.7900451,4.175044816,3101.957901,733.4026512
val_227,KIT-YB-001,val_2,val_21,val_42,2/3/2023,128305.509,4.244760208,259,49,9.400774724,116.8110999,2.260942714,4627.168613,864.2101766
val_228,KIT-SU-001,val_7,val_22,val_10,2/3/2023,71236.47448,3.194766298,995,276,1.945286092,87.57576332,4.67856648,8664.326095,282.7850741
val_229,KIT-LK-001,val_3,val_17,val_29,2/3/2023,108123.6004,28.15961395,679,415,2.752468121,451.0052495,1.58955193,7523.930805,835.6610048
val_230,KIT-IK-001,val_9,val_57,val_15,2/3/2023,143819.1754,2.916705684,412,81,2.893722479,601.1407482,2.104352933,4094.268649,262.7298541
val_231,KIT-SU-001,val_6,val_12,val_46,2/3/2023,923.2853231,9.323898301,774,858,9.202946556,607.6418792,1.135457624,785.3117577,809.3494548
val_232,KIT-LK-001,val_0,val_42,val_12,2/3/2023,101418.4212,28.08349336,984,172,1.70221425,92.28665325,2.245054241,514.6619421,636.6543
val_233,KIT-LK-001,val_1,val_54,val_41,2/4/2023,18236.78525,31.78378443,10,206,7.760512337,971.5749504,2.656194022,5953.04403,568.534151
val_234,KIT-LK-001,val_17,val_47,val_30,2/4/2023,68965.77612,26.91429163,557,317,3.589341643,121.7462887,1.965233047,5174.066295,463.9324103
val_235,KIT-SU-001,val_1,val_47,val_10,2/4/2023,127093.9211,31.16827016,427,935,6.241911053,660.4634643,1.050448641,9598.062428,545.4252597
val_236,KIT-IK-001,val_15,val_9,val_36,2/4/2023,11188.62942,19.68411329,755,226,2.595538521,888.6404968,1.042057084,1167.896047,234.5790527
val_237,KIT-IK-001,val_18,val_7,val_11,2/4/2023,148447.216,27.33046844,308,425,8.258766919,884.7660421,4.695864093,10229.15592,498.0662681
val_238,KIT-SU-001,val_9,val_46,val_12,2/4/2023,87334.9563,12.17768423,325,683,7.036947468,512.1289662,3.939225303,2707.881388,608.5061966
val_239,KIT-SU-001,val_6,val_44,val_16,2/4/2023,59551.52211,27.5254496,767,156,1.190320641,277.4528013,3.793581122,4338.628408,381.5662957
val_240,KIT-YB-001,val_15,val_44,val_32,2/5/2023,3416.784668,23.85498358,891,89,3.134192988,827.8694792,4.142935599,10347.15482,381.8370093
val_241,KIT-SU-001,val_19,val_25,val_18,2/5/2023,88230.05019,20.20408622,143,93,5.197152367,612.5897962,3.776757709,10084.32416,347.4202803
val_242,KIT-IK-001,val_2,val_31,val_27,2/5/2023,74486.12437,34.73208596,615,183,5.780579066,791.0465946,1.24582974,6275.875992,817.9018572
val_243,KIT-LK-001,val_19,val_0,val_26,2/5/2023,32689.89182,16.54832747,779,327,8.445443317,399.9920338,4.702923735,1163.652188,384.4419406
val_244,KIT-LK-001,val_18,val_17,val_9,2/5/2023,73821.90627,21.74980387,164,941,4.482681158,913.4286601,2.715242685,7167.63543,580.3263812
val_245,KIT-YB-001,val_2,val_31,val_11,2/5/2023,2411.994971,17.9447179,662,920,9.341599657,929.5926691,2.813707233,9188.576633,972.2121242
val_246,KIT-IK-001,val_1,val_7,val_14,2/5/2023,149921.9033,9.265794617,980,569,2.744968612,737.3470957,4.546278118,3295.279165,30.09439479
val_247,KIT-YB-001,val_14,val_7,val_10,2/6/2023,50151.10895,11.69671874,843,940,8.719416845,942.5668311,1.818011817,2360.128914,219.9030136
val_248,KIT-IK-001,val_1,val_2,val_44,2/6/2023,72293.21114,34.26174472,194,28,9.13869577,453.4982076,2.25127824,6065.096062,925.2256896
val_249,KIT-SU-001,val_12,val_12,val_18,2/6/2023,117824.3361,13.84544394,991,563,6.640182702,194.4636201,4.420047176,9041.808738,716.705475
val_250,KIT-SU-001,val_1,val_59,val_19,2/6/2023,107060.3624,23.84333811,357,444,9.707714277,655.9040466,3.078645966,6157.689954,376.4586222
val_251,KIT-IK-001,val_13,val_41,val_32,2/6/2023,133339.5766,19.93498478,477,118,4.695285667,653.3650894,2.680599319,3025.690586,89.76947573
val_252,KIT-SU-001,val_4,val_56,val_37,2/6/2023,141228.1977,31.16522346,291,553,7.293548471,491.3220257,4.81824885,10453.21364,513.9344874
val_253,KIT-LK-001,val_1,val_15,val_33,2/6/2023,28782.08573,26.56761472,700,457,1.090879116,260.6185619,4.554869172,10489.68011,783.8701903
val_254,KIT-IK-001,val_1,val_35,val_26,2/7/2023,58864.77701,3.006668929,125,764,3.472124088,624.3429527,4.549557961,7968.314007,422.8899192
val_255,KIT-LK-001,val_3,val_53,val_46,2/7/2023,103179.1403,12.56937713,710,418,6.097321057,180.7797387,1.848808735,1076.619371,843.9808332
val_256,KIT-IK-001,val_10,val_21,val_43,2/7/2023,7231.129177,24.97459129,55,429,8.883403849,753.2989534,4.375587729,2939.073242,290.4880646
val_257,KIT-SU-001,val_1,val_39,val_9,2/7/2023,107683.2635,5.815216919,845,231,9.576331053,906.8120326,3.626777366,7500.237473,495.1607591
val_258,KIT-LK-001,val_16,val_41,val_7,2/7/2023,1230.07428,17.71968352,326,472,6.214900352,166.6212059,3.766110078,9419.378599,90.18371705
val_259,KIT-SU-001,val_12,val_49,val_18,2/7/2023,137156.2272,11.25836288,518,76,8.702834799,820.2713054,1.191322883,5796.275917,525.5707025
val_260,KIT-IK-001,val_5,val_58,val_40,2/7/2023,107866.3327,2.453447197,228,566,8.193091682,198.472017,3.222938128,3787.720473,861.0559851
val_261,KIT-YB-001,val_19,val_36,val_46,2/8/2023,85042.12628,34.90068386,107,381,7.963065902,500.4242857,1.874245407,10637.35688,152.2023645
val_262,KIT-YB-001,val_13,val_34,val_33,2/8/2023,64620.69536,32.54188806,23,273,2.003128249,929.246117,4.708463329,4699.717485,609.567158
val_263,KIT-IK-001,val_13,val_52,val_33,2/8/2023,148209.7029,26.21391017,980,372,5.307750954,82.71071756,3.246530852,11011.63554,314.2585243
val_264,KIT-YB-001,val_3,val_41,val_11,2/8/2023,110608.5041,7.195699067,136,892,5.376335257,89.76672005,3.469559522,6481.623453,353.4152423
val_265,KIT-LK-001,val_14,val_21,val_28,2/8/2023,121190.2971,34.60071154,56,704,8.087124103,958.7234835,1.973139776,7448.491983,8.582307183
val_266,KIT-LK-001,val_11,val_37,val_8,2/8/2023,123895.056,22.15157145,514,853,6.274967611,158.8493554,2.68550447,1674.494113,532.9918134
val_267,KIT-IK-001,val_19,val_32,val_25,2/8/2023,3770.302527,33.81942524,963,394,8.3786743,342.0476287,3.11760627,3357.500162,985.3289725
val_268,KIT-IK-001,val_9,val_13,val_9,2/9/2023,8675.315567,1.681745974,83,394,9.608055217,458.9940002,4.248160717,11701.28317,146.863341
val_269,KIT-IK-001,val_13,val_30,val_3,2/9/2023,30155.56537,6.236780963,255,13,5.991974686,6.695979139,3.446346929,8680.277077,234.2543263
val_270,KIT-YB-001,val_6,val_37,val_46,2/9/2023,98455.03062,23.76819161,556,682,8.125399304,188.080392,1.452146875,5829.480368,226.300405
val_271,KIT-SU-001,val_0,val_54,val_42,2/9/2023,93780.40483,31.76985395,492,20,6.045039878,828.4054205,2.803124684,6352.839942,562.1312209
val_272,KIT-SU-001,val_2,val_34,val_32,2/9/2023,49111.95144,6.317221005,145,973,6.631324125,518.8538394,2.182090899,1235.983541,189.9081383
val_273,KIT-LK-001,val_17,val_9,val_30,2/9/2023,145963.3151,11.23501874,951,688,5.284056945,393.8979901,3.155663302,9443.294662,951.6544878
val_274,KIT-YB-001,val_14,val_59,val_11,2/10/2023,14419.443,20.66857114,358,466,9.636358274,681.9696777,2.879340417,1042.119385,696.3236415
val_275,KIT-SU-001,val_7,val_34,val_27,2/10/2023,116619.6584,34.9882035,677,661,8.358195774,324.7691642,1.089312426,4766.510071,625.2961658
val_276,KIT-SU-001,val_13,val_17,val_35,2/10/2023,72391.12939,28.02834502,458,994,7.767472438,438.5384472,1.83006768,5045.697078,3.972257613
val_277,KIT-YB-001,val_0,val_45,val_25,2/10/2023,63115.7129,32.33998471,586,160,3.966249927,993.7263525,3.64031562,7316.403003,470.5814749
val_278,KIT-YB-001,val_0,val_23,val_13,2/10/2023,4321.966483,23.6904362,905,746,5.368734917,774.2861495,3.177316742,5103.288552,809.4351551
val_279,KIT-SU-001,val_10,val_22,val_18,2/10/2023,109306.0464,30.73252022,326,867,8.766180773,553.9733051,1.213125332,11536.41303,506.9939454
val_280,KIT-YB-001,val_12,val_50,val_40,2/10/2023,115850.5389,17.84516712,815,587,9.427449134,526.7454602,3.390669209,9615.253653,738.2785508
val_281,KIT-YB-001,val_18,val_52,val_12,2/11/2023,48184.14577,4.520720496,292,663,9.977950094,844.271959,3.013024502,11520.04227,682.0577152
val_282,KIT-SU-001,val_15,val_31,val_46,2/11/2023,77785.94915,24.89259819,317,506,7.60986316,600.8669494,1.600806232,6321.069867,929.4679838
val_283,KIT-YB-001,val_5,val_22,val_36,2/11/2023,91163.09742,21.1313273,32,154,7.577546971,339.2786547,1.007837066,3766.371798,366.6449024
val_284,KIT-IK-001,val_16,val_51,val_42,2/11/2023,55462.96381,17.09018223,347,981,1.844878155,417.7917065,2.341664999,11779.46118,825.3668619
val_285,KIT-YB-001,val_9,val_10,val_24,2/11/2023,92529.50992,9.76968386,586,287,7.763867495,183.3896952,4.118773057,1158.441086,260.4309531
val_286,KIT-SU-001,val_16,val_44,val_10,2/11/2023,65401.99538,27.49026482,640,385,4.120671831,959.5205802,1.532120615,11139.53974,557.5318267
val_287,KIT-SU-001,val_3,val_35,val_1,2/11/2023,131771.4434,28.75027083,430,974,8.781611822,652.2063111,4.777726711,1330.226382,617.9439812
val_288,KIT-LK-001,val_0,val_51,val_25,2/12/2023,107917.7274,12.87365983,356,56,1.101257012,398.5704208,3.169813988,9721.494781,442.7179011
val_289,KIT-IK-001,val_1,val_25,val_19,2/12/2023,17019.74748,32.48627627,224,408,9.409470777,359.8879211,4.033579624,9403.193231,102.3654723
val_290,KIT-LK-001,val_19,val_49,val_5,2/12/2023,120040.676,13.06701096,905,556,5.354927564,906.9923141,4.907416506,7984.442279,434.2024865
val_291,KIT-SU-001,val_1,val_0,val_44,2/12/2023,50957.09189,3.943174819,384,237,2.151601796,360.3155537,2.050606,9434.127954,196.9855409
val_292,KIT-SU-001,val_18,val_45,val_46,2/12/2023,140367.4791,5.995187189,306,670,6.408987255,756.3647945,3.33142935,1239.077671,487.3141447
val_293,KIT-SU-001,val_14,val_4,val_17,2/12/2023,90704.00633,17.40913837,941,524,7.228322684,835.4263242,2.36262853,4607.421587,20.62379507
val_294,KIT-LK-001,val_2,val_38,val_32,2/12/2023,4622.905116,2.979232169,637,262,8.018184851,909.8003392,1.338183408,4170.62667,483.4159488
val_295,KIT-LK-001,val_17,val_11,val_19,2/13/2023,110287.2244,25.20075653,849,205,7.316627705,373.0518543,4.174006789,11782.06351,377.3288443
val_296,KIT-LK-001,val_2,val_57,val_23,2/13/2023,20044.78816,27.86933576,389,286,5.980377647,765.3269033,1.048345877,5775.91226,13.50872277
val_297,KIT-LK-001,val_2,val_46,val_29,2/13/2023,131651.4887,19.32149798,430,792,1.737496227,326.8817668,4.475339846,785.8719816,622.7588191
val_298,KIT-IK-001,val_11,val_6,val_19,2/13/2023,142275.381,31.28852616,730,521,8.766085379,944.0191253,4.178210089,3259.897841,313.0035753
val_299,KIT-IK-001,val_5,val_53,val_38,2/13/2023,104440.75,33.40916904,980,795,9.850640449,11.16016168,3.553602411,10160.18592,582.3738473
val_300,KIT-LK-001,val_5,val_15,val_9,2/13/2023,80164.48012,15.77582185,789,719,8.002062875,570.1904495,3.364559656,10721.42737,885.9182185
val_301,KIT-SU-001,val_3,val_32,val_32,2/13/2023,90508.41967,3.301625454,462,801,1.312679579,509.9519369,4.382642034,11142.81722,864.4097236
val_302,KIT-SU-001,val_12,val_5,val_47,2/14/2023,64613.84809,8.247991016,598,855,7.801280879,877.6224775,1.222820021,1900.597737,503.5695878
val_303,KIT-LK-001,val_0,val_6,val_40,2/14/2023,12995.62591,23.08503832,349,617,3.426769332,216.3122519,3.945561306,8319.426178,471.2595251
val_304,KIT-SU-001,val_4,val_14,val_2,2/14/2023,139362.1031,14.32129653,456,360,9.658901663,87.28790129,1.721677547,4947.544771,533.3075055
val_305,KIT-YB-001,val_11,val_32,val_5,2/14/2023,49713.38695,24.03832692,388,694,1.57156804,846.4395625,1.081416665,8878.598622,390.3219943
val_306,KIT-IK-001,val_9,val_32,val_30,2/14/2023,47270.74217,23.40238448,99,945,1.830325535,350.1018954,2.249160449,9927.705042,295.0959545
val_307,KIT-SU-001,val_13,val_51,val_44,2/14/2023,29103.05399,21.26681115,875,321,2.632333036,324.9192475,2.308675894,3282.807877,157.6343626
val_308,KIT-LK-001,val_4,val_9,val_40,2/14/2023,148865.0332,5.692573328,137,488,7.778422999,105.3104675,1.770471511,6103.989748,915.0900849
val_309,KIT-LK-001,val_12,val_44,val_43,2/15/2023,141413.3834,10.1498523,268,879,6.86264466,920.0589123,3.843346821,4061.977915,61.64222568
val_310,KIT-SU-001,val_15,val_0,val_7,2/15/2023,52740.13929,13.3495846,253,597,7.545130349,632.9578296,3.235643817,5579.838888,345.1141884
val_311,KIT-IK-001,val_7,val_17,val_24,2/15/2023,39370.80445,28.88974605,222,144,4.184958197,692.1837765,4.680244285,3629.266542,166.4402486
val_312,KIT-LK-001,val_5,val_10,val_34,2/15/2023,120902.7447,23.94135472,498,350,8.916181812,897.937998,4.046768957,4207.702759,60.53409325
val_313,KIT-IK-001,val_11,val_7,val_29,2/15/2023,63680.2025,22.64371246,961,254,5.016304686,843.8545271,4.304519662,3412.846093,172.7508408
val_314,KIT-YB-001,val_11,val_35,val_37,2/15/2023,145184.3135,23.5903796,328,477,2.207029978,451.8138708,4.610017265,3721.61985,455.9654244
val_315,KIT-IK-001,val_1,val_54,val_10,2/15/2023,135231.9011,17.71143243,735,993,7.907266336,159.7720415,4.225435442,7019.985441,558.9472975
val_316,KIT-IK-001,val_11,val_40,val_21,2/16/2023,114037.9757,1.579183698,733,840,5.765845395,672.3139027,1.472543514,7283.345764,894.3644259
val_317,KIT-IK-001,val_3,val_51,val_21,2/16/2023,13943.68137,7.198999925,764,961,6.340699094,650.7152309,1.741916374,11064.69513,683.8386659
val_318,KIT-YB-001,val_11,val_35,val_45,2/16/2023,105468.0966,5.082515022,623,742,4.46608731,47.07958503,2.607246218,4808.845854,801.9632026
val_319,KIT-SU-001,val_18,val_3,val_9,2/16/2023,148094.5308,2.427083921,741,508,7.396475861,899.4013458,2.328268303,7958.139217,553.3028281
val_320,KIT-LK-001,val_10,val_20,val_15,2/16/2023,56307.23368,11.31778735,762,660,1.320111588,335.2392415,4.541702414,11592.53088,201.2662651
val_321,KIT-YB-001,val_15,val_49,val_1,2/16/2023,132294.566,27.61301067,683,499,5.420581892,428.7797475,3.096799876,5703.066387,849.8551828
val_322,KIT-SU-001,val_6,val_2,val_7,2/17/2023,61517.20498,4.206586767,559,41,4.844427193,513.7813955,4.503745089,9393.998682,474.5154895
val_323,KIT-SU-001,val_18,val_5,val_47,2/17/2023,145712.9381,4.077503594,91,116,7.718302285,912.0192364,2.548645877,11643.07905,771.2492543
val_324,KIT-YB-001,val_16,val_50,val_40,2/17/2023,98211.91005,4.524387868,508,555,3.392822885,170.4898706,4.626033397,9519.359417,6.351077692
val_325,KIT-YB-001,val_18,val_3,val_12,2/17/2023,14926.8222,9.589794856,754,660,3.103402887,368.6897943,1.286910268,1149.940015,445.6385755
val_326,KIT-SU-001,val_14,val_57,val_33,2/17/2023,72117.33795,7.236808404,342,253,3.878490435,501.3405062,2.782190636,2478.729514,338.8813071
val_327,KIT-LK-001,val_12,val_45,val_28,2/17/2023,7934.448633,0.685846853,249,31,5.324892315,991.8987265,4.604509395,3679.627637,297.2024654
val_328,KIT-YB-001,val_10,val_39,val_43,2/17/2023,59563.82069,9.822280513,594,69,2.88889659,439.7510471,2.79850444,8297.346152,674.8458814
val_329,KIT-SU-001,val_18,val_32,val_14,2/18/2023,137349.4915,34.87104737,132,314,7.157863122,398.5378122,3.930767719,8122.971437,824.5433206
val_330,KIT-YB-001,val_16,val_5,val_47,2/18/2023,35214.22807,11.90972821,719,861,3.984501343,935.0268106,2.443506688,1818.393771,863.9566677
val_331,KIT-IK-001,val_8,val_24,val_17,2/18/2023,142609.8828,7.551814313,983,418,4.793744859,661.4948613,4.316840687,5502.303229,800.730755
val_332,KIT-SU-001,val_1,val_48,val_34,2/18/2023,15438.49517,17.45084475,484,974,6.018340844,163.5742616,3.525654866,5177.464784,811.6632602
val_333,KIT-LK-001,val_0,val_54,val_19,2/18/2023,99889.32629,8.182022556,27,894,4.391878009,175.8018615,4.247434291,8340.446177,835.0834002
val_334,KIT-IK-001,val_4,val_26,val_32,2/18/2023,144869.9906,19.67565301,271,859,7.31104362,644.4526858,3.145948269,3279.181931,693.5666412
val_335,KIT-LK-001,val_1,val_50,val_16,2/18/2023,98295.95927,14.14282345,31,969,6.905756783,467.0553462,3.550457697,3005.750403,759.9121565
val_336,KIT-IK-001,val_4,val_46,val_40,2/19/2023,134901.0911,31.41007788,459,242,7.811513969,8.968056723,3.114619857,7241.348151,221.1599045
val_337,KIT-SU-001,val_2,val_3,val_30,2/19/2023,148659.056,32.49159033,310,974,5.7070412,448.592081,3.269248057,1177.389054,957.2481211
val_338,KIT-LK-001,val_19,val_37,val_13,2/19/2023,96455.59369,25.01453178,774,924,4.306796691,939.6953103,3.756667374,8092.481912,503.1440666
val_339,KIT-SU-001,val_1,val_36,val_46,2/19/2023,117448.4452,7.706159821,845,799,2.810149399,747.3788854,1.483390278,5385.258419,262.7580244
val_340,KIT-LK-001,val_12,val_32,val_34,2/19/2023,5281.78647,16.69166947,435,192,4.931975013,558.6025091,4.074308783,6528.868594,454.5453383
val_341,KIT-LK-001,val_7,val_46,val_20,2/19/2023,64382.90159,10.82872621,978,290,8.857132105,195.1961154,2.420830414,9663.464252,823.2653253
val_342,KIT-IK-001,val_3,val_53,val_6,2/19/2023,43595.67035,27.98005593,450,652,2.089234889,335.6400611,1.050315798,2335.465266,692.4883197
val_343,KIT-IK-001,val_14,val_33,val_46,2/20/2023,123715.7074,1.215258999,118,45,2.938615805,996.6392831,3.574699427,2677.366728,152.6047237
val_344,KIT-SU-001,val_19,val_19,val_36,2/20/2023,101797.9129,23.25471096,909,822,6.987212278,659.0536631,3.454559662,10832.74901,438.6470221
val_345,KIT-LK-001,val_15,val_58,val_32,2/20/2023,92354.92625,11.44829355,395,426,6.174565269,276.2875771,3.903284997,8943.541944,755.1321506
val_346,KIT-IK-001,val_19,val_57,val_39,2/20/2023,139768.0238,16.93895947,886,21,9.245669735,737.9908373,4.993276505,3299.819601,693.9757798
val_347,KIT-LK-001,val_11,val_41,val_29,2/20/2023,13785.73686,11.440225,735,297,1.261299443,91.36487132,2.845796028,8704.599117,189.5732976
val_348,KIT-SU-001,val_13,val_38,val_11,2/20/2023,143099.2702,12.89469295,940,395,8.906646578,370.5823721,4.893289363,5594.826433,742.8673419
val_349,KIT-LK-001,val_2,val_6,val_11,2/20/2023,15564.32372,23.66781983,646,655,7.529409273,229.1308217,3.311125029,7483.953398,674.8429321
val_350,KIT-SU-001,val_17,val_24,val_3,2/21/2023,52379.12326,20.9232028,593,602,7.979650184,896.0080848,2.431508111,9482.419823,244.3753472
val_351,KIT-YB-001,val_14,val_11,val_3,2/21/2023,94725.91289,8.69430575,233,371,4.408003713,735.1455139,3.71115932,728.1134822,307.5768538
val_352,KIT-YB-001,val_5,val_30,val_34,2/21/2023,51550.69248,1.71858946,279,620,3.765927012,497.4998623,1.785819276,7411.939693,419.4045046
val_353,KIT-IK-001,val_7,val_49,val_40,2/21/2023,102539.1736,29.98955898,329,891,1.129400506,407.8001199,4.865168448,4193.885464,673.7277766
val_354,KIT-SU-001,val_12,val_13,val_7,2/21/2023,116425.0836,17.33227252,309,350,8.08664648,858.5871985,2.764230604,6290.552667,951.4410245
val_355,KIT-YB-001,val_0,val_59,val_27,2/21/2023,124361.6216,21.7318118,594,374,2.453978938,195.4316906,1.042525809,4492.302611,994.7427004
val_356,KIT-SU-001,val_16,val_7,val_5,2/21/2023,27311.88329,17.19977468,870,101,3.035162574,74.76280582,3.621302024,11304.38496,689.2439787
val_357,KIT-IK-001,val_5,val_5,val_19,2/22/2023,27720.46608,21.7391192,35,378,3.489053027,851.7707824,1.481321154,7246.449535,412.4393597
val_358,KIT-SU-001,val_1,val_58,val_37,2/22/2023,8320.947175,22.01864202,619,284,8.827068916,856.4961195,1.355663494,10189.86936,68.45703314
val_359,KIT-LK-001,val_6,val_6,val_38,2/22/2023,73882.34992,0.723410679,758,759,3.591103574,243.0764313,1.094217845,3229.357817,592.9870538
val_360,KIT-LK-001,val_16,val_44,val_45,2/22/2023,21061.27602,18.75741726,443,113,4.8311491,195.2838262,4.531870965,4502.404119,481.72759
val_361,KIT-IK-001,val_5,val_45,val_14,2/22/2023,48130.25021,17.67335732,275,590,7.726100709,721.3071726,1.134711676,9487.392639,670.7198564
val_362,KIT-LK-001,val_10,val_19,val_45,2/22/2023,126144.9307,3.534449567,432,772,9.030439007,143.385172,3.148809082,2966.40523,964.4688911
val_363,KIT-SU-001,val_16,val_3,val_37,2/23/2023,142324.5119,26.15668876,829,255,8.120642744,621.950997,2.957745697,11999.92605,166.8059106
val_364,KIT-YB-001,val_0,val_18,val_16,2/23/2023,123400.3541,8.40790606,915,67,5.818724802,701.2346149,4.644151821,7988.937902,370.619802
val_365,KIT-YB-001,val_15,val_4,val_15,2/23/2023,596.9332828,2.097482102,684,677,1.019612785,621.9799513,4.64457058,10782.46425,576.1507518
val_366,KIT-LK-001,val_5,val_40,val_5,2/23/2023,85419.62408,28.1499323,486,588,2.420580517,426.9283737,4.68352737,1433.274461,350.7136227
val_367,KIT-LK-001,val_13,val_53,val_44,2/23/2023,25415.68937,30.30658495,646,563,3.282424923,816.1777174,2.600011403,5083.18873,176.0496273
val_368,KIT-IK-001,val_3,val_59,val_9,2/23/2023,56674.16323,8.57617752,677,880,4.723889986,929.9834695,2.894006526,4163.87063,598.5469395
val_369,KIT-YB-001,val_2,val_48,val_12,2/23/2023,64473.88215,24.12658399,768,104,4.259706532,705.7086817,4.302674548,11657.37197,39.38114928
val_370,KIT-SU-001,val_15,val_46,val_19,2/24/2023,141469.6433,0.372283457,144,197,5.629657089,418.9512529,1.480632486,1908.039809,377.0431806
val_371,KIT-YB-001,val_16,val_52,val_6,2/24/2023,95243.94042,25.29601855,75,467,4.708247749,995.7013177,1.457673182,9028.326025,972.696292
val_372,KIT-YB-001,val_19,val_46,val_38,2/24/2023,40514.43027,16.37575143,345,562,7.534600338,449.4158406,4.686911985,7643.989913,478.207497
val_373,KIT-YB-001,val_13,val_39,val_33,2/24/2023,96597.82867,27.77841211,260,919,1.470076377,116.2634257,1.117735552,10246.02059,101.5889747
val_374,KIT-IK-001,val_9,val_59,val_7,2/24/2023,142803.8889,13.87758225,615,619,9.952553583,182.5822262,2.531495279,11731.98948,834.2889839
val_375,KIT-YB-001,val_3,val_19,val_7,2/24/2023,9344.289052,12.41743532,522,212,8.587529673,347.9444371,1.779784894,9709.510836,179.03882
val_376,KIT-LK-001,val_5,val_24,val_1,2/24/2023,122490.1563,29.45931365,919,852,4.014700005,171.1166656,1.335946091,3175.40217,250.8315677
val_377,KIT-SU-001,val_12,val_54,val_45,2/25/2023,32926.18458,1.544905087,777,415,4.571218974,778.2924386,4.895472401,10044.09666,962.4374835
val_378,KIT-SU-001,val_6,val_18,val_20,2/25/2023,23389.63883,6.713341543,147,869,9.673360384,14.10569883,1.663809127,6415.757446,775.1022852
val_379,KIT-IK-001,val_9,val_17,val_31,2/25/2023,134880.6043,14.54208464,849,276,9.422238639,405.8833003,2.727899424,7909.053469,321.9079497
val_380,KIT-LK-001,val_3,val_9,val_7,2/25/2023,776.4938212,20.95256802,771,792,4.53856209,878.2070966,2.024690017,3509.216409,647.2694239
val_381,KIT-SU-001,val_8,val_16,val_11,2/25/2023,111292.3182,0.377915456,382,537,1.536542459,117.7367348,2.964678386,9828.98795,487.7666523
val_382,KIT-YB-001,val_4,val_35,val_25,2/25/2023,13540.64728,20.21513977,58,556,9.891697301,576.0838188,4.067576816,5444.654333,892.4968806
val_383,KIT-YB-001,val_2,val_53,val_10,2/25/2023,92890.29661,13.37154038,794,976,6.883780423,933.8489844,3.638867784,9738.734065,560.2936656
val_384,KIT-LK-001,val_2,val_8,val_29,2/26/2023,93324.08676,22.12407112,193,154,7.237016294,71.59632343,3.286999077,5241.599271,660.8117056
val_385,KIT-YB-001,val_10,val_40,val_44,2/26/2023,129485.0194,31.76268962,220,310,3.47135915,349.7257594,3.042725043,7475.194244,149.1378184
val_386,KIT-IK-001,val_7,val_45,val_14,2/26/2023,123479.6713,15.542346,470,183,8.368340228,37.66176667,1.527408182,1415.335019,249.8638429
val_387,KIT-SU-001,val_1,val_53,val_29,2/26/2023,102932.0693,19.49933679,82,833,6.017336887,682.1943249,2.610014638,1291.098317,26.54262812
val_388,KIT-LK-001,val_10,val_45,val_43,2/26/2023,57391.86477,16.30508916,399,851,5.232181004,417.4993139,4.621063809,11445.03651,588.2443925
val_389,KIT-YB-001,val_3,val_9,val_42,2/26/2023,25377.65918,4.324565712,246,839,7.670817918,947.3213849,4.282092182,8767.572345,562.5180178
val_390,KIT-LK-001,val_0,val_29,val_0,2/26/2023,95534.59745,27.80033197,53,238,4.347095283,691.2899348,1.258958994,2237.804622,307.8153909
val_391,KIT-IK-001,val_2,val_57,val_5,2/27/2023,74796.98491,31.00481108,904,259,4.864643361,601.9405726,4.361773685,7253.277377,232.1332082
val_392,KIT-SU-001,val_8,val_54,val_47,2/27/2023,12152.36821,28.43903703,260,402,6.870941452,910.3223231,4.312154567,9418.107783,453.0331164
val_393,KIT-YB-001,val_19,val_36,val_44,2/27/2023,143356.5026,33.17636079,544,773,6.756277781,129.6622771,4.207843263,7264.771461,103.7824682
val_394,KIT-LK-001,val_4,val_57,val_15,2/27/2023,47505.71823,16.48739242,817,752,9.740673703,783.4449795,4.259250502,5491.676856,852.9545002
val_395,KIT-SU-001,val_5,val_40,val_24,2/27/2023,820.0443663,22.90079709,481,989,6.065661783,729.8047281,4.932136074,10055.89828,831.8811302
val_396,KIT-SU-001,val_4,val_3,val_27,2/27/2023,135302.7004,6.058287854,293,785,3.888869044,673.2509663,1.220822101,799.1441732,596.1457905
val_397,KIT-SU-001,val_7,val_54,val_32,2/27/2023,86769.10654,34.19292262,744,954,3.586949897,638.0767793,2.535218902,7673.361156,901.5796566
val_398,KIT-YB-001,val_14,val_10,val_36,2/28/2023,110092.5707,20.40328094,692,266,5.806171058,124.373,4.873750576,5781.491735,613.486224
val_399,KIT-SU-001,val_6,val_22,val_17,2/28/2023,23323.60292,9.305876162,10,606,2.076030476,814.0433747,3.210675748,7848.363358,490.914659
val_400,KIT-YB-001,val_13,val_14,val_42,2/28/2023,60988.54827,28.22702489,819,533,6.292890174,635.1540649,3.729188609,3627.305581,599.9799949
val_401,KIT-YB-001,val_17,val_43,val_2,2/28/2023,96936.65386,20.60989088,118,151,4.512294467,771.472979,2.447420866,2117.20961,85.43684627
val_402,KIT-SU-001,val_18,val_1,val_1,2/28/2023,38019.22387,33.24868937,738,947,4.167973707,876.0900871,1.847597041,11695.48588,217.4894396
val_403,KIT-YB-001,val_11,val_38,val_45,2/28/2023,105374.0923,26.99521279,99,119,2.732296186,542.4259842,4.913703969,10397.91022,558.3195554
val_404,KIT-SU-001,val_14,val_51,val_8,2/28/2023,35425.43094,30.72881585,65,855,5.458720262,956.8852369,2.446608731,10925.52196,112.2453948
val_405,KIT-LK-001,val_18,val_47,val_47,3/1/2023,31764.61016,19.22342031,121,267,1.338696471,109.2013804,3.243468498,9271.356173,809.5928428
val_406,KIT-YB-001,val_15,val_18,val_13,3/1/2023,2237.885214,18.2023332,741,221,6.464655333,4.037865401,1.975259081,966.0569301,170.2242703
val_407,KIT-YB-001,val_5,val_53,val_17,3/1/2023,42645.05843,26.5549612,453,601,3.569941758,329.9436141,4.867804956,7609.369588,418.4500675
val_408,KIT-YB-001,val_2,val_21,val_1,3/1/2023,37387.15041,3.854486347,602,467,9.14563024,216.5500948,2.033655192,4700.750327,484.5668959
val_409,KIT-IK-001,val_2,val_40,val_45,3/1/2023,114771.3052,2.080299384,280,386,5.737257053,553.6098893,4.65578131,4144.601902,157.9302668
val_410,KIT-SU-001,val_17,val_30,val_17,3/1/2023,85671.63097,34.43283816,120,904,8.025285133,280.2953964,2.167239239,3140.804867,242.1656265
val_411,KIT-SU-001,val_11,val_4,val_8,3/2/2023,27084.76032,32.0870844,786,699,8.660699763,688.1376364,4.787702376,2331.781565,484.3912222
val_412,KIT-YB-001,val_5,val_0,val_23,3/2/2023,85435.05691,33.45700076,833,609,8.910848636,945.3285045,2.469327662,1845.502501,106.7880589
val_413,KIT-SU-001,val_6,val_10,val_7,3/2/2023,34203.81679,2.37026941,839,788,8.835678909,769.2564643,4.488241763,1630.268394,187.1673186
val_414,KIT-SU-001,val_5,val_56,val_37,3/2/2023,64112.59087,9.571689134,64,804,3.029218627,420.2518516,3.399299376,8596.452203,23.19249594
val_415,KIT-SU-001,val_16,val_57,val_3,3/2/2023,133287.1052,31.5736748,925,180,3.729839956,985.5029378,1.455295679,11178.90816,506.4493118
val_416,KIT-IK-001,val_12,val_24,val_23,3/2/2023,108028.8048,3.313889275,542,441,7.371443007,771.1823858,2.182485155,4687.742115,822.2814406
val_417,KIT-LK-001,val_17,val_58,val_18,3/2/2023,97839.4525,15.90992102,196,906,5.838565487,810.8815822,4.043550401,1451.014791,810.8128078
val_418,KIT-SU-001,val_6,val_2,val_1,3/3/2023,42581.77567,12.07693909,198,815,6.48399059,204.7490465,3.670150757,2809.667289,354.8964862
val_419,KIT-LK-001,val_9,val_58,val_2,3/3/2023,19124.9589,30.81879665,503,60,7.099563835,686.8994658,2.424391914,9014.511723,687.4427128
val_420,KIT-IK-001,val_2,val_13,val_24,3/3/2023,113065.8732,18.22904941,604,246,2.028273535,70.63537252,1.781381753,4312.628458,989.9081758
val_421,KIT-SU-001,val_19,val_2,val_18,3/3/2023,85399.61249,10.30502154,48,265,2.514757953,235.3094134,4.315330825,8021.317789,423.4057905
val_422,KIT-YB-001,val_10,val_45,val_6,3/3/2023,93602.64539,18.44568092,496,513,6.740526025,16.43779562,3.489536038,2626.360529,913.8292839
val_423,KIT-SU-001,val_11,val_22,val_6,3/3/2023,146279.4412,4.113127955,240,815,6.628341879,705.2361427,3.727858969,9129.974574,778.545508
val_424,KIT-IK-001,val_8,val_17,val_38,3/3/2023,52573.97756,25.64585509,918,483,8.356884519,20.94622187,2.916267231,7931.054126,176.8362636
val_425,KIT-YB-001,val_5,val_45,val_35,3/4/2023,120211.7556,21.7181469,615,183,7.244036553,449.1767763,2.401363443,2822.393927,444.2336271
val_426,KIT-LK-001,val_18,val_19,val_29,3/4/2023,84064.04771,21.10466558,372,557,2.869089737,648.8673535,2.52899807,11197.28666,930.79568
val_427,KIT-SU-001,val_9,val_45,val_40,3/4/2023,35671.36192,15.43698348,422,220,1.630651303,304.9955555,1.124446919,6367.385975,167.5553569
val_428,KIT-LK-001,val_13,val_11,val_3,3/4/2023,8406.805632,10.43969653,838,678,4.519222953,367.2804433,4.775052151,2794.38521,57.63560379
val_429,KIT-IK-001,val_0,val_5,val_33,3/4/2023,92593.62835,2.475246715,691,976,4.341451131,868.1590088,2.466185064,6886.811779,267.2648629
val_430,KIT-SU-001,val_5,val_19,val_36,3/4/2023,44993.61239,33.15673114,387,632,7.906744312,901.4130417,2.931876371,5100.83359,4.855279668
val_431,KIT-YB-001,val_16,val_36,val_9,3/4/2023,104474.0128,14.69607647,840,913,7.043350219,858.700058,2.428624308,11022.29237,127.099508
val_432,KIT-IK-001,val_1,val_13,val_25,3/5/2023,105258.7107,17.4580753,622,544,8.849822123,749.9344312,2.420744188,3856.302385,426.2705236
val_433,KIT-SU-001,val_2,val_8,val_36,3/5/2023,68591.33994,13.27668307,59,813,5.538356015,277.5293526,3.742457747,10658.46179,764.436232
val_434,KIT-YB-001,val_16,val_44,val_28,3/5/2023,80691.36897,34.5781318,631,941,3.598291711,74.67713619,3.6814242,8960.140029,213.7210268
val_435,KIT-LK-001,val_6,val_29,val_11,3/5/2023,94168.75522,27.90678597,939,173,5.538253371,488.6953781,4.240900067,8222.727154,849.6573636
val_436,KIT-SU-001,val_5,val_25,val_31,3/5/2023,70556.4391,3.532455822,864,666,2.939518113,924.3929552,1.287166398,2369.225119,987.8979
val_437,KIT-YB-001,val_11,val_14,val_36,3/5/2023,131666.9056,21.36449225,42,255,1.544775468,223.3736431,4.496234755,1216.398168,464.1792419
val_438,KIT-SU-001,val_3,val_1,val_0,3/5/2023,11852.219,17.06528316,882,84,5.497147461,209.5493898,4.826728806,10400.35747,992.1341579
val_439,KIT-SU-001,val_0,val_3,val_27,3/6/2023,146982.8148,27.80865083,982,235,4.722446027,779.6488024,4.95642466,6932.394659,577.8132648
val_440,KIT-LK-001,val_0,val_40,val_24,3/6/2023,5500.911256,34.90659722,162,142,1.29006148,591.9881865,1.515167969,11590.44514,60.22587939
val_441,KIT-IK-001,val_1,val_4,val_17,3/6/2023,31610.40521,26.10187457,638,189,7.491463723,404.2998763,2.946789462,6293.44521,110.5686447
val_442,KIT-YB-001,val_3,val_14,val_2,3/6/2023,106392.0243,30.29952296,755,6,6.799160116,862.6702753,4.756171627,7178.328021,512.9382768
val_443,KIT-YB-001,val_13,val_54,val_4,3/6/2023,13201.55877,17.69171548,43,971,1.664219533,582.5282637,4.035746001,11965.88316,921.8145077
val_444,KIT-IK-001,val_5,val_20,val_36,3/6/2023,39694.8266,13.20121006,828,440,7.390212189,920.2675507,1.240805006,8647.522026,98.48079719
val_445,KIT-YB-001,val_1,val_44,val_39,3/6/2023,23519.51352,22.58613292,394,166,1.745400658,368.1502461,4.481217665,4448.354034,571.7152263
val_446,KIT-SU-001,val_0,val_20,val_20,3/7/2023,108673.9488,26.2797608,299,343,5.658909697,444.0755022,4.354182348,9967.984524,811.0017504
val_447,KIT-YB-001,val_9,val_55,val_45,3/7/2023,87050.542,8.118180876,258,747,6.600221737,74.30351132,4.120672122,3686.824554,983.0940041
val_448,KIT-YB-001,val_16,val_49,val_44,3/7/2023,10139.55246,17.7178843,506,632,5.490869946,367.6894221,2.647348102,6395.893373,908.0015403
val_449,KIT-LK-001,val_6,val_28,val_31,3/7/2023,69290.06819,4.15992634,799,51,7.726652759,179.7142712,3.529178706,3007.784747,106.043883
val_450,KIT-YB-001,val_1,val_41,val_27,3/7/2023,31671.18774,7.729077902,822,148,4.470099597,32.83210685,3.863692001,11937.25792,76.80177592
val_451,KIT-YB-001,val_4,val_24,val_46,3/7/2023,145170.9404,30.88868938,225,544,2.916600137,255.761906,2.586598838,11227.37141,205.2631159
val_452,KIT-LK-001,val_9,val_56,val_29,3/8/2023,16633.73312,5.236672996,827,970,5.377671838,490.6266391,4.136000907,10511.58584,279.8888638
val_453,KIT-YB-001,val_3,val_21,val_44,3/8/2023,89909.24872,28.43491916,827,70,4.080132417,247.3577595,2.093150758,4933.475653,865.8048141
val_454,KIT-LK-001,val_19,val_50,val_46,3/8/2023,72536.16176,13.16633187,61,863,2.36148715,109.0886058,1.734536629,8796.618964,645.2121596
val_455,KIT-YB-001,val_15,val_36,val_9,3/8/2023,86923.6323,23.29054387,312,61,5.239751033,451.5340376,4.435597436,3277.237055,942.2242146
val_456,KIT-YB-001,val_6,val_38,val_31,3/8/2023,143495.6812,31.87935773,15,495,2.812873622,147.8473209,2.357284608,4801.997194,418.8478979
val_457,KIT-YB-001,val_19,val_21,val_35,3/8/2023,51521.64073,27.37527407,990,230,5.232665812,85.99321263,1.227087028,9693.492483,410.1263941
val_458,KIT-IK-001,val_6,val_49,val_39,3/8/2023,112440.5728,28.94275097,472,423,6.332752198,960.1826553,4.330789252,865.6147418,279.6144654
val_459,KIT-IK-001,val_2,val_44,val_16,3/9/2023,67396.23834,9.28798764,270,926,8.03977848,475.9562714,4.196062511,784.1032714,437.5179886
val_460,KIT-SU-001,val_18,val_48,val_41,3/9/2023,99283.8614,12.78627621,895,216,8.67849386,802.3273444,4.209561835,8000.714371,790.9174616
val_461,KIT-YB-001,val_19,val_48,val_23,3/9/2023,55165.80317,25.70116231,685,639,7.013469771,170.7840579,2.363534476,9340.258831,696.6988634
val_462,KIT-YB-001,val_6,val_9,val_18,3/9/2023,34454.76969,27.24776361,941,333,9.041879755,461.5498831,3.412996359,4725.804128,789.7317446
val_463,KIT-IK-001,val_11,val_52,val_7,3/9/2023,13000.64573,27.69381891,800,652,6.020102711,89.92462519,1.055662093,8161.18083,830.695392
val_464,KIT-YB-001,val_3,val_50,val_15,3/9/2023,15711.81207,25.95575775,956,54,7.393890308,411.8007399,1.009141228,10855.16105,4.2908575
val_465,KIT-IK-001,val_12,val_14,val_46,3/9/2023,143934.8327,8.260466871,216,297,7.933263456,826.3997737,2.037065404,1379.825989,237.2861439
val_466,KIT-IK-001,val_13,val_58,val_34,3/10/2023,118374.2646,10.26021508,204,958,8.423613471,892.7476281,3.101230913,10000.09073,654.2528369
val_467,KIT-LK-001,val_14,val_31,val_34,3/10/2023,37121.40787,32.98302706,75,724,7.76666305,519.006097,3.401261641,7064.534662,446.2181252
val_468,KIT-SU-001,val_11,val_19,val_42,3/10/2023,79607.51191,19.47434128,343,937,9.121727133,286.4022802,1.533601508,5183.795818,117.4525031
val_469,KIT-YB-001,val_14,val_13,val_12,3/10/2023,107277.7923,26.45487396,551,682,5.255693403,733.4691972,4.470652095,810.2013313,64.79072367
val_470,KIT-SU-001,val_11,val_21,val_31,3/10/2023,53204.41635,21.05200965,565,185,9.581338989,638.9283837,4.838208716,4732.086941,943.3500496
val_471,KIT-LK-001,val_16,val_2,val_17,3/10/2023,66278.21469,32.37266491,677,462,4.602579357,470.4765444,1.476848616,9567.899186,848.449952
val_472,KIT-IK-001,val_3,val_41,val_40,3/10/2023,107898.097,30.43360727,733,878,1.631714034,475.3635364,4.295431366,6595.178962,319.0463303
val_473,KIT-IK-001,val_9,val_42,val_20,3/11/2023,34504.42006,9.295842739,818,683,2.6390394,493.2141977,3.456951584,2280.433957,639.2931433
val_474,KIT-SU-001,val_8,val_40,val_41,3/11/2023,79188.48159,30.98788962,520,520,6.024393017,339.2422708,3.009593263,2940.213684,146.7566078
val_475,KIT-YB-001,val_10,val_32,val_35,3/11/2023,31908.18167,10.64136969,273,868,1.13129117,518.9707885,2.956254034,10201.92276,134.9726888
val_476,KIT-LK-001,val_2,val_21,val_37,3/11/2023,960.1013518,15.54611971,439,113,2.416547329,57.37390742,3.999340643,5308.309612,333.638143
val_477,KIT-LK-001,val_6,val_43,val_44,3/11/2023,103694.4285,29.82292852,873,961,4.366696141,570.1838248,1.835660754,1326.745823,281.2389624
val_478,KIT-LK-001,val_19,val_52,val_37,3/11/2023,106236.0965,11.47586382,816,126,6.618674022,496.204607,3.435835241,11685.31867,979.3842738
val_479,KIT-LK-001,val_2,val_5,val_15,3/11/2023,149360.5434,10.31886275,916,997,2.489951088,420.5626601,2.045414152,3190.856439,24.35751247
val_480,KIT-SU-001,val_12,val_22,val_25,3/12/2023,27561.80894,23.46925836,540,805,6.173777755,323.9936757,1.340647845,9598.547677,547.2914534
val_481,KIT-SU-001,val_13,val_59,val_22,3/12/2023,111067.2586,34.98873741,779,488,6.96831071,621.7803408,3.211518878,351.0664984,854.1227236
val_482,KIT-YB-001,val_9,val_51,val_3,3/12/2023,142221.1299,4.760782942,413,476,7.872934884,484.9752982,2.074431307,3226.709218,25.90632012
val_483,KIT-LK-001,val_0,val_59,val_28,3/12/2023,96864.76035,24.5969105,7,32,6.944308816,100.8396239,3.970615387,4178.049763,553.72707
val_484,KIT-IK-001,val_0,val_10,val_20,3/12/2023,144489.5138,18.5380475,744,317,3.250744933,374.4526882,3.601651233,10341.21815,379.9936773
val_485,KIT-SU-001,val_5,val_27,val_18,3/12/2023,149168.9273,14.48948866,87,229,9.976241847,76.50539174,1.897289672,9025.788235,215.8959523
val_486,KIT-LK-001,val_2,val_7,val_5,3/12/2023,120342.8481,26.29508449,635,707,8.994238103,379.169413,4.446249819,3834.650556,235.3673041
val_487,KIT-IK-001,val_1,val_51,val_24,3/13/2023,149893.2434,19.50830426,998,197,4.361670658,532.8318989,2.387994356,9492.298364,814.4447518
val_488,KIT-LK-001,val_3,val_31,val_27,3/13/2023,94060.75667,27.96382795,25,806,1.262706957,391.0289632,3.836213008,9758.709364,464.4532227
val_489,KIT-LK-001,val_3,val_14,val_5,3/13/2023,74809.82605,26.08611728,734,300,5.758374023,341.6300208,2.069293712,6241.84578,45.88189423
val_490,KIT-YB-001,val_16,val_5,val_30,3/13/2023,137686.62,34.48214064,869,851,8.786707128,281.1492921,1.786398577,6193.071883,408.8272999
val_491,KIT-SU-001,val_12,val_44,val_8,3/13/2023,124727.8983,28.41813153,627,360,8.397489389,381.7725034,4.441091993,6212.370597,816.7239672
val_492,KIT-IK-001,val_0,val_48,val_6,3/13/2023,16961.75496,2.524632951,690,753,9.078013349,69.31069925,4.674661283,2175.283141,689.1563587
val_493,KIT-LK-001,val_12,val_52,val_19,3/13/2023,45757.0357,27.32935948,902,669,9.725646314,993.9007526,2.408203286,9790.232545,954.9534819
val_494,KIT-YB-001,val_2,val_58,val_18,3/14/2023,39466.4455,22.80967206,777,990,7.41725327,555.3391369,2.259881374,8632.346908,773.089147
val_495,KIT-SU-001,val_8,val_48,val_43,3/14/2023,128361.6181,3.324704188,39,526,2.461577878,636.1757502,3.810262034,10222.73622,170.9483762
val_496,KIT-IK-001,val_0,val_47,val_3,3/14/2023,35370.18047,21.27102515,774,353,1.327718236,183.1406523,1.909456431,9824.957101,66.82754853
val_497,KIT-LK-001,val_1,val_48,val_16,3/14/2023,45954.69348,26.3279653,758,650,2.362665539,923.4047617,4.456824437,9468.158638,462.5568657
val_498,KIT-YB-001,val_2,val_59,val_35,3/14/2023,78058.90382,7.062369061,228,29,2.809898878,571.1640309,1.034059511,9408.444597,444.8105064
val_499,KIT-IK-001,val_8,val_27,val_11,3/14/2023,11879.86326,15.33492535,655,972,1.552512694,414.3739428,1.568493526,11344.51799,547.6997408
val_500,KIT-SU-001,val_9,val_45,val_47,3/15/2023,144203.8316,19.07852283,842,678,5.081065524,713.2140272,1.482810612,7343.849655,671.6513978
val_501,KIT-YB-001,val_7,val_49,val_35,3/15/2023,73913.88509,14.57771461,849,49,8.054899419,304.3503883,2.271294469,9969.650321,254.3217741
val_502,KIT-IK-001,val_12,val_6,val_45,3/15/2023,28969.84174,30.68496714,871,172,1.038266159,934.640688,4.464564536,9655.822329,988.3186232
val_503,KIT-SU-001,val_14,val_41,val_45,3/15/2023,40987.7003,6.077831549,778,14,8.232636856,169.3141244,3.560037977,3388.75772,494.7637138
val_504,KIT-IK-001,val_14,val_20,val_5,3/15/2023,119813.5202,27.05013323,122,667,9.327766042,833.1105097,1.429890374,6875.586319,714.9679766
val_505,KIT-SU-001,val_11,val_7,val_22,3/15/2023,95283.96879,27.2775735,485,666,2.367873613,966.6083159,1.315668998,8810.361605,408.3999204
val_506,KIT-LK-001,val_10,val_10,val_35,3/15/2023,69961.59062,15.79144264,233,163,1.192115427,491.7425906,2.153729977,1420.908511,684.4221306
val_507,KIT-YB-001,val_9,val_6,val_0,3/16/2023,50074.40442,18.97383412,71,546,5.314284494,876.6598995,3.479329717,6460.856337,983.3964037
val_508,KIT-LK-001,val_4,val_53,val_21,3/16/2023,135152.3123,5.543973236,263,490,8.816771895,71.56284379,3.375033519,233.5121143,153.5869696
val_509,KIT-YB-001,val_9,val_46,val_33,3/16/2023,115998.3988,6.99148351,910,483,7.631482794,620.5889159,1.456891382,3035.564126,435.9255493
val_510,KIT-IK-001,val_0,val_6,val_38,3/16/2023,107857.7496,18.70193546,598,618,1.312291827,356.2326319,4.043196424,5939.176596,697.0252781
val_511,KIT-SU-001,val_19,val_37,val_19,3/16/2023,67177.07544,8.018891246,764,854,7.059379732,364.3113746,3.529060252,3821.774187,856.8550601
val_512,KIT-SU-001,val_7,val_39,val_41,3/16/2023,147183.4425,28.26499539,503,915,8.35970432,450.3633273,4.932224877,9298.861116,637.1876725
val_513,KIT-YB-001,val_15,val_31,val_32,3/16/2023,106655.5094,21.6443893,356,159,3.439446837,596.7763772,3.210380917,7721.368145,231.2845638
val_514,KIT-IK-001,val_19,val_36,val_2,3/17/2023,63831.89639,2.168938008,483,944,6.88072017,616.013506,2.309295176,3356.972041,645.1561519
val_515,KIT-YB-001,val_9,val_54,val_13,3/17/2023,144102.5305,12.65410806,984,574,5.445540636,278.27262,1.47740584,401.5186297,622.7341039
val_516,KIT-IK-001,val_17,val_31,val_45,3/17/2023,134410.887,30.07322241,287,181,2.850661599,383.9459617,4.676401997,3205.613492,43.64476556
val_517,KIT-IK-001,val_9,val_39,val_0,3/17/2023,111124.7964,9.855052872,311,932,9.113584594,249.5262558,1.150678795,6325.074759,606.8939555
val_518,KIT-LK-001,val_2,val_34,val_5,3/17/2023,115165.9202,25.24618253,848,370,3.007075283,632.5402976,2.394911905,9194.315692,532.5848879
val_519,KIT-IK-001,val_0,val_23,val_16,3/17/2023,63832.3112,3.464244802,370,446,8.56427882,102.0348334,3.122955436,7319.74015,289.4696355
val_520,KIT-SU-001,val_2,val_53,val_47,3/17/2023,76348.90029,32.58257116,904,968,7.314896763,423.5744823,3.279165536,858.649124,238.9176211
val_521,KIT-IK-001,val_18,val_24,val_33,3/18/2023,29136.32719,15.83722971,975,580,2.988181103,978.4873772,3.32929442,5704.943122,767.8867222
val_522,KIT-LK-001,val_9,val_47,val_7,3/18/2023,89511.73871,17.30648412,66,143,7.401909113,988.7783192,3.868481473,11522.27174,64.92026904
val_523,KIT-SU-001,val_6,val_36,val_18,3/18/2023,55802.52398,20.03008857,668,70,1.234044265,517.9632534,1.513287802,10867.743,284.5046485
val_524,KIT-YB-001,val_8,val_41,val_45,3/18/2023,52442.02967,12.84744542,94,821,3.126444215,247.4600098,3.877385321,8960.262649,701.0688235
val_525,KIT-LK-001,val_5,val_45,val_10,3/18/2023,142260.1161,25.43992848,880,349,3.568645066,583.4959318,4.558069299,3549.01541,209.2059271
val_526,KIT-YB-001,val_17,val_44,val_27,3/18/2023,25135.12326,0.707508087,115,99,9.002709427,488.4607856,1.121787449,461.5694724,117.6059562
val_527,KIT-IK-001,val_19,val_33,val_22,3/18/2023,124581.0508,5.844708514,888,41,9.238487406,42.48671056,1.143230473,5585.128804,982.8948399
val_528,KIT-YB-001,val_1,val_36,val_36,3/19/2023,42579.55137,6.770967933,770,946,3.438928584,989.0946934,4.965520251,4618.377728,565.6314129
val_529,KIT-YB-001,val_14,val_30,val_36,3/19/2023,4784.016538,22.3098384,536,572,5.27192712,327.1672507,2.247770057,8175.005819,268.7651751
val_530,KIT-LK-001,val_6,val_20,val_39,3/19/2023,6549.230434,31.19290835,208,524,9.834611026,399.2796373,2.820252091,1032.953241,153.965351
val_531,KIT-YB-001,val_0,val_43,val_5,3/19/2023,64662.03514,2.414663004,267,591,6.993797766,513.5610273,2.240250331,11095.86667,7.106315379
val_532,KIT-IK-001,val_18,val_52,val_21,3/19/2023,68441.90547,29.86555928,431,419,1.627411566,880.3699477,3.225946581,8883.142219,749.7520653
val_533,KIT-IK-001,val_1,val_42,val_33,3/19/2023,48377.5437,28.71907313,848,951,4.522888012,799.1195965,3.845926213,11657.78014,357.4960899
val_534,KIT-YB-001,val_4,val_46,val_20,3/19/2023,100482.551,2.866573043,898,602,4.792944426,205.5501462,4.039799486,10410.70226,194.5631262
val_535,KIT-YB-001,val_0,val_49,val_32,3/20/2023,73058.74538,5.184349148,502,639,3.757569984,716.4463082,2.421555249,5276.695053,903.5311269
val_536,KIT-LK-001,val_9,val_22,val_30,3/20/2023,11579.90342,12.38157728,233,894,5.679218834,874.5647114,2.042307581,8017.462907,696.3310053
val_537,KIT-IK-001,val_11,val_3,val_17,3/20/2023,52536.64364,4.19050258,564,2,7.624186486,714.2639161,3.186527992,10178.42722,810.4106842
val_538,KIT-YB-001,val_6,val_20,val_4,3/20/2023,15743.42871,26.5883575,832,319,7.223506079,139.1843236,2.53702017,2605.725888,655.7397911
val_539,KIT-LK-001,val_1,val_45,val_46,3/20/2023,9905.896237,17.74161212,541,834,4.163933525,538.8985026,3.488446303,313.6343983,916.710708
val_540,KIT-SU-001,val_2,val_48,val_39,3/20/2023,31641.84044,14.49460837,891,96,7.629757605,838.557935,3.446215695,3829.483784,344.4514614
val_541,KIT-YB-001,val_18,val_30,val_42,3/21/2023,105236.0314,25.42817736,9,329,5.806665646,195.617082,4.577812217,5361.967518,156.4098889
val_542,KIT-LK-001,val_16,val_46,val_14,3/21/2023,104552.246,10.39275898,502,163,7.925618949,538.5372942,1.015426024,7569.932489,6.66978189
val_543,KIT-YB-001,val_18,val_4,val_15,3/21/2023,129277.6745,30.52929325,45,714,2.025001114,669.5504885,1.407392778,3308.407276,33.81677241
val_544,KIT-IK-001,val_10,val_38,val_15,3/21/2023,113584.6842,22.95804251,612,844,4.642840091,635.3699812,4.146994803,5416.304474,853.8593662
val_545,KIT-LK-001,val_10,val_40,val_1,3/21/2023,80556.60525,12.25838486,617,264,4.551847658,106.6040386,3.334239814,7854.416871,614.8580297
val_546,KIT-IK-001,val_15,val_30,val_8,3/21/2023,47235.50716,18.98756962,312,688,4.166225322,277.4558206,1.250024127,9928.19959,45.55915306
val_547,KIT-IK-001,val_12,val_42,val_14,3/21/2023,1368.818528,9.228806968,795,760,7.282304896,552.13286,4.770228671,2877.836693,106.7263423
val_548,KIT-SU-001,val_8,val_29,val_47,3/22/2023,97247.05345,34.47732978,952,906,6.01415667,208.7632028,3.601617525,9638.86249,696.5108709
val_549,KIT-YB-001,val_5,val_31,val_9,3/22/2023,43812.12155,15.35903057,457,928,4.473028473,333.7120501,2.943982137,11282.56339,384.8877837
val_550,KIT-IK-001,val_9,val_36,val_24,3/22/2023,37889.96521,31.40774051,435,456,5.826720781,415.0763449,4.118344015,5032.834526,774.4057031
val_551,KIT-LK-001,val_1,val_47,val_26,3/22/2023,146236.4183,34.23511191,190,79,7.339536309,13.6240013,3.38406041,6713.456611,936.5573324
val_552,KIT-YB-001,val_3,val_14,val_17,3/22/2023,26548.90876,18.84557761,28,745,7.076147026,510.4229476,2.493187476,317.810193,755.9995127
val_553,KIT-LK-001,val_14,val_18,val_44,3/22/2023,5348.993607,25.60384584,407,544,7.846067076,994.7565632,2.186539967,8580.472934,181.5760575
val_554,KIT-SU-001,val_17,val_25,val_4,3/22/2023,142433.8641,20.11418819,441,459,8.663275794,408.2678415,2.813719419,10489.75742,649.6700655
val_555,KIT-IK-001,val_2,val_12,val_41,3/23/2023,46248.00495,3.386553621,769,540,7.654526828,274.2983916,2.900985047,435.8489957,595.3423822
val_556,KIT-YB-001,val_1,val_20,val_35,3/23/2023,59316.29757,33.34414823,862,644,2.621252216,252.9953867,3.848127656,10155.27746,847.9165251
val_557,KIT-IK-001,val_1,val_21,val_14,3/23/2023,12599.76814,16.0909485,108,286,8.619209923,515.1744313,2.892011303,1958.463467,200.2854541
val_558,KIT-YB-001,val_15,val_18,val_36,3/23/2023,60907.74956,31.3133967,152,328,3.988209071,456.0104382,1.07336865,10136.76569,718.9206553
val_559,KIT-SU-001,val_6,val_24,val_20,3/23/2023,145847.083,23.01506604,560,342,6.993779757,861.9851511,3.738603971,6594.476383,599.783318
val_560,KIT-IK-001,val_6,val_30,val_46,3/23/2023,104255.9478,3.860643008,375,493,9.918727645,639.2447418,1.27843233,4567.880591,477.5688746
val_561,KIT-YB-001,val_0,val_41,val_1,3/23/2023,71336.8143,14.71344339,702,676,3.651778532,398.6521503,4.3853232,11306.9023,291.0851009
val_562,KIT-SU-001,val_19,val_18,val_1,3/24/2023,46467.01108,7.015515783,322,42,3.43189839,385.7468666,3.833104093,7425.824389,26.03207548
val_563,KIT-IK-001,val_8,val_50,val_26,3/24/2023,55223.57191,6.111123284,416,292,2.639471067,547.1905907,3.391360694,656.1376266,805.6008216
val_564,KIT-YB-001,val_15,val_28,val_44,3/24/2023,91878.60842,25.08508828,444,728,9.856701591,253.3680636,2.816636384,9238.804599,107.4295234
val_565,KIT-SU-001,val_14,val_43,val_3,3/24/2023,38540.28436,1.244695559,601,30,4.842419954,422.8456067,1.688442211,2352.305783,377.3701458
val_566,KIT-SU-001,val_2,val_6,val_37,3/24/2023,23216.15506,33.8216918,69,796,8.054789146,285.0401091,3.619984333,11094.64356,496.15488
val_567,KIT-IK-001,val_16,val_10,val_45,3/24/2023,104586.1868,15.85733348,884,769,1.443155534,515.4662027,1.437976465,2164.180585,329.7189894
val_568,KIT-LK-001,val_11,val_27,val_23,3/24/2023,130485.7317,17.2435673,339,319,2.623816011,546.6023739,3.418183114,5954.364191,662.4519857
val_569,KIT-LK-001,val_12,val_21,val_41,3/25/2023,135280.0668,10.62012558,213,625,1.568659881,846.8092604,1.733353835,6366.418895,328.4874754
val_570,KIT-YB-001,val_4,val_29,val_36,3/25/2023,126292.0705,3.179439334,641,490,8.340715255,251.1771582,3.387482026,6852.601386,516.31326
val_571,KIT-YB-001,val_16,val_9,val_10,3/25/2023,79824.65241,20.67084521,135,250,1.958981471,904.7249306,1.604637355,6492.875664,95.19280927
val_572,KIT-YB-001,val_18,val_28,val_41,3/25/2023,118430.2299,12.19745655,590,149,9.308454229,535.2683473,1.377928906,5380.741533,434.4951965
val_573,KIT-IK-001,val_8,val_41,val_33,3/25/2023,138990.1819,21.91772704,60,962,6.973817173,726.8334812,2.883482819,8611.416935,583.0005005
val_574,KIT-YB-001,val_1,val_43,val_0,3/25/2023,3992.707146,19.54078931,264,860,9.185841202,611.6715785,3.839015102,2035.605089,861.8253868
val_575,KIT-YB-001,val_16,val_14,val_27,3/25/2023,62108.68355,7.748497469,726,899,4.679727837,829.0388639,1.953816235,9489.793117,181.5916015
val_576,KIT-LK-001,val_17,val_20,val_31,3/26/2023,31016.7592,16.2655565,372,140,5.730920617,663.1396755,2.990823684,641.9194074,338.6352469
val_577,KIT-LK-001,val_10,val_31,val_38,3/26/2023,149516.9334,10.92059273,901,965,1.248150541,11.07353186,4.195524181,10136.7259,259.291439
val_578,KIT-LK-001,val_11,val_31,val_37,3/26/2023,139470.1184,8.542398027,356,626,5.193153195,390.2752902,3.197744142,9047.980906,152.6651763
val_579,KIT-SU-001,val_4,val_47,val_22,3/26/2023,120426.7997,26.9857117,691,512,6.316452442,938.3642265,3.388517781,9585.716662,385.6174218
val_580,KIT-IK-001,val_1,val_23,val_14,3/26/2023,44734.03087,0.614349402,29,342,1.905310723,451.4525961,1.880637144,3703.765944,908.3372303
val_581,KIT-IK-001,val_18,val_40,val_9,3/26/2023,142839.2885,9.55712348,977,235,9.831117437,828.3846397,1.497996386,10226.55209,372.9384942
val_582,KIT-YB-001,val_9,val_53,val_4,3/26/2023,4872.940789,18.68178179,616,325,1.039519129,868.9598013,1.59616979,8355.661397,272.1642934
val_583,KIT-IK-001,val_5,val_17,val_30,3/27/2023,28611.93612,16.7698804,708,174,3.407055498,332.5779606,4.89121644,11628.78655,958.0422795
val_584,KIT-IK-001,val_13,val_49,val_46,3/27/2023,92722.62626,32.91775338,325,790,6.540594228,857.724709,1.346473054,436.1313509,715.4737444
val_585,KIT-SU-001,val_0,val_19,val_3,3/27/2023,119054.5035,29.55928035,288,949,5.478744727,377.4349956,1.606027878,9528.164108,369.6747379
val_586,KIT-LK-001,val_1,val_20,val_33,3/27/2023,132602.8125,26.35577143,437,968,3.152788164,25.36042901,1.822776099,7554.970165,749.3185228
val_587,KIT-IK-001,val_4,val_39,val_28,3/27/2023,45426.0373,18.08991904,255,891,9.880783089,694.4074812,4.151782435,11870.64423,638.5445324
val_588,KIT-IK-001,val_9,val_37,val_8,3/27/2023,58925.28786,15.12595429,20,132,2.699896632,820.2892817,2.59181422,5427.887841,854.8395663
val_589,KIT-IK-001,val_7,val_32,val_10,3/28/2023,68496.69659,1.472620987,667,741,6.115167074,451.6075155,4.163585008,3499.934102,111.0089299
val_590,KIT-LK-001,val_3,val_13,val_13,3/28/2023,4532.585871,28.79405509,717,858,2.042956702,173.4093624,2.67571124,10580.99617,539.8592283
val_591,KIT-IK-001,val_7,val_5,val_32,3/28/2023,129663.4033,15.18880906,676,511,1.505257733,615.2847822,4.178938683,4043.189324,702.1243819
val_592,KIT-SU-001,val_6,val_54,val_14,3/28/2023,51023.2881,11.36966523,554,558,5.390845856,738.2568039,4.581889177,8492.900247,997.6749797
val_593,KIT-LK-001,val_10,val_52,val_39,3/28/2023,30292.12884,21.31087642,524,384,8.242300593,654.8169523,2.789182441,4115.806319,601.7393554
val_594,KIT-IK-001,val_11,val_53,val_17,3/28/2023,61674.96093,26.4439961,986,823,5.781835257,355.7926401,4.945469019,11359.52358,140.6892307
val_595,KIT-LK-001,val_17,val_30,val_5,3/28/2023,106729.2245,18.40218595,527,704,3.64267392,368.3293991,4.731644872,6407.984235,971.5393765
val_596,KIT-YB-001,val_16,val_53,val_4,3/29/2023,130701.8791,5.405494507,706,629,1.150567238,549.0974239,1.061432742,3973.534441,458.7709019
val_597,KIT-SU-001,val_5,val_28,val_19,3/29/2023,32698.7817,32.27329718,417,9,9.464788882,193.3936754,3.256567336,9904.545042,488.2003376
val_598,KIT-LK-001,val_18,val_4,val_19,3/29/2023,26305.63857,4.127162249,33,961,2.906961342,846.1764529,3.628488897,937.1938183,253.1466987
val_599,KIT-IK-001,val_10,val_11,val_35,3/29/2023,141595.5537,33.94109278,350,524,6.1711467,102.3190457,4.372657236,1306.344006,813.6290633
val_600,KIT-LK-001,val_3,val_16,val_22,3/29/2023,82858.50636,15.59820315,722,956,1.139736321,486.5496795,3.693440009,10073.25112,529.29916
val_601,KIT-YB-001,val_6,val_22,val_7,3/29/2023,55182.91684,33.14248716,634,679,1.87484108,859.4390245,3.753004388,4016.284485,973.9017902
val_602,KIT-YB-001,val_14,val_56,val_10,3/29/2023,30298.25853,32.02981164,694,521,2.531525631,529.417997,2.158580878,2283.348508,519.0283355
val_603,KIT-LK-001,val_16,val_19,val_27,3/30/2023,149289.5494,14.33810084,748,754,2.0108248,760.949454,4.282168516,7128.42313,180.5556805
val_604,KIT-SU-001,val_7,val_36,val_16,3/30/2023,108018.0509,28.04088011,218,246,5.776783041,239.5775396,1.253154535,3204.011072,770.3062104
val_605,KIT-IK-001,val_3,val_16,val_32,3/30/2023,33073.85357,3.324084108,814,451,4.573480735,445.5124703,3.629581609,11848.76244,147.7010189
val_606,KIT-SU-001,val_3,val_38,val_44,3/30/2023,14143.287,3.079152571,715,25,8.211565152,713.0601169,1.808095806,9883.090713,283.3483934
val_607,KIT-SU-001,val_2,val_34,val_17,3/30/2023,30292.71042,12.58728981,308,745,2.045837554,888.3302288,4.062303931,10692.26761,939.4862691
val_608,KIT-LK-001,val_13,val_9,val_26,3/30/2023,37537.51928,21.42052148,504,324,4.879612106,643.0456233,4.160965446,10036.32003,976.3657636
val_609,KIT-YB-001,val_10,val_27,val_39,3/30/2023,17107.30456,0.52437323,858,95,4.854258345,242.7665051,1.69913992,10653.15553,776.6640656
val_610,KIT-LK-001,val_9,val_6,val_10,3/31/2023,34832.87992,18.12809435,167,797,3.0773062,146.2928148,4.174211897,4188.153742,206.8969751
val_611,KIT-LK-001,val_13,val_53,val_24,3/31/2023,17958.56589,34.15251225,303,233,1.863653362,841.5398218,4.349982162,8146.26357,741.9211317
val_612,KIT-IK-001,val_16,val_42,val_14,3/31/2023,56970.88928,30.07390092,192,224,1.095965319,554.0358886,1.212127029,10902.39544,594.0539929
val_613,KIT-SU-001,val_15,val_56,val_30,3/31/2023,73186.19125,8.289977567,305,144,1.169450976,183.8720623,2.720026811,8294.216761,446.739498
val_614,KIT-YB-001,val_2,val_52,val_35,3/31/2023,68565.1034,18.57679292,204,604,4.587625292,485.6767357,1.77078081,11966.42803,446.1353204
val_615,KIT-IK-001,val_11,val_13,val_6,3/31/2023,124466.9052,6.165025165,806,340,1.488495594,126.3226491,1.505623143,10413.29661,453.0500149
val_616,KIT-SU-001,val_17,val_42,val_8,3/31/2023,38472.31026,9.361453128,992,571,4.551018027,105.1716487,4.214220241,1037.068475,322.3577862
val_617,KIT-YB-001,val_15,val_6,val_1,4/1/2023,133120.5267,32.32042918,970,344,4.93668583,919.9769245,2.172715044,6119.650764,538.0334391
val_618,KIT-SU-001,val_6,val_57,val_0,4/1/2023,136264.3614,34.92267909,358,754,5.008473582,544.6271721,3.575985528,3451.376702,36.53736795
val_619,KIT-LK-001,val_7,val_47,val_2,4/1/2023,143990.0569,8.641122387,933,374,2.724899242,248.9126287,1.014725793,10525.65402,848.4914539
val_620,KIT-SU-001,val_17,val_40,val_33,4/1/2023,27556.99347,7.579961981,81,793,5.48843763,881.2667893,1.31781642,11259.5205,897.0411991
val_621,KIT-YB-001,val_0,val_59,val_43,4/1/2023,37239.79636,13.55830449,111,466,4.530855542,998.884238,3.440963805,6886.084502,390.8183702
val_622,KIT-IK-001,val_10,val_50,val_19,4/1/2023,93762.92546,15.7158035,325,14,9.90574282,884.2020208,2.481090406,886.0581261,948.5683026
val_623,KIT-YB-001,val_2,val_51,val_42,4/1/2023,21563.29916,3.305853634,288,436,1.408321162,747.5913051,4.518820444,4290.820091,776.1449276
val_624,KIT-LK-001,val_17,val_6,val_35,4/2/2023,13300.38889,5.340261505,918,245,1.484906569,962.0669084,1.328957297,2425.194486,847.881667
val_625,KIT-LK-001,val_0,val_1,val_38,4/2/2023,11517.7332,14.98398891,760,490,8.420768951,197.3872307,3.495030596,6445.428955,891.2786534
val_626,KIT-LK-001,val_0,val_57,val_35,4/2/2023,91119.37038,8.392635769,754,124,3.394171062,877.6936229,3.811528006,11821.10636,340.3184407
val_627,KIT-LK-001,val_6,val_15,val_9,4/2/2023,120799.3822,29.60372998,807,753,2.654078271,358.739474,3.444878387,4250.480092,812.7145048
val_628,KIT-YB-001,val_4,val_25,val_25,4/2/2023,39203.40657,26.35382036,725,625,8.870367353,32.23790397,3.722837163,8860.891717,145.1292894
val_629,KIT-YB-001,val_9,val_2,val_25,4/2/2023,140063.3161,18.86457739,504,142,5.794561885,32.37794249,1.997321609,10006.44088,977.0361078
val_630,KIT-SU-001,val_5,val_37,val_30,4/2/2023,118894.3584,15.2555003,58,979,6.542106968,187.8343507,4.068705879,9996.050811,595.2771268
val_631,KIT-SU-001,val_7,val_49,val_38,4/3/2023,12080.3306,29.11837555,16,351,1.071646131,779.4888613,3.218633462,1964.415666,694.1430375
val_632,KIT-LK-001,val_11,val_50,val_5,4/3/2023,61391.81771,5.976637956,976,210,3.346759039,896.6717769,4.152173484,3001.84872,306.4059746
val_633,KIT-IK-001,val_11,val_34,val_32,4/3/2023,10668.22247,31.08109749,502,0,3.332826819,127.9622966,1.48705907,2834.670513,31.86572775
val_634,KIT-IK-001,val_18,val_39,val_39,4/3/2023,137321.5266,1.907892941,954,246,7.848029777,845.3826083,1.508116184,3707.894649,163.0951322
val_635,KIT-LK-001,val_9,val_30,val_5,4/3/2023,111548.9206,32.33412727,31,28,4.469970263,755.4724359,2.582078986,752.3107908,142.0719985
val_636,KIT-IK-001,val_11,val_26,val_19,4/3/2023,103138.497,5.030589822,636,483,6.196917536,52.22410036,2.559450654,6564.686132,442.4325142
val_637,KIT-SU-001,val_13,val_33,val_42,4/4/2023,102563.9261,28.46104673,281,607,9.387132252,731.3895514,1.513869082,8942.974443,292.5365462
val_638,KIT-SU-001,val_3,val_56,val_1,4/4/2023,43134.78403,0.827968728,364,370,9.862094341,38.37923102,1.324818196,3277.653655,944.3832055
val_639,KIT-IK-001,val_13,val_15,val_7,4/4/2023,140064.1037,28.56472033,657,876,2.14596408,262.5830313,1.323101535,7749.992994,841.5249114
val_640,KIT-YB-001,val_17,val_28,val_38,4/4/2023,138455.1104,20.52566291,495,967,6.002803956,530.9094,1.209515347,6637.919705,539.8510804
val_641,KIT-IK-001,val_6,val_36,val_8,4/4/2023,111053.577,0.862391932,134,306,7.29227749,909.258937,1.132584951,1370.20359,852.3820929
val_642,KIT-IK-001,val_3,val_34,val_33,4/4/2023,70605.06596,27.14249963,1000,638,8.038475085,105.3517877,4.231030467,3029.386619,585.0775451
val_643,KIT-IK-001,val_6,val_1,val_43,4/4/2023,7543.801753,3.734194076,713,402,9.280973746,348.3053604,4.73993414,3049.516053,920.0204434
val_644,KIT-IK-001,val_5,val_17,val_23,4/5/2023,4732.546845,18.98870882,361,274,7.555034986,576.9168486,2.702700729,5966.413734,745.1449957
val_645,KIT-LK-001,val_11,val_38,val_23,4/5/2023,21151.08277,11.75373713,622,210,7.209416777,740.2052538,1.746961791,7608.645856,735.1868458
val_646,KIT-LK-001,val_17,val_41,val_20,4/5/2023,89566.82171,26.61905549,151,522,1.486879056,915.3886417,2.313474651,3756.215532,274.8972932
val_647,KIT-IK-001,val_11,val_44,val_17,4/5/2023,119815.8572,29.89211069,430,142,5.903372431,468.8501177,4.274064415,1700.071435,794.4648016
val_648,KIT-SU-001,val_2,val_59,val_18,4/5/2023,142295.6312,16.35682919,425,673,6.388888841,840.8994588,4.71700585,3376.780961,772.3644368
val_649,KIT-YB-001,val_6,val_40,val_26,4/5/2023,26716.63085,26.57631943,372,884,7.26847837,617.0216964,1.954744018,674.2035689,80.94305091
val_650,KIT-LK-001,val_13,val_34,val_42,4/5/2023,41691.41818,32.09854765,484,368,6.25026966,204.0539714,1.122436517,9034.251127,57.89300655
val_651,KIT-LK-001,val_6,val_19,val_47,4/6/2023,8587.992915,24.1841787,915,572,4.685050908,579.5876156,2.234475255,8451.865173,881.2507584
val_652,KIT-IK-001,val_11,val_22,val_41,4/6/2023,148362.5514,11.40526892,7,977,5.387117224,313.8176085,2.54145942,8113.799625,978.8553135
val_653,KIT-LK-001,val_13,val_49,val_5,4/6/2023,117246.8043,16.32326037,553,705,9.705876306,703.6424155,1.012031737,7489.806575,604.6362386
val_654,KIT-LK-001,val_6,val_28,val_14,4/6/2023,72366.76231,8.203921357,941,404,3.96193459,284.5408773,3.725700852,3712.794614,170.7947381
val_655,KIT-LK-001,val_12,val_42,val_36,4/6/2023,86547.02062,16.15261022,889,882,8.060112692,262.844157,1.498009766,1562.702633,421.1890514
val_656,KIT-IK-001,val_7,val_7,val_26,4/6/2023,84545.07449,8.756988671,898,42,6.466961064,945.3632865,1.327364766,7268.381065,21.04892158
val_657,KIT-YB-001,val_2,val_7,val_16,4/6/2023,38526.93259,28.29229043,412,588,4.99447843,908.6994464,3.876541326,8844.389726,821.727013
val_658,KIT-YB-001,val_7,val_12,val_14,4/7/2023,28215.9088,21.42512647,567,252,4.728866584,451.7452211,4.083129858,9767.955681,103.1595712
val_659,KIT-YB-001,val_8,val_11,val_5,4/7/2023,44897.86964,22.2369603,595,180,5.835039645,765.4674729,1.736112616,8773.067191,335.1506705
val_660,KIT-SU-001,val_0,val_36,val_15,4/7/2023,37449.45569,4.037162439,838,517,8.198132512,982.0625158,4.073960917,7972.237225,562.7042726
val_661,KIT-IK-001,val_17,val_38,val_20,4/7/2023,83850.44943,0.250818703,955,714,2.099351389,88.62511949,2.189955334,9927.856557,698.0618367
val_662,KIT-SU-001,val_10,val_33,val_19,4/7/2023,46576.31947,27.66369489,255,738,9.195916421,606.1652496,2.232486691,9188.953068,907.0758323
val_663,KIT-YB-001,val_0,val_17,val_26,4/7/2023,109477.2463,19.07226327,124,748,7.967321644,253.4975366,1.489729401,11349.83891,421.8141719
val_664,KIT-YB-001,val_17,val_34,val_13,4/7/2023,85406.99006,32.61805744,265,288,4.141254404,800.0150392,1.906055982,271.3609093,191.029142
val_665,KIT-LK-001,val_17,val_7,val_9,4/8/2023,80073.43293,18.89592552,263,414,1.091634214,101.4108631,1.155075898,1930.697322,108.8980128
val_666,KIT-LK-001,val_0,val_28,val_42,4/8/2023,142718.4182,7.670812646,300,113,1.947031526,788.8104615,3.687850066,7041.0669,658.5491562
val_667,KIT-SU-001,val_3,val_9,val_19,4/8/2023,48700.22554,24.50698517,917,617,2.299558085,200.6093277,4.405480428,4932.498491,128.8080435
val_668,KIT-LK-001,val_7,val_4,val_12,4/8/2023,95472.84455,24.59420771,215,804,1.932220249,456.019359,1.193375595,4217.963817,658.2277856
val_669,KIT-IK-001,val_10,val_9,val_30,4/8/2023,507.5687406,2.480534625,422,485,1.925010815,813.8207809,2.021630373,9001.715766,456.2350702
val_670,KIT-LK-001,val_14,val_6,val_26,4/8/2023,110670.0853,24.33905123,358,313,9.64130661,67.46348718,2.384828599,6520.513199,416.5253478
val_671,KIT-LK-001,val_8,val_28,val_27,4/8/2023,75630.31739,7.595982144,272,333,6.926140157,928.1697751,2.570184357,6412.550133,260.9164663
val_672,KIT-IK-001,val_12,val_32,val_10,4/9/2023,31653.55111,9.057317429,196,650,8.38574854,217.3483618,4.296826576,788.0542163,901.7606929
val_673,KIT-SU-001,val_0,val_36,val_34,4/9/2023,725.8281861,1.29323143,998,673,6.065323861,500.7280928,1.171508432,5643.298317,716.1869871
val_674,KIT-IK-001,val_13,val_26,val_9,4/9/2023,106188.1226,22.03255335,627,476,6.575362286,734.5691655,3.45645351,7374.650905,524.6756651
val_675,KIT-SU-001,val_18,val_10,val_40,4/9/2023,99573.75518,25.66418289,102,247,8.928984882,123.4970952,3.129069848,3504.993823,423.783318
val_676,KIT-SU-001,val_10,val_1,val_20,4/9/2023,99978.36391,8.221109878,655,410,3.357722776,608.7456339,4.353896899,3019.991669,360.4459324
val_677,KIT-IK-001,val_9,val_42,val_19,4/9/2023,65899.49606,27.78035484,612,327,7.250721776,515.5674372,2.223455077,6697.22901,399.164245
val_678,KIT-IK-001,val_5,val_58,val_18,4/10/2023,96074.9502,26.71868876,359,98,9.093780811,585.8342288,1.407279791,10961.11276,853.6402687
val_679,KIT-IK-001,val_19,val_16,val_20,4/10/2023,85914.55112,14.45986404,788,406,9.426630375,662.4953137,1.522312026,1573.199095,421.414538
val_680,KIT-SU-001,val_0,val_12,val_31,4/10/2023,36214.80917,2.574235645,803,849,4.996434155,420.628038,3.522312199,3847.532127,4.400990171
val_681,KIT-SU-001,val_5,val_18,val_23,4/10/2023,78055.8222,9.950449396,787,615,8.710409863,298.7692099,3.183025423,886.0358224,923.2454441
val_682,KIT-YB-001,val_2,val_12,val_6,4/10/2023,77431.6228,5.956934383,639,133,5.534736064,183.8534726,3.369133655,4039.522695,592.856093
val_683,KIT-IK-001,val_17,val_13,val_27,4/10/2023,123631.6218,33.56687465,442,853,3.320973812,939.0659882,1.548365528,8399.123633,165.6779667
val_684,KIT-IK-001,val_9,val_29,val_12,4/10/2023,65306.60889,28.65750039,207,213,3.258631641,401.3757891,1.169959928,3960.332129,126.5863744
val_685,KIT-LK-001,val_18,val_47,val_5,4/11/2023,65694.77265,2.927501206,44,615,5.065898633,282.2243375,3.265973444,4902.324612,376.5800535
val_686,KIT-IK-001,val_13,val_42,val_40,4/11/2023,147668.4685,18.06840902,919,568,3.32099672,52.54666142,1.324247132,11238.85394,612.23453
val_687,KIT-SU-001,val_11,val_57,val_15,4/11/2023,134222.349,9.487644269,841,726,1.26980779,751.206423,4.718561838,4295.559058,939.1708304
val_688,KIT-YB-001,val_10,val_21,val_28,4/11/2023,36721.75551,1.317705582,201,767,1.949922936,527.7456292,4.213270643,6566.716156,54.45281312
val_689,KIT-YB-001,val_4,val_29,val_8,4/11/2023,136588.8177,11.41608423,803,292,8.642981221,190.9642075,1.71981143,11216.78938,352.7762712
val_690,KIT-SU-001,val_11,val_22,val_16,4/11/2023,21126.01512,4.639968225,47,778,8.942578756,893.373841,3.391378377,6200.448468,257.1716681
val_691,KIT-SU-001,val_13,val_2,val_18,4/11/2023,128081.9633,7.95107433,237,588,8.857394695,933.7806147,1.528098215,2207.818416,421.1883934
val_692,KIT-SU-001,val_19,val_23,val_6,4/12/2023,27906.84482,11.56360808,150,350,5.983411081,880.6763112,4.744683769,1888.379149,792.0963658
val_693,KIT-SU-001,val_10,val_15,val_46,4/12/2023,64127.70066,14.42938767,340,103,9.416956208,560.9710382,3.357806994,10806.96388,158.5480616
val_694,KIT-LK-001,val_18,val_28,val_14,4/12/2023,147596.2839,16.50179737,319,569,5.491833507,373.2797546,2.271020542,10650.49666,934.9731147
val_695,KIT-YB-001,val_18,val_9,val_27,4/12/2023,15008.81601,18.30286504,513,463,5.162902456,161.8857366,3.721601515,3162.134057,256.4411858
val_696,KIT-SU-001,val_10,val_44,val_27,4/12/2023,126048.2791,13.0760266,459,471,5.269439408,377.2433126,1.010153763,7553.862231,752.7115157
val_697,KIT-YB-001,val_8,val_50,val_20,4/12/2023,74462.72545,17.54256577,114,690,3.287007399,612.1706299,2.151431096,2165.035111,639.4719348
val_698,KIT-SU-001,val_2,val_57,val_28,4/12/2023,17093.20918,14.74147439,150,709,6.52153032,226.5533698,1.936676774,2931.63341,547.7795708
val_699,KIT-IK-001,val_5,val_5,val_27,4/13/2023,142897.4612,33.76247642,821,179,5.040560218,463.9627219,2.384708109,11063.81522,843.8830293
val_700,KIT-YB-001,val_17,val_7,val_3,4/13/2023,82610.08954,2.553902297,548,296,9.771919002,573.0928698,1.341225346,4940.838328,607.1538633
val_701,KIT-SU-001,val_2,val_57,val_32,4/13/2023,132155.8328,20.59110665,923,902,2.547832566,731.4344889,4.871958651,2660.520064,782.4656378
val_702,KIT-YB-001,val_7,val_50,val_5,4/13/2023,130431.4878,6.938921564,130,594,1.690338327,91.35111634,2.871550421,6384.646345,589.1538139
val_703,KIT-LK-001,val_13,val_35,val_20,4/13/2023,2687.87015,13.26523729,308,417,4.160258375,866.9962603,4.425632588,10241.86388,720.4655851
val_704,KIT-IK-001,val_4,val_19,val_17,4/13/2023,40093.68518,19.21701018,157,973,2.939949214,456.0744079,1.238053361,10028.82558,47.48898089
val_705,KIT-YB-001,val_19,val_31,val_21,4/13/2023,50869.77615,26.64136877,924,671,9.927141264,581.9310496,4.379296278,8011.814829,645.1085244
val_706,KIT-YB-001,val_12,val_32,val_3,4/14/2023,80462.17481,34.22504269,159,850,6.027204337,940.3167815,3.612138967,9798.686148,888.9967772
val_707,KIT-YB-001,val_0,val_50,val_33,4/14/2023,11243.96847,17.37803388,801,470,4.237458672,167.9787134,3.715092809,9398.713636,650.3383498
val_708,KIT-SU-001,val_4,val_31,val_20,4/14/2023,58650.5513,9.142873236,192,163,6.784670234,884.4860215,4.225370864,11571.09836,818.12781
val_709,KIT-LK-001,val_14,val_1,val_2,4/14/2023,122288.3995,27.74681759,728,732,5.078003538,804.4304245,3.104292402,7938.914618,990.9716012
val_710,KIT-IK-001,val_17,val_41,val_0,4/14/2023,26392.07169,7.910721255,455,817,2.879426253,994.0273663,3.536045482,7255.22138,156.2506697
val_711,KIT-LK-001,val_18,val_46,val_25,4/14/2023,105340.8329,17.87285539,970,584,4.550673766,393.0422846,4.599138567,10886.8624,689.1117338
val_712,KIT-SU-001,val_17,val_17,val_31,4/14/2023,69319.2467,29.66555316,69,433,3.577189218,126.8471065,1.500418463,4466.257191,897.2427806
val_713,KIT-SU-001,val_1,val_6,val_26,4/15/2023,11070.41528,14.25218811,324,122,6.7383332,14.17615382,1.222664174,6016.045579,28.74627335
val_714,KIT-SU-001,val_14,val_8,val_34,4/15/2023,27017.42281,19.58282628,723,245,8.349117416,792.595888,4.930769463,10337.77829,173.6565663
val_715,KIT-YB-001,val_2,val_50,val_36,4/15/2023,21584.09439,4.360340664,916,925,3.363193883,136.5961925,4.525990775,11751.81008,249.6513859
val_716,KIT-LK-001,val_1,val_26,val_41,4/15/2023,93147.81802,2.147678517,539,168,6.59194005,306.0121177,3.055943892,5170.961709,880.2811726
val_717,KIT-YB-001,val_13,val_31,val_47,4/15/2023,13554.99763,34.52262998,98,660,7.376318758,987.3150376,4.12308261,7159.570857,977.2318182
val_718,KIT-SU-001,val_9,val_57,val_42,4/15/2023,123545.4937,6.425570085,629,663,4.330097346,442.094949,4.527683481,10085.11669,913.5070021
val_719,KIT-IK-001,val_12,val_3,val_38,4/15/2023,121095.5401,11.87710649,478,472,5.387820827,231.2057032,2.867425493,6321.2895,474.004104
val_720,KIT-YB-001,val_17,val_12,val_20,4/16/2023,12469.26857,17.76303407,775,997,4.229350067,753.2335579,1.391835432,4973.525543,667.6557812
val_721,KIT-SU-001,val_1,val_49,val_24,4/16/2023,133285.4811,13.23161197,552,677,4.356144715,271.5536843,2.922578538,965.4092787,103.9555405
val_722,KIT-SU-001,val_10,val_32,val_29,4/16/2023,143894.5434,3.587399289,898,967,5.015948877,531.0218754,2.405491552,2702.262153,979.0799274
val_723,KIT-SU-001,val_16,val_1,val_8,4/16/2023,6998.480678,7.052611512,122,261,3.658806331,157.3319874,1.092568341,4110.863308,944.0441106
val_724,KIT-YB-001,val_8,val_42,val_32,4/16/2023,142574.2704,17.37197884,624,741,5.394969698,460.8329244,4.836188517,4939.41212,596.3155472
val_725,KIT-YB-001,val_10,val_8,val_28,4/16/2023,42279.59432,15.47029484,738,769,7.770207,108.61771,3.863137051,9359.259846,143.1277216
val_726,KIT-YB-001,val_9,val_46,val_24,4/17/2023,99881.91015,27.97714576,406,919,4.548679567,773.0947148,4.143273877,2168.375693,947.440418
val_727,KIT-SU-001,val_18,val_47,val_40,4/17/2023,26634.95406,11.05022091,475,411,9.508940213,365.1390205,3.387040375,1054.242416,895.7927821
val_728,KIT-YB-001,val_0,val_49,val_32,4/17/2023,122709.6495,32.92296618,696,332,2.961959758,318.803692,2.07668395,7135.780221,990.6813921
val_729,KIT-LK-001,val_17,val_27,val_44,4/17/2023,126366.0446,10.04180043,455,805,5.045542739,993.7858052,3.338809163,295.6139029,507.8535817
val_730,KIT-YB-001,val_16,val_16,val_46,4/17/2023,146762.0401,11.72919329,392,719,6.41516509,829.7025264,3.721085652,11184.19892,348.1745557
val_731,KIT-IK-001,val_16,val_52,val_39,4/17/2023,148883.7526,33.23610386,582,274,5.889379793,553.9252554,3.389360229,3221.005881,377.1574548
val_732,KIT-IK-001,val_8,val_33,val_14,4/17/2023,11840.72731,29.44882154,804,304,9.522466028,944.2122367,1.508577144,10037.04824,497.1055636
val_733,KIT-SU-001,val_10,val_38,val_9,4/18/2023,98865.55839,11.23048521,134,791,3.918952325,211.3987315,4.254207898,4678.452852,912.2888164
val_734,KIT-LK-001,val_7,val_8,val_14,4/18/2023,41320.40348,13.95590725,874,570,4.39869001,573.4854316,2.19020947,11986.43694,128.6891898
val_735,KIT-YB-001,val_5,val_37,val_34,4/18/2023,19273.87895,29.51065758,200,907,6.361134126,929.0572539,2.58692671,6114.985306,648.5264695
val_736,KIT-YB-001,val_17,val_34,val_41,4/18/2023,22744.9151,3.195912311,97,631,6.367302043,569.7065299,3.202852862,11561.77186,915.1770404
val_737,KIT-SU-001,val_10,val_17,val_42,4/18/2023,140497.3672,10.45473562,180,981,8.086968752,307.9897828,4.910542754,5732.762843,273.7721502
val_738,KIT-YB-001,val_14,val_46,val_32,4/18/2023,102705.5611,18.69815221,76,327,8.150641718,811.6560124,2.250098093,8628.150115,525.2167566
val_739,KIT-SU-001,val_2,val_8,val_32,4/18/2023,8043.91217,29.04586536,952,777,1.097838626,138.8101269,1.167503371,950.9206038,794.4618965
val_740,KIT-SU-001,val_15,val_43,val_45,4/19/2023,147642.3967,19.84866026,292,190,7.877794436,152.0002982,4.889824241,5450.619404,514.7502689
val_741,KIT-LK-001,val_13,val_57,val_32,4/19/2023,121267.9293,17.24430388,773,704,7.460818067,731.12489,4.829916891,3395.284119,527.4726683
val_742,KIT-SU-001,val_19,val_34,val_6,4/19/2023,46722.30619,33.68169139,182,417,6.27193162,69.33184951,1.793119751,9559.480137,766.6170361
val_743,KIT-LK-001,val_2,val_6,val_24,4/19/2023,70894.57069,4.251081716,529,520,3.852880761,50.63078275,4.316175456,6482.741043,164.7052446
val_744,KIT-LK-001,val_10,val_33,val_17,4/19/2023,109123.1089,27.34629421,426,808,9.1635046,379.0747215,4.67846854,7752.092124,714.9158063
val_745,KIT-LK-001,val_10,val_31,val_30,4/19/2023,101566.7968,4.620813042,660,105,7.643976637,397.9064975,1.051968523,3195.063516,913.8572312
val_746,KIT-YB-001,val_10,val_33,val_30,4/19/2023,69730.59437,25.7023949,989,223,3.315586631,469.6503167,4.018999109,1578.615935,101.8988232
val_747,KIT-LK-001,val_1,val_16,val_14,4/20/2023,77102.29015,19.09951873,650,560,3.746981799,740.7321544,1.719542908,8230.653439,60.19527224
val_748,KIT-IK-001,val_9,val_37,val_14,4/20/2023,6959.548222,9.409688135,702,414,7.394101385,568.8529563,4.308722618,5418.799288,87.48650336
val_749,KIT-LK-001,val_5,val_15,val_4,4/20/2023,75344.67005,19.10813064,262,563,9.258888869,713.5485773,1.083784743,5120.960126,735.4004104
val_750,KIT-SU-001,val_12,val_33,val_14,4/20/2023,51366.91031,30.80367983,122,431,5.414870605,49.8945467,3.764965879,11574.48491,391.2170228
val_751,KIT-LK-001,val_4,val_35,val_39,4/20/2023,43115.15447,16.63199179,86,64,8.912797213,315.7032531,4.267101748,1595.479391,464.4894776
val_752,KIT-IK-001,val_8,val_38,val_31,4/20/2023,40808.5525,0.428934092,300,937,4.43903041,966.4069125,1.142555118,7797.263117,728.3582533
val_753,KIT-YB-001,val_12,val_47,val_45,4/20/2023,97517.56115,2.169875161,555,691,4.556473729,427.7652524,4.028252597,910.9647889,523.09519
val_754,KIT-SU-001,val_1,val_52,val_44,4/21/2023,64674.0143,22.21576682,60,610,7.173470816,222.4916712,1.475054517,8282.030589,600.1264341
val_755,KIT-YB-001,val_15,val_46,val_41,4/21/2023,64157.46006,23.79201835,263,149,1.454839163,992.0861935,1.316343071,6803.787474,850.6380734
val_756,KIT-LK-001,val_14,val_47,val_8,4/21/2023,24298.45521,14.18176609,631,197,2.250296477,411.31814,4.682659297,8777.520761,451.2600886
val_757,KIT-SU-001,val_1,val_52,val_16,4/21/2023,144298.6035,8.648757472,874,597,7.555825093,478.7818543,4.692121135,9059.714176,874.8227513
val_758,KIT-YB-001,val_1,val_14,val_2,4/21/2023,33976.96727,25.11563727,990,52,3.178769428,223.7971919,3.964562082,1758.122168,523.1969794
val_759,KIT-IK-001,val_17,val_17,val_4,4/21/2023,61213.32639,10.78480887,236,473,2.575711528,656.3530739,4.560821424,3441.400658,401.8620317
val_760,KIT-SU-001,val_5,val_31,val_11,4/21/2023,28935.61224,2.775603187,102,890,1.801474519,207.2300732,1.06682988,3178.258056,261.053861
val_761,KIT-YB-001,val_17,val_27,val_13,4/22/2023,105619.8564,14.45444677,573,875,3.023690249,609.9235697,3.046714051,7374.720699,730.3108392
val_762,KIT-LK-001,val_9,val_42,val_0,4/22/2023,65701.2476,18.96202311,939,515,3.25423818,757.439245,4.486552977,3248.639903,621.940154
val_763,KIT-LK-001,val_6,val_0,val_40,4/22/2023,62340.66588,33.80388215,420,232,4.070451757,652.3978325,4.571102274,6287.384151,808.1869698
val_764,KIT-IK-001,val_5,val_8,val_25,4/22/2023,131326.6854,20.80931561,905,74,9.444965982,90.38226944,2.468107287,5417.145157,546.7037317
val_765,KIT-IK-001,val_13,val_44,val_31,4/22/2023,114042.2375,7.449541085,743,171,6.801566561,79.77409638,2.298438862,7110.706642,866.8429309
val_766,KIT-SU-001,val_2,val_49,val_31,4/22/2023,78221.32041,29.16033676,899,280,7.239822385,842.3515474,3.799913388,4346.041057,287.4446472
val_767,KIT-IK-001,val_8,val_18,val_46,4/23/2023,70554.2654,10.34357331,951,551,2.194735504,904.5591018,1.240674996,11114.40473,730.5045592
val_768,KIT-IK-001,val_6,val_18,val_7,4/23/2023,144005.259,33.58288079,107,726,2.734000197,135.6603684,4.122080464,11587.10548,393.3226594
val_769,KIT-YB-001,val_3,val_33,val_16,4/23/2023,143491.0936,11.52086688,411,460,9.088039904,375.4601873,1.998728938,4340.354219,113.9165407
val_770,KIT-YB-001,val_7,val_28,val_14,4/23/2023,105863.2448,31.85122485,49,827,6.708782142,654.0668613,3.086289989,10988.25116,528.3132858
val_771,KIT-SU-001,val_10,val_10,val_26,4/23/2023,114142.115,30.78759809,44,161,8.286858958,835.4809516,1.77020247,9557.796509,231.3322946
val_772,KIT-SU-001,val_13,val_30,val_25,4/23/2023,134914.3898,30.26694761,475,423,4.217163694,908.985209,3.937431631,2868.158493,61.74008442
val_773,KIT-YB-001,val_1,val_49,val_37,4/23/2023,144664.159,1.570607757,662,614,6.194861859,698.6827554,4.825877697,6841.153879,363.211834
val_774,KIT-YB-001,val_17,val_43,val_26,4/24/2023,12800.07756,29.7754749,886,53,5.519868507,147.4745183,3.163334509,4655.943134,977.5389199
val_775,KIT-LK-001,val_17,val_49,val_11,4/24/2023,149602.1555,25.30124414,129,906,2.848708091,768.3509609,4.80286716,9651.048367,894.1021265
val_776,KIT-SU-001,val_13,val_38,val_27,4/24/2023,105601.8211,11.83358002,33,996,8.422925599,859.0249338,2.608277154,10748.19269,979.801138
val_777,KIT-IK-001,val_18,val_52,val_46,4/24/2023,89115.3557,17.25542524,104,740,4.00380616,351.3059703,2.145606078,7544.4663,28.57362144
val_778,KIT-IK-001,val_8,val_14,val_27,4/24/2023,62268.48524,22.4690434,927,703,5.201987096,494.1526785,4.354441577,7635.559536,152.8585974
val_779,KIT-IK-001,val_16,val_2,val_28,4/24/2023,50790.28911,33.03508684,662,209,2.196937873,166.3826091,1.1517273,8710.778298,235.1000483
val_780,KIT-IK-001,val_14,val_6,val_8,4/24/2023,120729.4262,27.34694017,481,183,6.745210261,304.5194996,2.124701518,6041.848326,736.747164
val_781,KIT-SU-001,val_11,val_59,val_0,4/25/2023,98338.04095,15.11182583,102,238,8.120218993,869.7996151,3.761959045,5753.776207,978.114256
val_782,KIT-LK-001,val_3,val_38,val_10,4/25/2023,30505.42274,22.66064058,371,135,4.693494766,88.84723078,1.755646825,6845.804554,406.3805323
val_783,KIT-SU-001,val_11,val_14,val_1,4/25/2023,91681.70005,6.668306465,128,558,9.803188091,762.4231229,4.561812507,9856.670737,583.5856714
val_784,KIT-LK-001,val_18,val_51,val_21,4/25/2023,21604.33221,14.95319537,30,958,3.318255625,97.63707406,2.928711212,7839.700474,88.44437212
val_785,KIT-SU-001,val_19,val_18,val_42,4/25/2023,74782.78656,27.7372864,439,678,8.857725182,292.6204155,1.983612903,1898.997383,629.2163309
val_786,KIT-YB-001,val_8,val_35,val_21,4/25/2023,87726.91686,21.30932206,503,882,7.490939472,582.4124058,2.485019758,1856.81129,900.0010836
val_787,KIT-LK-001,val_4,val_14,val_30,4/25/2023,95534.76858,27.45707034,452,979,9.345354638,3.313387247,2.134989301,5107.597515,659.2377432
val_788,KIT-YB-001,val_14,val_5,val_41,4/26/2023,22216.69736,17.94162239,872,662,7.665833921,675.3724924,3.803676538,7977.288468,653.327009
val_789,KIT-LK-001,val_1,val_16,val_36,4/26/2023,14791.98003,13.42899151,914,104,5.4536705,316.1951682,1.439619187,4815.078665,487.4755992
val_790,KIT-YB-001,val_3,val_13,val_31,4/26/2023,39176.87081,26.04040516,121,931,4.721234172,748.57031,4.414693021,4704.586428,449.9767271
val_791,KIT-YB-001,val_11,val_33,val_37,4/26/2023,91250.95991,3.462669075,276,546,8.464595381,975.2367547,1.595278944,10766.30002,369.8229691
val_792,KIT-IK-001,val_19,val_1,val_13,4/26/2023,139786.5807,34.25551783,501,547,8.563271255,416.4890911,2.129868747,10445.03782,820.1980591
val_793,KIT-LK-001,val_6,val_14,val_20,4/26/2023,116978.9679,33.20340734,401,988,6.30013526,29.99589452,3.506819207,5812.811649,644.7209961
val_794,KIT-SU-001,val_8,val_34,val_19,4/26/2023,111983.7235,30.8368275,436,684,7.319118939,848.8915768,2.41682647,8675.750813,299.6212285
val_795,KIT-YB-001,val_6,val_23,val_38,4/27/2023,49869.73551,30.97287784,708,111,5.165717825,274.578349,3.040213852,5534.725183,517.8807288
val_796,KIT-YB-001,val_8,val_38,val_19,4/27/2023,17200.25328,17.98475299,180,765,2.96534176,148.6164841,3.276417246,7317.037935,115.7033966
val_797,KIT-LK-001,val_0,val_39,val_45,4/27/2023,133844.9412,17.52851107,827,973,1.44982431,879.2119821,2.036087348,3439.233357,45.76408353
val_798,KIT-IK-001,val_11,val_57,val_8,4/27/2023,75377.599,28.73885957,265,237,6.88334844,232.5297032,3.138407142,6070.915396,136.2650754
val_799,KIT-YB-001,val_11,val_50,val_8,4/27/2023,15526.37151,10.05732662,349,462,7.022917294,605.2852917,4.757455987,7781.960443,867.5641019
val_800,KIT-SU-001,val_6,val_13,val_34,4/27/2023,80477.82515,29.77699952,221,103,6.987372055,253.9836453,1.009903516,5412.983643,257.2231008
val_801,KIT-SU-001,val_5,val_41,val_36,4/27/2023,101473.8313,7.190631374,631,718,6.06166719,712.458195,3.384913655,9160.757696,963.0925724
val_802,KIT-YB-001,val_15,val_37,val_32,4/28/2023,48325.05443,30.79293303,696,143,4.081607752,648.7465922,2.280824292,3354.399254,338.2887626
val_803,KIT-LK-001,val_3,val_35,val_14,4/28/2023,1882.715287,19.02976565,624,425,3.178329767,509.1682133,4.448221179,351.9452802,409.7050974
val_804,KIT-IK-001,val_0,val_47,val_0,4/28/2023,93430.24084,29.54374376,494,651,1.591343424,555.0249037,1.386368115,10988.16328,812.0448342
val_805,KIT-YB-001,val_0,val_8,val_15,4/28/2023,6494.280005,17.36136887,303,841,2.332078596,227.2435307,1.242497883,4460.197322,223.9439615
val_806,KIT-IK-001,val_17,val_22,val_22,4/28/2023,65202.59699,21.37344007,688,319,6.654683659,21.92680409,2.619585106,3174.664851,909.4033139
val_807,KIT-SU-001,val_7,val_48,val_19,4/28/2023,123803.8966,32.45215733,118,909,7.91264211,800.7089045,3.694968952,5817.480128,653.4331881
val_808,KIT-YB-001,val_2,val_53,val_44,4/28/2023,149827.721,14.75378638,312,24,9.168605539,889.3012848,1.02580828,3142.566311,62.12507256
val_809,KIT-SU-001,val_17,val_2,val_41,4/29/2023,55860.28564,7.865966304,683,166,1.755250853,777.8692912,4.244935256,8852.275393,956.6193788
val_810,KIT-YB-001,val_2,val_28,val_37,4/29/2023,3508.975512,3.366115779,692,118,8.326236142,707.9249366,2.346054434,3820.198753,287.4821464
val_811,KIT-YB-001,val_6,val_15,val_1,4/29/2023,74189.01374,20.73127142,268,747,6.376778008,471.9241282,4.681013367,11901.95295,231.9608699
val_812,KIT-LK-001,val_0,val_10,val_6,4/29/2023,41803.17192,21.46576219,341,362,3.711847479,583.903103,4.623062424,3459.493429,898.2323952
val_813,KIT-IK-001,val_13,val_3,val_20,4/29/2023,133969.8645,21.80053781,318,20,7.532134706,691.6272054,4.055236155,4470.119331,325.3958782
val_814,KIT-YB-001,val_13,val_32,val_29,4/29/2023,106869.721,1.493381002,887,788,9.904186298,26.22816685,3.948022599,6552.899345,722.6661603
val_815,KIT-LK-001,val_15,val_40,val_32,4/30/2023,60946.32869,1.154058944,572,277,4.414758772,423.6705342,3.403248779,239.3328808,34.15735152
val_816,KIT-IK-001,val_5,val_31,val_14,4/30/2023,114423.2205,31.3605123,118,682,6.646941189,224.6865072,4.177950287,248.816675,921.0445499
val_817,KIT-LK-001,val_6,val_22,val_5,4/30/2023,51510.2774,24.40346902,160,552,3.347493395,364.4490921,1.712332306,2958.545712,409.2134958
val_818,KIT-IK-001,val_18,val_46,val_15,4/30/2023,78503.65597,4.143438838,69,111,2.845252716,749.2317117,4.268433334,1163.649402,178.6041073
val_819,KIT-SU-001,val_16,val_39,val_38,4/30/2023,138456.3993,2.797360422,241,603,2.342181492,363.3863498,3.260831891,9168.796246,981.2452058
val_820,KIT-IK-001,val_0,val_54,val_47,4/30/2023,30423.5113,5.83262409,222,861,1.289382477,739.0947466,4.127903081,10487.44547,741.7737253
val_821,KIT-IK-001,val_13,val_20,val_45,4/30/2023,47302.17129,28.28078051,446,365,7.514294156,971.8314877,2.975194429,5076.278183,793.4613105
val_822,KIT-IK-001,val_16,val_14,val_28,5/1/2023,132896.2152,25.36339377,748,834,2.313630675,923.3827903,3.523834808,6294.916123,500.8252509
val_823,KIT-YB-001,val_11,val_27,val_4,5/1/2023,69550.81487,22.42513098,879,270,7.086456409,827.7248558,2.366386946,7430.374006,688.4854122
val_824,KIT-SU-001,val_12,val_30,val_46,5/1/2023,48024.37989,22.49951939,559,283,8.826479874,852.9908094,2.697646336,1319.595242,290.8786135
val_825,KIT-YB-001,val_0,val_27,val_7,5/1/2023,6076.151192,30.08881056,773,171,8.619396657,393.9323196,2.459092907,5743.834926,518.0939965
val_826,KIT-SU-001,val_0,val_49,val_12,5/1/2023,63133.47912,11.8043641,655,211,3.690685285,731.5823866,3.96236513,11520.61478,380.6101646
val_827,KIT-YB-001,val_0,val_2,val_46,5/1/2023,75339.86615,11.41360472,317,239,2.119655767,667.0136572,1.802195705,2653.018626,425.1197362
val_828,KIT-YB-001,val_3,val_31,val_24,5/1/2023,61246.76366,15.00485367,612,650,4.987580349,982.8921485,4.72208489,1191.895978,4.284587272
val_829,KIT-LK-001,val_19,val_25,val_9,5/2/2023,41980.15545,34.64072522,302,130,2.631602876,574.8985079,4.317137955,3510.738782,810.8488891
val_830,KIT-YB-001,val_12,val_12,val_24,5/2/2023,55684.96095,19.5104832,309,545,4.361571076,429.7660894,4.446939165,6665.513081,217.9469491
val_831,KIT-LK-001,val_15,val_38,val_3,5/2/2023,96545.49738,19.2321595,988,261,6.119392321,837.2668402,4.655923426,10448.18472,473.5615301
val_832,KIT-YB-001,val_5,val_48,val_15,5/2/2023,133746.3181,28.37386377,911,146,6.799122649,749.5733488,2.744077726,4386.706999,658.9413216
val_833,KIT-LK-001,val_18,val_32,val_45,5/2/2023,97626.53548,6.39664458,654,822,2.964913828,124.8617086,4.56765985,4268.732751,34.44265044
val_834,KIT-SU-001,val_3,val_5,val_14,5/2/2023,97101.28418,14.30795508,593,540,3.045664994,596.2801891,2.77641979,4248.176301,342.4291246
val_835,KIT-IK-001,val_18,val_4,val_42,5/2/2023,122622.7919,22.51941174,686,287,8.793706881,592.3066745,1.406422004,10122.84894,263.8254878
val_836,KIT-SU-001,val_0,val_25,val_26,5/3/2023,25188.84527,34.58298354,753,639,9.503989788,631.6248546,1.198341384,5737.839149,132.8548414
val_837,KIT-SU-001,val_0,val_40,val_31,5/3/2023,45514.0956,5.575541965,55,908,6.782014706,941.4980896,1.254333499,4110.255219,813.4190831
val_838,KIT-SU-001,val_1,val_18,val_33,5/3/2023,8063.351955,15.93053195,358,283,6.01140882,602.0356215,1.752026464,2288.009972,541.6277142
val_839,KIT-IK-001,val_15,val_18,val_26,5/3/2023,52770.85063,31.71424671,105,245,6.922659294,870.0188553,2.439220241,1682.095395,456.2662329
val_840,KIT-SU-001,val_5,val_51,val_1,5/3/2023,149824.1554,25.44848118,529,683,2.157584266,358.3808149,4.917009485,11694.81384,132.4833906
val_841,KIT-IK-001,val_9,val_0,val_44,5/3/2023,49732.20311,21.55955225,294,492,9.073351372,57.37895465,1.964798941,5939.804143,514.0976625
val_842,KIT-LK-001,val_9,val_4,val_22,5/3/2023,129036.0629,9.147371033,330,674,2.877361023,375.2227392,4.65196725,1052.00553,267.3921729
val_843,KIT-SU-001,val_15,val_9,val_31,5/4/2023,13323.76823,6.71493355,842,167,7.027125486,532.6694078,4.241733813,10895.06218,126.5868569
val_844,KIT-SU-001,val_6,val_59,val_26,5/4/2023,69226.99832,13.22258781,204,933,2.997735993,833.3213778,4.444491297,11458.16278,526.8282963
val_845,KIT-YB-001,val_0,val_29,val_31,5/4/2023,53043.69837,9.077755141,911,17,7.3521238,631.8488086,4.139047568,2998.68531,681.7853762
val_846,KIT-SU-001,val_7,val_9,val_17,5/4/2023,30636.63805,28.33496128,421,273,7.780904329,442.202069,4.892374298,3929.626934,56.77356593
val_847,KIT-YB-001,val_5,val_18,val_40,5/4/2023,56189.68543,25.28047929,191,626,7.669413723,461.8726077,1.479255634,11533.76377,56.20855359
val_848,KIT-YB-001,val_14,val_58,val_10,5/4/2023,97866.07766,29.26489461,143,520,4.858286721,996.6572786,2.915912171,385.9830893,738.5831946
val_849,KIT-LK-001,val_15,val_41,val_31,5/4/2023,73801.0572,6.153664413,714,338,6.463292693,141.3438381,2.371342296,4026.897793,206.7551353
val_850,KIT-YB-001,val_1,val_13,val_27,5/5/2023,126727.9377,10.98693367,903,977,6.38189777,205.5160778,2.13694994,5275.204659,153.6375291
val_851,KIT-SU-001,val_15,val_14,val_24,5/5/2023,135789.5177,26.94559091,875,345,7.482815684,625.2814937,2.787296487,9290.579827,962.1399081
val_852,KIT-LK-001,val_1,val_4,val_1,5/5/2023,72542.97826,5.891484896,170,679,5.491007789,701.4054857,2.923718464,4539.472381,179.9971765
val_853,KIT-LK-001,val_12,val_46,val_18,5/5/2023,147268.084,5.267055988,879,408,5.565643395,394.9792025,4.943784684,4193.24626,684.6067343
val_854,KIT-YB-001,val_7,val_8,val_2,5/5/2023,11267.10415,13.53044904,225,440,7.159676186,32.13180776,2.058726714,8806.917509,814.9837035
val_855,KIT-YB-001,val_6,val_17,val_24,5/5/2023,41812.71359,6.688003701,459,778,2.531358173,522.0119449,4.646724885,10221.81154,328.8047975
val_856,KIT-SU-001,val_9,val_20,val_33,5/6/2023,62798.33493,2.9458125,5,354,6.872318478,144.3601476,1.667894439,1300.538808,463.0765129
val_857,KIT-IK-001,val_6,val_37,val_25,5/6/2023,87613.8758,11.08455345,259,400,2.334078702,56.04831154,3.66018521,1881.161515,554.1631918
val_858,KIT-LK-001,val_15,val_36,val_36,5/6/2023,82116.49633,30.67086312,320,782,7.523515145,344.7596333,2.221664902,7985.292086,200.5770352
val_859,KIT-YB-001,val_19,val_47,val_17,5/6/2023,85412.52619,2.167345917,957,86,4.500218035,135.652718,4.841519225,3909.225322,296.0035565
val_860,KIT-YB-001,val_16,val_17,val_14,5/6/2023,134489.483,19.9004582,278,432,8.556244428,438.9969628,3.538452053,8087.542247,963.0832134
val_861,KIT-SU-001,val_8,val_23,val_21,5/6/2023,41995.9962,19.79253516,276,279,1.79570689,761.6944637,1.256862099,2252.468023,273.5551315
val_862,KIT-LK-001,val_10,val_23,val_10,5/6/2023,122619.635,18.67325152,273,482,5.144711126,47.04603666,4.694159667,9687.470436,812.3179441
val_863,KIT-YB-001,val_8,val_2,val_38,5/7/2023,83921.08284,17.79170356,252,576,2.50495698,499.8915097,2.175269679,3992.735074,535.1300092
val_864,KIT-SU-001,val_15,val_44,val_38,5/7/2023,73828.3272,0.799829148,540,429,8.819768753,496.9804127,4.709593377,4154.819378,645.7252487
val_865,KIT-YB-001,val_11,val_32,val_19,5/7/2023,45262.30713,1.851301389,205,994,2.127232095,1.775368486,1.053941186,2310.66563,457.2510484
val_866,KIT-YB-001,val_9,val_28,val_38,5/7/2023,45958.28601,17.99000404,290,913,5.366757519,738.2510742,1.874763544,2694.094682,588.2925481
val_867,KIT-LK-001,val_8,val_59,val_1,5/7/2023,58577.74078,33.89716269,533,143,1.947261059,89.73590888,2.113593136,7261.07015,540.0996052
val_868,KIT-YB-001,val_7,val_10,val_7,5/7/2023,114644.818,14.39755716,757,643,8.179412085,932.0553315,3.751944071,7062.94582,481.9044113
val_869,KIT-SU-001,val_11,val_58,val_13,5/7/2023,71771.5667,16.63697133,107,323,3.538356182,639.3645196,4.191802995,9927.940012,802.8412724
val_870,KIT-LK-001,val_13,val_40,val_18,5/8/2023,23498.13595,34.37579641,348,715,6.34653277,287.8161318,3.520360836,7637.303953,880.2129178
val_871,KIT-IK-001,val_8,val_13,val_11,5/8/2023,114099.545,27.31314651,571,486,2.531293279,925.2810133,1.248091936,5248.587338,255.5531166
val_872,KIT-YB-001,val_16,val_40,val_24,5/8/2023,99675.30819,26.99982268,917,954,4.164452924,400.4605211,2.734553264,9680.434047,135.8549325
val_873,KIT-SU-001,val_16,val_45,val_38,5/8/2023,142411.1959,17.76479356,944,945,2.023274556,260.2605824,2.975935659,395.781466,811.2188058
val_874,KIT-LK-001,val_8,val_21,val_21,5/8/2023,79647.40819,31.44736033,873,56,5.957479477,384.5007564,2.4348886,8481.159459,211.8964466
val_875,KIT-SU-001,val_18,val_20,val_21,5/8/2023,98336.1103,20.42493543,505,108,1.031077964,611.586941,2.678183319,6609.615944,866.2267202
val_876,KIT-IK-001,val_3,val_50,val_2,5/8/2023,72159.87578,23.05306694,98,22,9.937643422,723.596987,2.93046305,2806.539221,102.601722
val_877,KIT-IK-001,val_18,val_9,val_13,5/9/2023,102276.6411,27.60693211,966,794,4.746509765,661.8220276,3.216007225,7722.404311,91.00404368
val_878,KIT-IK-001,val_5,val_0,val_38,5/9/2023,65699.50095,14.34915383,622,228,6.665024774,921.2366955,3.523802876,11842.55505,181.6488184
val_879,KIT-YB-001,val_11,val_39,val_38,5/9/2023,21109.54357,33.3738059,906,723,3.581029041,956.1712498,1.840489434,4288.799148,11.84686443
val_880,KIT-LK-001,val_5,val_54,val_5,5/9/2023,148009.1438,34.5826517,921,332,3.279233457,197.0628092,4.606746069,7734.356027,747.6358798
val_881,KIT-LK-001,val_8,val_30,val_0,5/9/2023,108194.3736,20.63239656,793,306,8.615214416,912.5424014,4.311531165,5384.605294,397.1499754
val_882,KIT-YB-001,val_6,val_8,val_39,5/9/2023,91489.56087,7.927527477,420,604,7.82364599,106.6818658,4.146454183,4830.76722,945.2967655
val_883,KIT-LK-001,val_14,val_32,val_8,5/9/2023,72472.40215,27.1665902,608,774,6.78962825,956.891782,4.223416788,3824.506878,365.3184561
val_884,KIT-LK-001,val_1,val_15,val_27,5/10/2023,106858.6358,11.4104234,691,567,7.770744171,259.3448471,3.101830709,2901.61396,702.997501
val_885,KIT-IK-001,val_16,val_49,val_39,5/10/2023,19452.85086,20.28320186,881,575,2.577818377,265.7891531,4.812228253,2979.909258,683.1263063
val_886,KIT-SU-001,val_18,val_36,val_37,5/10/2023,49253.95302,3.217282512,226,737,9.406830225,421.5455511,2.463798721,9336.159058,324.7109377
val_887,KIT-SU-001,val_11,val_20,val_26,5/10/2023,19142.55294,28.29719654,555,171,5.092709411,181.7422885,2.679931036,4020.68582,892.6466488
val_888,KIT-LK-001,val_10,val_37,val_18,5/10/2023,19340.75187,33.57622617,596,592,8.81840501,827.7186523,4.265114873,6448.99482,397.8765545
val_889,KIT-YB-001,val_13,val_40,val_37,5/10/2023,3691.457959,3.478909057,207,286,7.624512291,124.7374801,4.476015533,2719.452751,551.379455
val_890,KIT-LK-001,val_3,val_40,val_33,5/10/2023,113506.0656,25.6596473,402,155,3.573291293,439.2888037,2.795949383,2707.118828,398.1959361
val_891,KIT-LK-001,val_14,val_21,val_40,5/11/2023,34482.63938,30.15719245,926,328,6.123852092,907.1560108,4.392047007,7127.533102,435.3418073
val_892,KIT-IK-001,val_4,val_34,val_24,5/11/2023,124885.154,4.010816436,16,192,9.699812184,635.3890986,3.532938835,7076.60731,54.6918189
val_893,KIT-SU-001,val_13,val_2,val_45,5/11/2023,135712.9599,8.788517141,502,323,1.333793243,607.1648446,2.552083609,6162.108651,310.2012681
val_894,KIT-IK-001,val_6,val_24,val_36,5/11/2023,25700.62592,13.83711943,609,23,4.83833557,994.6442239,4.621986655,8379.594616,948.3331128
val_895,KIT-YB-001,val_14,val_22,val_3,5/11/2023,106475.1743,29.31925954,908,747,6.584856372,22.5490824,3.012726323,7716.903154,831.4399262
val_896,KIT-LK-001,val_15,val_32,val_14,5/11/2023,69315.70641,17.37140804,283,348,4.059064544,319.7936851,4.396574237,2561.190334,880.1728274
val_897,KIT-SU-001,val_4,val_57,val_38,5/11/2023,137884.693,4.966322928,393,660,3.861244879,125.0182179,4.249671311,854.8469992,712.8423458
val_898,KIT-YB-001,val_12,val_57,val_5,5/12/2023,72920.37047,9.121712854,80,750,7.738224677,184.577279,1.386527577,3382.143713,653.2471168
val_899,KIT-LK-001,val_9,val_28,val_34,5/12/2023,57141.64602,16.46474886,336,820,9.246942051,216.0044985,4.484504292,5288.714047,898.5895041
val_900,KIT-IK-001,val_5,val_38,val_16,5/12/2023,44537.4853,1.566395766,998,77,5.838654989,626.8901106,1.649689921,2657.919929,537.8624348
val_901,KIT-IK-001,val_11,val_6,val_9,5/12/2023,135591.4053,22.158698,766,511,9.53388763,272.1070238,4.255440857,5892.337214,915.9629668
val_902,KIT-YB-001,val_19,val_28,val_25,5/12/2023,34313.80586,1.081201995,428,417,1.911508278,664.1845086,4.022274476,633.1713097,415.1926222
val_903,KIT-LK-001,val_0,val_41,val_44,5/12/2023,124243.3613,27.37432278,635,350,3.047233341,738.0696505,3.948703154,5830.069057,597.6148888
val_904,KIT-IK-001,val_19,val_40,val_43,5/13/2023,29531.02341,25.73801263,965,807,1.789407502,401.9128022,4.683506306,4347.849773,471.6754953
val_905,KIT-LK-001,val_17,val_57,val_19,5/13/2023,96687.82971,30.31731172,440,67,4.919808565,536.3272744,3.402237443,11517.45063,19.04744812
val_906,KIT-LK-001,val_10,val_27,val_0,5/13/2023,67934.31314,5.68840337,294,310,6.640432474,132.0921741,2.35441746,10545.05849,198.9589461
val_907,KIT-YB-001,val_12,val_54,val_42,5/13/2023,16138.99691,21.16996534,879,795,2.804247285,752.639365,3.372769815,11423.19406,927.8606453
val_908,KIT-YB-001,val_7,val_58,val_43,5/13/2023,19326.98415,27.37975991,851,395,5.036848137,419.1182837,3.784515693,7974.191421,598.1002569
val_909,KIT-LK-001,val_2,val_34,val_29,5/13/2023,42585.61791,18.14805756,517,74,7.159551355,834.6352046,2.458479058,11669.05267,46.56811537
val_910,KIT-IK-001,val_11,val_5,val_30,5/13/2023,115114.4269,4.75199058,11,173,6.755385477,526.2195197,2.017184068,2436.321864,967.2257396
val_911,KIT-SU-001,val_16,val_22,val_25,5/14/2023,109476.5303,3.64261146,12,301,6.663537534,696.7646434,2.95876371,6482.224225,928.0004187
val_912,KIT-SU-001,val_4,val_45,val_0,5/14/2023,31165.47759,21.2852298,117,248,6.45429039,358.5826935,4.593227566,8969.525045,711.9908441
val_913,KIT-IK-001,val_14,val_34,val_7,5/14/2023,71692.22809,17.51674477,693,669,9.879492891,371.7696291,3.521858844,5891.684356,283.1490085
val_914,KIT-LK-001,val_14,val_56,val_6,5/14/2023,14999.55092,32.54869276,175,171,7.425293525,436.5084416,4.589022497,2722.210445,294.9765327
val_915,KIT-YB-001,val_15,val_48,val_43,5/14/2023,107533.9698,29.21765883,63,764,9.169057004,636.0342057,2.900462653,7915.084379,865.2530277
val_916,KIT-IK-001,val_6,val_3,val_2,5/14/2023,119098.6542,25.38647187,682,311,9.565571918,506.5335815,4.787962545,11660.27311,60.59783409
val_917,KIT-LK-001,val_7,val_51,val_26,5/14/2023,134080.044,34.38740727,481,68,8.737109414,804.2764492,4.166233047,6373.765381,237.3606693
val_918,KIT-SU-001,val_8,val_21,val_17,5/15/2023,132919.022,24.37245179,531,11,1.856512822,54.79738226,2.418333107,3127.710723,166.3996375
val_919,KIT-SU-001,val_17,val_49,val_0,5/15/2023,51014.89992,3.414223133,192,608,5.763200676,900.5427253,2.792878391,678.1085151,716.3290729
val_920,KIT-LK-001,val_18,val_30,val_44,5/15/2023,38552.8081,2.899191617,214,735,4.433612332,926.0366663,4.991075879,1428.814648,381.7580557
val_921,KIT-YB-001,val_8,val_27,val_0,5/15/2023,134540.1115,28.59224793,242,137,1.873616118,244.0756889,4.814801356,9371.242849,915.9485313
val_922,KIT-SU-001,val_19,val_4,val_41,5/15/2023,22328.04274,12.75248471,644,309,6.077880661,100.7763502,2.640962698,5926.051107,802.9131716
val_923,KIT-SU-001,val_11,val_7,val_37,5/15/2023,9371.938718,32.36507577,980,757,2.915420751,571.8562268,4.334237384,2662.18158,984.6579988
val_924,KIT-LK-001,val_7,val_35,val_38,5/15/2023,47479.32521,4.31501074,916,868,6.235634944,64.17017058,4.638917111,10348.91893,298.9989436
val_925,KIT-YB-001,val_0,val_34,val_7,5/16/2023,114164.8566,7.117788015,113,730,8.356500002,229.7156475,2.006991657,5345.697489,474.9250656
val_926,KIT-SU-001,val_12,val_33,val_42,5/16/2023,104282.8689,27.10622898,680,618,4.544542597,507.566029,3.070424283,9589.842736,659.8131355
val_927,KIT-YB-001,val_12,val_9,val_28,5/16/2023,148064.7642,29.69211057,758,748,9.548457151,613.8114318,4.028341375,9773.252548,974.7436882
val_928,KIT-LK-001,val_19,val_30,val_19,5/16/2023,54250.26888,30.37843278,40,297,7.898216729,194.3048261,1.307446407,8671.420531,344.6484458
val_929,KIT-IK-001,val_14,val_3,val_32,5/16/2023,41739.17357,3.650046431,638,63,8.23853877,932.737962,4.222736537,11676.37615,326.8444352
val_930,KIT-SU-001,val_0,val_8,val_16,5/16/2023,57042.03758,13.48672013,444,564,2.010622497,181.323097,1.844184653,10783.42673,626.758404
val_931,KIT-SU-001,val_11,val_29,val_13,5/16/2023,117447.3111,22.69424509,195,559,9.476857751,153.6557971,2.915894517,1680.172153,665.278168
val_932,KIT-YB-001,val_14,val_37,val_13,5/17/2023,32537.84269,32.17408746,790,804,1.310762484,162.3199845,2.500815396,4256.274575,188.9472175
val_933,KIT-LK-001,val_9,val_39,val_27,5/17/2023,142188.3236,8.51772308,936,241,8.595056835,929.5247616,3.960676979,11460.12192,454.4741398
val_934,KIT-IK-001,val_8,val_58,val_28,5/17/2023,77126.12521,21.09193235,598,889,1.266855966,878.7710198,1.932658278,7935.716581,377.3670525
val_935,KIT-SU-001,val_16,val_51,val_11,5/17/2023,117580.1769,5.194471482,201,496,2.462116913,33.04086426,2.865431642,5436.047935,421.1294235
val_936,KIT-SU-001,val_12,val_22,val_11,5/17/2023,124175.6428,26.20529916,429,442,3.83810585,726.6153216,2.062316318,10373.02493,140.4621398
val_937,KIT-IK-001,val_13,val_46,val_45,5/17/2023,72082.86004,4.637851092,516,990,7.639845108,73.48872131,1.219208887,7738.906921,648.1449938
val_938,KIT-IK-001,val_9,val_5,val_24,5/17/2023,111335.0214,34.9993906,903,544,9.094783744,75.31054387,4.374047731,4572.760995,187.5237555
val_939,KIT-SU-001,val_5,val_51,val_41,5/18/2023,55021.80143,3.410888109,791,90,6.998488871,76.02020214,1.898079942,3400.720536,25.41575527
val_940,KIT-SU-001,val_10,val_23,val_15,5/18/2023,121733.7381,24.04973303,671,253,7.549916959,829.6209783,1.929668626,10243.01645,495.987332
val_941,KIT-IK-001,val_19,val_45,val_13,5/18/2023,123673.4998,27.24095143,764,594,3.607955432,427.4356326,1.187035418,10191.83769,38.5990236
val_942,KIT-IK-001,val_12,val_58,val_13,5/18/2023,85147.77001,9.178044464,694,230,9.778388579,557.0294882,3.010787098,11036.01106,666.0818045
val_943,KIT-IK-001,val_14,val_42,val_25,5/18/2023,33113.09847,9.068037692,320,165,4.669607962,30.81366681,2.075855988,9457.615317,594.3597848
val_944,KIT-YB-001,val_2,val_55,val_37,5/18/2023,145548.3647,20.9459174,133,296,9.216224233,900.8916991,3.262005777,2380.274193,566.7358071
val_945,KIT-SU-001,val_19,val_0,val_24,5/18/2023,142073.4906,22.14051555,840,510,8.013288473,982.0226623,3.894117149,4784.042702,95.21062207
val_946,KIT-IK-001,val_4,val_10,val_14,5/19/2023,93163.17141,25.27430397,554,92,4.305398998,235.1785681,1.183718539,4071.344544,123.8670268
val_947,KIT-LK-001,val_19,val_37,val_46,5/19/2023,147590.2096,20.39423077,963,521,4.088217329,656.5151829,1.801959036,3242.934904,665.3816418
val_948,KIT-IK-001,val_8,val_32,val_27,5/19/2023,75668.04631,6.271443734,681,727,7.115329044,678.8029555,2.563565442,9577.765147,32.20707704
val_949,KIT-SU-001,val_18,val_7,val_18,5/19/2023,56634.91405,32.36019292,474,456,9.4642417,966.2802427,4.519054219,1670.758163,115.9069934
val_950,KIT-IK-001,val_17,val_43,val_0,5/19/2023,69345.20086,5.998082835,647,694,7.051100164,483.7661489,1.438900853,5854.649118,763.7689297
val_951,KIT-YB-001,val_15,val_3,val_26,5/19/2023,7363.099219,19.87030044,652,640,8.71684325,237.9145955,3.975320489,10414.54068,166.9680184
val_952,KIT-YB-001,val_18,val_59,val_29,5/20/2023,82593.7163,32.21609899,982,496,9.696545347,360.2826343,4.81432955,9509.855854,495.7385336
val_953,KIT-IK-001,val_12,val_9,val_44,5/20/2023,100101.7499,31.97134178,364,975,3.97002366,639.6117102,1.310667954,3355.018128,98.50335644
val_954,KIT-LK-001,val_16,val_26,val_11,5/20/2023,16873.23607,6.043145323,380,612,5.846423725,472.4871181,2.332037438,619.4568174,235.0786599
val_955,KIT-LK-001,val_3,val_49,val_7,5/20/2023,38711.83697,8.503373811,354,806,6.481973239,79.40743009,4.07827148,5083.74898,879.3664892
val_956,KIT-IK-001,val_1,val_30,val_47,5/20/2023,108317.0244,21.14440008,107,641,2.954589901,807.3662316,4.740726989,7203.368044,753.2029304
val_957,KIT-YB-001,val_10,val_44,val_26,5/20/2023,119141.7317,11.93331879,470,959,8.177938904,864.2687647,1.986915271,10286.04708,188.5207275
val_958,KIT-LK-001,val_16,val_42,val_1,5/20/2023,147887.1239,25.63473673,445,431,3.35582294,478.3321674,3.567520932,6433.578469,214.5586826
val_959,KIT-SU-001,val_15,val_56,val_5,5/21/2023,38356.94104,18.37967037,197,189,7.361871787,523.4703827,3.926254351,3336.593739,473.7797585
val_960,KIT-SU-001,val_10,val_27,val_22,5/21/2023,126295.201,9.459933947,816,181,5.71441786,491.5732796,2.616095413,8350.925818,632.2928896
val_961,KIT-LK-001,val_10,val_58,val_29,5/21/2023,26229.39328,14.50411953,690,994,8.530039456,529.7461961,3.67811232,4939.565559,582.3182016
val_962,KIT-IK-001,val_12,val_31,val_11,5/21/2023,20066.32011,24.25066527,241,799,5.603995554,102.6223385,3.196509587,9937.795752,284.6541293
val_963,KIT-IK-001,val_17,val_53,val_17,5/21/2023,109515.9354,27.5229193,165,305,6.280005722,433.6328873,4.748707463,479.9590732,946.7410068
val_964,KIT-SU-001,val_16,val_43,val_35,5/21/2023,67157.91953,13.06072246,618,448,2.629651005,447.8753019,3.154884417,5144.329862,835.1506153
val_965,KIT-LK-001,val_2,val_7,val_46,5/21/2023,119191.563,3.853491341,5,34,8.273680847,997.714335,3.066455818,5181.468281,651.6133703
val_966,KIT-SU-001,val_11,val_38,val_23,5/22/2023,42743.4369,12.49403985,151,953,4.619119299,48.65317354,3.677181617,7133.012374,907.954795
val_967,KIT-IK-001,val_7,val_52,val_19,5/22/2023,32372.48463,22.14038104,439,436,6.217700308,312.1389254,1.609190137,4431.612227,294.0131258
val_968,KIT-LK-001,val_15,val_7,val_17,5/22/2023,82545.4122,26.6421592,991,384,8.614528895,495.9952682,3.12383323,4945.661441,299.7720534
val_969,KIT-IK-001,val_10,val_50,val_6,5/22/2023,17738.91596,30.8121415,76,246,5.31450236,847.2353454,1.202746164,8871.73362,309.010969
val_970,KIT-YB-001,val_19,val_6,val_2,5/22/2023,42173.00749,33.6755775,529,82,3.470181799,461.237115,3.508095891,2221.134726,160.4031767
val_971,KIT-SU-001,val_8,val_52,val_40,5/22/2023,25352.43321,18.62187327,563,762,3.388666825,291.0064479,3.138654689,3012.764858,139.9376661
val_972,KIT-SU-001,val_13,val_47,val_1,5/22/2023,48347.07042,30.83121902,252,223,6.096934063,535.268212,4.357600592,1408.168492,909.2632265
val_973,KIT-LK-001,val_2,val_9,val_39,5/23/2023,114942.0565,9.320315013,520,87,3.620836501,297.0268043,4.190812647,3240.514236,857.74327
val_974,KIT-IK-001,val_18,val_43,val_11,5/23/2023,18550.97941,19.67587966,634,979,4.04694932,548.3214725,2.730180305,6163.611945,548.9050017
val_975,KIT-SU-001,val_3,val_7,val_33,5/23/2023,91974.40342,18.97059542,137,548,3.11324646,689.8602588,3.635973487,2432.068929,660.6166591
val_976,KIT-IK-001,val_7,val_34,val_45,5/23/2023,87922.52754,26.95055611,955,77,5.016581519,530.7823546,2.213259877,1068.213186,238.5063536
val_977,KIT-IK-001,val_16,val_55,val_35,5/23/2023,80950.52906,27.10467516,246,289,5.194739723,609.6352162,2.551351122,11957.1259,22.86337752
val_978,KIT-SU-001,val_19,val_12,val_35,5/23/2023,72895.01672,10.12993495,369,554,5.733284605,38.71744169,1.31209807,5571.432148,441.5863899
val_979,KIT-SU-001,val_9,val_10,val_12,5/23/2023,99747.16033,31.02797791,24,206,6.335691401,658.8000794,1.402815073,10012.27108,669.5403082
val_980,KIT-LK-001,val_9,val_25,val_28,5/24/2023,127845.693,31.22395582,594,991,6.29114497,969.6753947,4.274980798,8917.53472,679.8611052
val_981,KIT-IK-001,val_0,val_22,val_30,5/24/2023,24724.47743,33.1988051,594,876,4.305267016,491.6447541,4.88777538,2152.216135,604.2680634
val_982,KIT-YB-001,val_19,val_2,val_20,5/24/2023,122212.6327,16.1260226,116,886,9.106111527,802.7082323,2.956885389,6244.882956,925.3723651
val_983,KIT-IK-001,val_0,val_27,val_1,5/24/2023,9690.608829,34.56201848,293,516,5.604908734,548.9053403,1.511856818,6900.733851,209.3258601
val_984,KIT-IK-001,val_0,val_15,val_43,5/24/2023,72577.60525,27.51491431,767,989,8.489045169,703.9987236,1.353353511,2062.469784,263.6229864
val_985,KIT-IK-001,val_9,val_7,val_9,5/24/2023,76964.09537,22.9309209,713,325,6.016408217,309.9121546,1.181626867,1520.386427,79.6275439
val_986,KIT-IK-001,val_0,val_16,val_46,5/24/2023,30039.08183,15.24257737,307,555,4.335518772,966.8641478,4.515119822,3306.087684,936.4170699
val_987,KIT-LK-001,val_3,val_1,val_44,5/25/2023,13906.12925,29.51660648,630,746,7.647832319,215.1449824,2.768794652,3282.910777,454.6591215
val_988,KIT-SU-001,val_12,val_54,val_0,5/25/2023,11699.19083,26.79198691,747,505,2.592640742,159.0976229,4.521473949,3475.508492,401.6852138
val_989,KIT-SU-001,val_14,val_59,val_35,5/25/2023,6066.480764,20.57742763,373,854,9.727122881,45.52439206,2.451311439,3178.984206,985.6446459
val_990,KIT-YB-001,val_5,val_22,val_30,5/25/2023,86252.15711,34.90067687,175,103,6.150723047,541.1905624,3.352245657,6652.415788,427.7474763
val_991,KIT-IK-001,val_15,val_52,val_11,5/25/2023,23743.45428,8.881255523,21,442,1.937491023,618.9009104,3.695353988,3673.864707,334.8422062
val_992,KIT-SU-001,val_12,val_27,val_39,5/25/2023,121401.36,22.53304238,955,830,4.792224384,649.521973,1.2001358,9305.409728,208.683192
val_993,KIT-SU-001,val_4,val_54,val_5,5/26/2023,134893.4318,11.37522536,320,182,7.412844247,172.2314848,3.726377899,818.0983692,439.8908524
val_994,KIT-IK-001,val_14,val_10,val_11,5/26/2023,44215.01995,16.13294476,806,385,1.612987457,651.4370916,4.198863775,7533.788786,685.6577764
val_995,KIT-SU-001,val_11,val_17,val_45,5/26/2023,25087.73128,11.995338,325,995,3.352424158,165.1065646,1.088319041,9314.852133,914.0955472
val_996,KIT-SU-001,val_16,val_44,val_35,5/26/2023,61736.97541,11.84252114,712,614,9.319367494,754.9931561,1.235287272,5358.59714,191.2606407
val_997,KIT-SU-001,val_3,val_13,val_5,5/26/2023,132294.7451,13.31354857,333,359,4.20582683,275.2445934,3.088353907,3968.03114,692.3294691
val_998,KIT-SU-001,val_4,val_49,val_6,5/26/2023,60272.96791,2.172449261,607,363,2.432463655,422.0459174,4.885531384,3776.435576,6.631215787
val_999,KIT-YB-001,val_6,val_25,val_12,5/26/2023,16696.27625,1.587165701,954,205,1.885444263,367.2270444,4.892979695,4067.958475,800.8839961
val_1000,KIT-LK-001,val_6,val_24,val_3,5/27/2023,147707.8799,25.42729472,754,735,6.571563887,367.7230454,1.438314625,1584.885962,280.1452083
val_1001,KIT-YB-001,val_17,val_27,val_8,5/27/2023,75201.48295,11.01961764,164,103,6.023198179,720.9434824,4.043521656,7056.692757,39.22132215
val_1002,KIT-SU-001,val_14,val_47,val_27,5/27/2023,51684.53494,0.938268457,524,208,6.829674668,997.7729201,4.173275701,7557.005539,394.24001
val_1003,KIT-IK-001,val_10,val_0,val_0,5/27/2023,134096.3081,3.035544249,270,123,9.622330825,527.3297515,4.507821146,4798.246339,892.5196868
val_1004,KIT-YB-001,val_10,val_45,val_13,5/27/2023,139146.8223,7.015553595,219,754,1.541064373,401.0388937,1.1740726,11479.12707,232.8311937
val_1005,KIT-IK-001,val_17,val_46,val_15,5/27/2023,74772.26774,1.877786518,833,943,2.779039164,293.6991128,4.889734253,10954.92802,287.3014938
val_1006,KIT-IK-001,val_8,val_49,val_46,5/27/2023,46354.10087,33.12592271,983,87,3.104418917,624.4782291,4.286834436,3714.925614,167.769164
val_1007,KIT-IK-001,val_4,val_59,val_46,5/28/2023,72653.75602,19.97895863,926,947,4.843799825,451.1832152,3.430744949,8841.745801,981.6138642
val_1008,KIT-SU-001,val_2,val_46,val_40,5/28/2023,33282.6517,13.91204807,839,917,2.089237059,772.8358684,1.267312636,1572.526984,432.6990476
val_1009,KIT-YB-001,val_6,val_31,val_16,5/28/2023,71996.59564,18.73838574,468,508,4.688829301,606.689139,1.960633038,9142.202995,947.8208391
val_1010,KIT-LK-001,val_13,val_27,val_25,5/28/2023,34799.9503,4.12613951,526,37,8.345751659,411.9213883,2.386525647,8881.719604,91.86802912
val_1011,KIT-SU-001,val_9,val_23,val_24,5/28/2023,93519.31278,24.62422618,540,692,2.472920447,953.0112533,4.429549891,4408.217858,448.6202876
val_1012,KIT-LK-001,val_8,val_49,val_41,5/28/2023,114103.4326,33.9417492,736,525,9.249224197,11.26457553,4.044481556,4766.017297,474.3013659
val_1013,KIT-YB-001,val_9,val_23,val_35,5/28/2023,145429.4543,4.746868318,52,833,9.201280736,689.4880246,4.762882394,7115.525811,255.919619
val_1014,KIT-YB-001,val_19,val_34,val_43,5/29/2023,126464.2852,5.510484266,827,295,5.616885075,410.791457,2.690149812,3506.610346,497.3299803
val_1015,KIT-LK-001,val_19,val_5,val_26,5/29/2023,13377.1593,22.07748579,808,558,8.741418023,121.6218323,4.66719274,6958.285976,350.5522
val_1016,KIT-LK-001,val_3,val_19,val_44,5/29/2023,32122.67055,5.487161472,996,892,7.403507334,92.69545188,4.582833632,10673.97949,246.5717662
val_1017,KIT-LK-001,val_2,val_15,val_35,5/29/2023,79987.93275,4.586637031,595,667,4.210646094,649.3189869,1.073946263,5449.083192,365.3156375
val_1018,KIT-LK-001,val_4,val_26,val_35,5/29/2023,39009.85363,23.53283685,457,646,6.055763486,147.7731504,1.957016525,2609.652315,635.1783526
val_1019,KIT-YB-001,val_17,val_30,val_31,5/29/2023,2647.598459,21.72927986,479,967,2.049549,856.0760453,4.199531925,6784.923442,468.1573777
val_1020,KIT-LK-001,val_9,val_42,val_16,5/29/2023,113341.247,7.777247976,620,490,5.461861354,310.9279863,3.660367672,7903.588618,409.2712299
val_1021,KIT-IK-001,val_17,val_25,val_29,5/30/2023,53986.91513,28.84662742,302,172,8.469811479,343.8428607,1.891551832,6406.616044,853.5646095
val_1022,KIT-YB-001,val_12,val_9,val_17,5/30/2023,10381.95485,3.862729417,777,977,6.267159979,660.1244356,4.125879417,478.8219777,644.9229787
val_1023,KIT-YB-001,val_11,val_32,val_31,5/30/2023,76571.04427,11.77360649,444,138,4.438275523,220.1638824,2.266223551,8097.5135,636.9673017
val_1024,KIT-LK-001,val_5,val_3,val_12,5/30/2023,146592.7026,25.912594,282,551,6.972036768,7.039209683,3.408579848,635.3544059,222.3146389
val_1025,KIT-SU-001,val_6,val_50,val_38,5/30/2023,101941.5247,21.56376212,736,753,9.791698993,445.8293401,4.738630976,5125.600791,750.0562763
val_1026,KIT-LK-001,val_2,val_46,val_27,5/30/2023,24235.53393,21.08246917,337,787,1.607333764,527.8797784,1.958472726,5089.89309,36.8848628
val_1027,KIT-YB-001,val_10,val_13,val_34,5/30/2023,77387.1901,24.08233969,80,704,3.973278902,445.8955304,1.221469979,10187.59214,213.6006576
val_1028,KIT-SU-001,val_5,val_15,val_10,5/31/2023,135307.507,22.69690282,522,425,2.403453353,457.991705,3.640555175,10379.53389,412.804759
val_1029,KIT-SU-001,val_5,val_1,val_38,5/31/2023,8609.428209,30.62462174,507,186,9.612527657,665.7388982,3.913685592,9345.492743,889.1685982
val_1030,KIT-SU-001,val_0,val_21,val_38,5/31/2023,95865.03351,19.9931037,291,38,5.913116809,845.6887871,2.250315271,9872.800659,28.04078839
val_1031,KIT-IK-001,val_15,val_2,val_6,5/31/2023,108330.312,14.16469999,34,302,2.167022207,365.5055625,2.873643813,2781.868255,444.8660071
val_1032,KIT-LK-001,val_18,val_56,val_16,5/31/2023,105749.749,26.85990859,476,972,6.509530526,790.0935528,3.004360593,8652.152216,119.8169933
val_1033,KIT-LK-001,val_9,val_8,val_32,5/31/2023,22950.47757,9.221541368,773,685,5.50378171,62.68376625,4.263788617,9041.551963,230.0478804
val_1034,KIT-IK-001,val_10,val_39,val_41,5/31/2023,136138.1405,26.63380284,802,407,1.533884224,480.2608559,3.772316626,9381.27315,405.3592221
val_1035,KIT-YB-001,val_18,val_34,val_35,6/1/2023,48679.56424,9.943442467,211,494,8.780631975,376.151921,2.091935622,9578.441232,98.47796658
val_1036,KIT-LK-001,val_10,val_14,val_22,6/1/2023,8235.432497,16.91725039,430,334,7.382766361,465.9405783,2.092048608,2126.264555,829.4887933
val_1037,KIT-IK-001,val_12,val_48,val_14,6/1/2023,12941.52971,25.92392747,904,894,1.047149158,91.4778564,2.299860325,3231.715488,82.92215725
val_1038,KIT-IK-001,val_8,val_6,val_43,6/1/2023,68907.81858,22.04254182,344,453,9.637050267,138.8293248,1.58381131,9447.500801,585.340929
val_1039,KIT-IK-001,val_10,val_53,val_41,6/1/2023,6477.309311,3.181978776,476,837,2.433413227,293.4799602,1.53711402,1938.713867,163.2694736
val_1040,KIT-LK-001,val_10,val_44,val_43,6/1/2023,117043.1014,15.74027676,680,51,1.002358064,273.5316263,4.269646145,1662.738511,106.5218044
val_1041,KIT-LK-001,val_14,val_38,val_14,6/2/2023,129940.6141,28.45257349,457,487,4.845443991,385.0965825,4.326820896,11728.75815,462.7239976
val_1042,KIT-IK-001,val_12,val_52,val_20,6/2/2023,2499.289666,34.88742104,842,603,2.267042189,457.2588771,2.040319696,11619.92684,345.4183377
val_1043,KIT-IK-001,val_10,val_24,val_11,6/2/2023,121597.0187,16.44456976,360,667,6.131331361,221.172516,4.401587136,4173.458777,45.21309584
val_1044,KIT-IK-001,val_1,val_16,val_45,6/2/2023,147190.3671,3.190215145,492,23,3.802866537,619.2204365,3.282939757,301.3986883,64.90675715
val_1045,KIT-SU-001,val_18,val_9,val_41,6/2/2023,5040.040085,12.94326272,516,644,2.666602779,375.8215617,3.848631185,4899.308987,299.1823062
val_1046,KIT-SU-001,val_17,val_55,val_8,6/2/2023,108882.6031,17.24932032,745,840,9.868104761,60.13528068,4.521776801,505.3091665,782.834427
val_1047,KIT-IK-001,val_3,val_24,val_11,6/2/2023,149864.5648,2.755312785,338,92,3.994561146,243.6967111,2.233376791,1892.44805,851.3934014
val_1048,KIT-YB-001,val_5,val_49,val_26,6/3/2023,119669.2287,30.27621262,275,331,4.732599383,560.1472939,3.648904223,2844.543282,66.35730928
val_1049,KIT-SU-001,val_19,val_19,val_19,6/3/2023,76050.87195,18.94993045,360,426,3.648161249,606.8771579,2.23413323,10102.79532,171.7287878
val_1050,KIT-IK-001,val_6,val_57,val_22,6/3/2023,132781.0343,14.68082279,232,254,8.53288283,799.6608698,4.611659597,4628.546222,339.0904194
val_1051,KIT-LK-001,val_16,val_52,val_17,6/3/2023,106335.8975,14.02202076,195,440,2.7710567,245.47866,2.198343144,297.0076105,650.0807238
val_1052,KIT-IK-001,val_15,val_18,val_32,6/3/2023,44221.52174,1.185137082,820,893,2.148917752,562.2149461,3.501335871,7715.147459,285.1642248
val_1053,KIT-SU-001,val_17,val_29,val_43,6/3/2023,34035.80742,18.25687162,345,898,8.933119834,476.1052191,1.764106213,1033.430896,221.8610363
val_1054,KIT-SU-001,val_0,val_47,val_44,6/3/2023,77125.38671,16.75004764,270,601,2.650237898,848.5151742,2.479118256,10750.43436,588.2722887
val_1055,KIT-IK-001,val_9,val_13,val_21,6/4/2023,56262.08334,12.23680695,812,886,8.721442076,729.9917354,2.405594844,3095.173545,681.4390016
val_1056,KIT-IK-001,val_11,val_1,val_39,6/4/2023,49755.46463,23.12196976,789,815,6.20359985,131.9854577,4.001298777,3005.347203,487.4980024
val_1057,KIT-YB-001,val_16,val_17,val_33,6/4/2023,27099.7601,14.50392213,245,57,8.410345365,958.7741512,2.146381025,4885.118172,668.4690371
val_1058,KIT-IK-001,val_4,val_35,val_9,6/4/2023,126870.2575,20.09738733,305,387,1.631422631,355.2146391,2.30963464,1467.863792,4.101259702
val_1059,KIT-SU-001,val_6,val_8,val_38,6/4/2023,105899.6678,30.99947638,822,846,9.672588186,954.5913888,1.037658944,473.0291602,327.8583427
val_1060,KIT-IK-001,val_3,val_20,val_16,6/4/2023,50032.55971,12.86325719,278,442,3.697864373,285.2210478,2.263347771,10989.53669,609.4885434
val_1061,KIT-LK-001,val_15,val_55,val_30,6/4/2023,36031.2287,14.04774962,862,612,1.527642523,468.938825,2.088589876,10390.57824,650.9451926
val_1062,KIT-LK-001,val_19,val_4,val_34,6/5/2023,19656.61799,30.3334582,618,412,7.883972141,550.4638144,3.178429574,11012.58287,194.4486273
val_1063,KIT-IK-001,val_2,val_3,val_45,6/5/2023,17320.68672,12.66166877,667,16,2.606083658,63.59170286,2.607121848,8184.345334,332.0569773
val_1064,KIT-SU-001,val_4,val_25,val_45,6/5/2023,94008.98869,15.48982889,534,565,4.160006873,715.6656357,4.921885327,353.6326794,226.3676104
val_1065,KIT-SU-001,val_6,val_0,val_38,6/5/2023,16768.16812,28.06826534,30,382,6.35190635,104.7103645,3.184528949,11683.62498,898.5196719
val_1066,KIT-YB-001,val_17,val_1,val_24,6/5/2023,144051.7873,20.7969682,825,774,1.617547534,164.1627771,1.290994691,8563.402607,296.050265
val_1067,KIT-LK-001,val_8,val_10,val_19,6/5/2023,42230.69769,32.69922754,561,888,2.817401994,290.2422038,4.237941091,5099.740018,881.9971435
val_1068,KIT-LK-001,val_5,val_6,val_21,6/5/2023,4357.826657,16.57907032,173,104,5.401650097,960.7462944,1.213059408,8843.259193,883.6360297
val_1069,KIT-LK-001,val_6,val_48,val_45,6/6/2023,128371.7937,16.87011901,833,358,4.797126733,973.1162815,4.348918642,6891.491242,525.7045924
val_1070,KIT-SU-001,val_11,val_7,val_9,6/6/2023,55454.31568,1.693907301,293,393,6.018160502,489.3164423,2.621884743,8125.825825,870.8196664
val_1071,KIT-SU-001,val_7,val_31,val_25,6/6/2023,51773.3995,7.066150095,366,677,7.557695697,533.3211063,1.246707667,9924.432397,76.66891788
val_1072,KIT-LK-001,val_2,val_42,val_32,6/6/2023,18233.78147,18.9919762,639,396,4.176930452,211.8431174,4.909462261,11246.96133,126.1633735
val_1073,KIT-IK-001,val_16,val_37,val_1,6/6/2023,99233.0977,6.711450167,283,566,4.63965125,418.0416455,2.981702145,9600.527251,406.7174454
val_1074,KIT-IK-001,val_8,val_39,val_30,6/6/2023,54139.60905,15.98470217,6,909,3.451432256,984.4182744,4.419252197,10771.42131,691.7894015
val_1075,KIT-SU-001,val_5,val_21,val_12,6/6/2023,123537.6822,10.05943787,321,590,4.057273049,790.792074,2.682231958,6896.540894,970.5488387
val_1076,KIT-SU-001,val_14,val_53,val_13,6/7/2023,94777.43639,0.924303909,683,98,1.459262557,697.3989921,2.84642983,4193.506883,466.8612276
val_1077,KIT-IK-001,val_14,val_4,val_29,6/7/2023,132046.8967,16.73380808,423,481,6.221117194,278.4149142,2.44945642,8102.335614,7.381878807
val_1078,KIT-LK-001,val_3,val_6,val_0,6/7/2023,93572.89312,22.69019538,713,887,2.555008529,763.0592491,2.475687933,6763.484858,181.5038557
val_1079,KIT-SU-001,val_1,val_51,val_7,6/7/2023,117002.0953,11.97053264,70,482,7.44658064,966.5539072,4.173820939,863.3004023,438.0052523
val_1080,KIT-LK-001,val_0,val_4,val_21,6/7/2023,104632.6231,27.22313826,257,983,1.379741196,987.9532549,1.123137861,6995.402429,689.9832475
val_1081,KIT-YB-001,val_15,val_11,val_28,6/7/2023,69657.56748,5.282676792,237,903,1.538883451,599.7921518,2.959455894,5125.476478,586.531897
val_1082,KIT-SU-001,val_12,val_10,val_5,6/8/2023,103456.7618,3.376952393,64,264,3.562204893,160.7320478,2.062228507,4560.948488,876.1065787
val_1083,KIT-LK-001,val_15,val_1,val_17,6/8/2023,99710.74412,32.73248399,647,414,4.945638206,964.0700569,3.226875099,8748.631557,265.5821745
val_1084,KIT-LK-001,val_12,val_7,val_14,6/8/2023,1502.191179,32.27364786,210,185,7.242475169,541.3787492,1.860846791,10644.29406,539.9964743
val_1085,KIT-LK-001,val_8,val_34,val_25,6/8/2023,104946.3718,14.34773985,472,191,7.229650649,38.34057646,2.395002595,2526.253435,144.2520128
val_1086,KIT-SU-001,val_11,val_39,val_14,6/8/2023,39692.84552,14.8136297,991,368,9.760411761,81.49702557,3.133032238,9579.771531,645.2419585
val_1087,KIT-LK-001,val_14,val_4,val_0,6/8/2023,81502.51189,29.81603818,247,420,4.16480038,577.2579352,3.967233944,2201.218651,762.3520264
val_1088,KIT-LK-001,val_7,val_56,val_25,6/8/2023,17144.19207,18.66213491,194,350,1.5341587,835.2938371,4.783875181,7002.064721,513.4163172
val_1089,KIT-LK-001,val_18,val_5,val_40,6/9/2023,3941.863985,4.275559832,931,733,8.75137952,941.5214279,1.972517873,10208.82989,448.1170422
val_1090,KIT-YB-001,val_17,val_41,val_28,6/9/2023,2760.396462,4.197595807,357,152,7.575739012,944.4361109,2.931654396,10888.91027,185.8655905
val_1091,KIT-IK-001,val_16,val_48,val_17,6/9/2023,24150.0796,4.763349693,295,475,1.613097338,578.6144538,2.394589689,3839.649225,934.0702622
val_1092,KIT-LK-001,val_19,val_31,val_23,6/9/2023,3473.929738,27.37062911,720,889,1.75004595,981.4092109,3.424147435,9862.793884,606.1695834
val_1093,KIT-LK-001,val_7,val_29,val_6,6/9/2023,20293.41442,21.14599004,129,732,5.289723772,149.5960941,2.465921447,10569.71361,815.1654614
val_1094,KIT-YB-001,val_2,val_6,val_11,6/9/2023,84096.454,10.63186345,378,204,4.074804554,94.66765067,1.387876469,2238.749788,24.25164039
val_1095,KIT-LK-001,val_9,val_14,val_21,6/9/2023,60340.78832,5.84015503,199,240,6.367348422,30.27788722,3.457587178,4739.746835,251.308954
val_1096,KIT-YB-001,val_14,val_51,val_28,6/10/2023,147121.8443,4.496530518,892,926,2.97244823,774.1321076,1.1422526,9359.743582,482.3930137
val_1097,KIT-SU-001,val_15,val_20,val_23,6/10/2023,121399.8069,26.00028531,296,583,9.634052122,916.5969456,1.172169816,373.6804727,536.2284731
val_1098,KIT-IK-001,val_7,val_2,val_46,6/10/2023,22442.9753,31.02801742,567,880,5.609215448,839.833708,4.53688378,7584.033639,404.9721268
val_1099,KIT-SU-001,val_5,val_43,val_30,6/10/2023,62810.01432,18.68152786,523,865,7.756469514,939.6361905,4.481122956,5092.780632,337.2863089
val_1100,KIT-IK-001,val_8,val_41,val_1,6/10/2023,64930.13409,27.09031138,493,441,2.132060286,548.0678498,3.250856689,6306.659888,450.3708466
val_1101,KIT-YB-001,val_16,val_3,val_25,6/10/2023,54636.45845,10.05286849,66,529,6.552325375,763.0414423,1.072011219,5136.720306,365.9731005
val_1102,KIT-IK-001,val_1,val_3,val_27,6/10/2023,74590.67221,20.58110001,262,368,8.786618114,336.7098733,2.372422277,2505.589643,40.04898985
val_1103,KIT-IK-001,val_6,val_6,val_2,6/11/2023,100646.2445,15.44375191,855,637,1.206915691,766.5788939,2.38507052,4311.773308,692.7464432
val_1104,KIT-IK-001,val_4,val_3,val_18,6/11/2023,96313.01249,3.251757888,548,650,5.859875758,753.0459988,3.883561346,10360.39247,771.2978417
val_1105,KIT-SU-001,val_16,val_36,val_41,6/11/2023,53886.32504,17.16036375,878,679,3.220854615,435.6028774,4.247634787,7409.349073,311.2491452
val_1106,KIT-SU-001,val_9,val_7,val_17,6/11/2023,105904.3207,29.66817887,560,861,5.305499179,43.76564958,2.416958332,5831.702892,965.9245238
val_1107,KIT-SU-001,val_1,val_36,val_21,6/11/2023,43778.0671,2.00203162,318,740,8.343956166,266.2629587,2.686957804,8531.418322,986.9193235
val_1108,KIT-SU-001,val_5,val_10,val_10,6/11/2023,125402.4427,16.803288,345,101,7.210636293,885.1850377,1.898639058,2368.011206,568.5677769
val_1109,KIT-IK-001,val_0,val_58,val_3,6/11/2023,144673.6205,30.58955505,776,350,7.790492168,587.2666588,3.911673497,1184.980205,794.0892095
val_1110,KIT-SU-001,val_9,val_43,val_15,6/12/2023,44563.12984,27.69450315,237,570,2.905145668,405.093248,2.396611308,6673.472973,545.5336977
val_1111,KIT-SU-001,val_19,val_22,val_37,6/12/2023,117810.9386,17.37205929,600,627,8.492679363,947.3953295,3.821921411,335.724284,261.0999639
val_1112,KIT-SU-001,val_11,val_25,val_47,6/12/2023,122107.1577,6.162793446,936,865,6.525929045,366.4418965,3.827600683,1948.957717,70.02418847
val_1113,KIT-YB-001,val_17,val_3,val_31,6/12/2023,73869.12449,29.72871163,846,416,1.623719056,328.0829294,1.624854762,8661.288971,344.433536
val_1114,KIT-IK-001,val_14,val_3,val_39,6/12/2023,13618.22309,5.529083466,387,822,8.76438414,770.4960215,4.541915041,10839.09478,185.3721507
val_1115,KIT-LK-001,val_17,val_32,val_31,6/12/2023,118034.1926,9.833360819,277,391,1.501797164,355.3046299,4.29809124,3566.113829,922.287449
val_1116,KIT-SU-001,val_6,val_1,val_31,6/12/2023,61417.99662,4.524776663,622,146,1.258935569,446.233222,3.332046217,4714.972172,971.2381643
val_1117,KIT-LK-001,val_19,val_38,val_20,6/13/2023,31606.65569,16.17351718,610,475,8.503724598,722.4580323,1.345299243,8236.049667,531.7248941
val_1118,KIT-IK-001,val_4,val_22,val_2,6/13/2023,94184.20977,22.09608789,723,149,1.117213359,430.1201814,1.669019727,9697.669582,563.199802
val_1119,KIT-YB-001,val_8,val_8,val_19,6/13/2023,65822.2468,28.98371722,72,408,1.795906849,322.2879415,1.368714066,3270.501195,930.4833804
val_1120,KIT-SU-001,val_13,val_32,val_41,6/13/2023,13592.08108,16.25454877,540,242,1.152577015,15.38883625,2.8544598,9948.794781,747.4534412
val_1121,KIT-YB-001,val_5,val_33,val_25,6/13/2023,147559.357,33.98106545,9,25,8.922508683,860.5696649,2.062050678,11677.67144,161.9891088
val_1122,KIT-YB-001,val_5,val_44,val_36,6/13/2023,37076.9496,20.93582316,991,664,1.402259396,526.703793,4.323186703,1237.917221,951.9579068
val_1123,KIT-SU-001,val_2,val_11,val_2,6/13/2023,76889.27579,21.23346923,875,742,4.35411833,851.3318726,2.743825595,2846.975955,571.3510763
val_1124,KIT-SU-001,val_0,val_32,val_9,6/14/2023,100259.5951,6.300023431,740,131,2.952931329,617.842126,2.808391896,8768.529819,20.66189525
val_1125,KIT-LK-001,val_10,val_50,val_14,6/14/2023,17705.85998,6.816038001,294,584,4.074949116,200.6663817,4.687701958,633.1044796,196.2171383
val_1126,KIT-YB-001,val_19,val_16,val_17,6/14/2023,111041.809,20.26659027,747,502,3.61533353,363.160951,3.311086057,3551.45355,796.8307907
val_1127,KIT-LK-001,val_4,val_50,val_47,6/14/2023,97419.18006,25.28660325,445,137,8.990845532,417.258176,2.549385102,10165.4006,127.7657699
val_1128,KIT-YB-001,val_8,val_43,val_22,6/14/2023,74316.05815,7.32379273,649,608,7.918350001,739.7259866,4.933829887,8243.528579,851.2992751
val_1129,KIT-YB-001,val_18,val_25,val_31,6/14/2023,79485.33375,17.04381518,232,261,8.965151883,548.1731925,2.849743128,7760.336154,786.3250863
val_1130,KIT-IK-001,val_15,val_52,val_30,6/15/2023,143241.8566,12.59576213,475,822,7.48038354,636.5035066,3.318720957,7421.591849,35.25666292
val_1131,KIT-LK-001,val_0,val_58,val_20,6/15/2023,136679.2267,15.46897871,877,611,3.973132812,753.0801694,2.528003823,6122.511952,331.0458546
val_1132,KIT-IK-001,val_10,val_14,val_46,6/15/2023,17241.50692,7.930156643,190,111,2.672606076,273.8613248,3.676829861,9247.539066,506.8775435
val_1133,KIT-YB-001,val_2,val_58,val_10,6/15/2023,55628.43193,5.097155668,384,518,5.768015324,881.9917983,4.103230972,10410.41654,76.02462932
val_1134,KIT-YB-001,val_4,val_0,val_1,6/15/2023,77757.32905,11.35343581,291,116,4.210015188,453.27695,3.51456891,9587.314904,579.614194
val_1135,KIT-SU-001,val_4,val_7,val_35,6/15/2023,138036.389,30.43830001,179,724,6.790716981,661.1218918,1.99368359,5895.7773,980.2606773
val_1136,KIT-SU-001,val_12,val_2,val_31,6/15/2023,122576.2178,28.22185643,397,297,1.350393329,218.2022987,4.769188384,9386.509175,600.1404907
val_1137,KIT-LK-001,val_3,val_22,val_12,6/16/2023,58279.1641,3.737563853,608,489,7.41683826,233.37236,3.046871145,9113.121496,493.7164404
val_1138,KIT-SU-001,val_5,val_56,val_41,6/16/2023,132988.4556,3.255736227,54,696,3.696032593,734.9894035,4.304091164,5578.006367,866.8488651
val_1139,KIT-YB-001,val_4,val_36,val_7,6/16/2023,57034.59045,17.35470276,205,845,5.160164542,350.4060767,1.035298893,4142.509077,963.9694188
val_1140,KIT-LK-001,val_7,val_36,val_12,6/16/2023,41043.3439,9.852900634,817,512,9.807525602,875.9577677,3.071055454,5039.600654,901.1895258
val_1141,KIT-YB-001,val_13,val_5,val_7,6/16/2023,91678.94767,28.85521767,260,77,2.940179001,664.7470896,4.742318246,6019.847318,36.9556478
val_1142,KIT-YB-001,val_7,val_30,val_8,6/16/2023,53707.31234,17.11910505,336,259,2.058900245,665.4289181,3.752840457,1934.035362,99.62760535
val_1143,KIT-SU-001,val_6,val_22,val_35,6/16/2023,93549.93021,29.87422937,673,613,2.888324748,380.2673044,1.456730163,2778.078557,615.4589039
val_1144,KIT-SU-001,val_10,val_28,val_33,6/17/2023,61747.76922,3.965318889,747,41,4.163531731,902.6703198,3.839892002,1401.734311,226.6993334
val_1145,KIT-IK-001,val_12,val_15,val_30,6/17/2023,119467.4864,33.95868227,960,371,5.826117605,944.6394648,1.060082692,1053.073863,521.0505473
val_1146,KIT-LK-001,val_0,val_12,val_41,6/17/2023,143169.4905,26.8951267,158,323,9.822036121,257.9392496,2.474723221,6880.207515,838.5085406
val_1147,KIT-LK-001,val_17,val_57,val_3,6/17/2023,40911.22224,25.66930439,755,307,8.828950446,514.5625708,1.946812533,8437.273317,938.4554776
val_1148,KIT-SU-001,val_18,val_33,val_29,6/17/2023,76746.50759,32.91952241,724,954,7.434608009,906.9318475,2.007549478,7440.626753,333.6041414
val_1149,KIT-LK-001,val_12,val_24,val_5,6/17/2023,108802.6491,16.56653536,124,944,7.484765904,101.2805451,1.165922926,8777.435971,848.7087448
val_1150,KIT-IK-001,val_11,val_4,val_45,6/17/2023,24198.60473,5.381334209,877,898,3.554050568,297.5789986,3.468529084,4996.701444,504.0020776
val_1151,KIT-YB-001,val_13,val_45,val_30,6/18/2023,119487.9691,17.49214596,312,864,9.351722265,954.4265185,3.967615143,9629.961429,658.5948136
val_1152,KIT-LK-001,val_8,val_28,val_36,6/18/2023,87654.30827,28.56978961,423,894,5.855969447,484.9735882,2.167336067,9022.663113,125.4338838
val_1153,KIT-YB-001,val_7,val_23,val_27,6/18/2023,22886.20832,30.11209497,797,183,2.462685568,951.5371779,3.34740234,8589.857326,63.35333827
val_1154,KIT-IK-001,val_7,val_40,val_18,6/18/2023,130300.3232,17.20139056,524,393,9.552722644,380.1682787,2.989575064,9238.808096,780.4032416
val_1155,KIT-LK-001,val_3,val_7,val_32,6/18/2023,64291.8383,25.68411726,275,57,5.558733239,527.4996395,4.972593341,2931.067594,598.4494128
val_1156,KIT-YB-001,val_16,val_31,val_40,6/18/2023,26904.59222,8.793953968,322,797,2.399609317,454.1228881,4.249328369,6919.390732,823.8863037
val_1157,KIT-SU-001,val_6,val_51,val_8,6/18/2023,29711.75647,8.223037058,740,868,7.617089497,457.2141715,4.784151953,9344.255043,115.783332
val_1158,KIT-SU-001,val_5,val_27,val_41,6/19/2023,117933.2068,20.60183242,183,28,3.104110959,917.7129275,4.297318524,1366.641396,171.8771246
val_1159,KIT-LK-001,val_19,val_0,val_34,6/19/2023,140389.566,14.87694067,472,169,2.689002452,694.6428285,3.63068664,3115.445856,62.98859993
val_1160,KIT-YB-001,val_10,val_13,val_4,6/19/2023,57048.36338,5.804623848,748,169,3.408323283,945.7314763,1.284664302,5991.819225,650.1271745
val_1161,KIT-IK-001,val_12,val_3,val_44,6/19/2023,12284.79726,26.69541475,885,929,6.204488033,329.5320061,4.431577186,5087.375962,615.5814573
val_1162,KIT-SU-001,val_4,val_30,val_8,6/19/2023,15573.05038,18.71873118,826,791,3.633305136,993.8938885,4.04407703,10988.36047,425.5536525
val_1163,KIT-YB-001,val_5,val_21,val_28,6/19/2023,98344.53712,18.3096523,359,277,1.367321264,707.6644511,2.128645503,9057.585292,135.2860271
val_1164,KIT-IK-001,val_14,val_7,val_6,6/19/2023,55927.38073,6.787971285,198,45,4.487473491,131.3102066,2.077535768,681.801594,23.84982773
val_1165,KIT-LK-001,val_9,val_41,val_9,6/20/2023,64206.65885,8.591694142,935,412,3.109488422,412.9431058,3.097003924,5690.613883,258.9694288
val_1166,KIT-IK-001,val_2,val_10,val_30,6/20/2023,50888.58303,24.30623438,598,585,5.603026078,248.6677991,2.132005461,9198.20893,2.806227015
val_1167,KIT-YB-001,val_16,val_20,val_32,6/20/2023,70098.01562,29.84622727,407,45,5.136054433,235.4593478,4.882501682,8094.318103,948.7586459
val_1168,KIT-YB-001,val_8,val_59,val_32,6/20/2023,96710.64321,6.366982709,902,469,1.702747674,929.5528377,1.774276768,6544.282501,170.1989334
val_1169,KIT-SU-001,val_13,val_3,val_16,6/20/2023,81400.305,28.4696311,726,538,3.207826427,959.9494941,1.613513566,1205.297634,265.4907819
val_1170,KIT-IK-001,val_6,val_14,val_39,6/20/2023,25054.09291,27.62571181,476,982,3.533358506,14.16670011,1.174095865,10998.59905,798.5735662
val_1171,KIT-IK-001,val_11,val_19,val_2,6/21/2023,73947.65347,28.55893129,195,188,5.36262969,138.0367388,3.21036407,5098.153789,994.9536673
val_1172,KIT-YB-001,val_15,val_30,val_41,6/21/2023,69361.65234,20.44468472,81,183,8.399969495,277.845185,3.961315047,1912.589873,620.547607
val_1173,KIT-IK-001,val_17,val_14,val_14,6/21/2023,82087.71858,12.44410225,531,431,2.967424287,847.735341,3.345366481,1195.867828,253.3207339
val_1174,KIT-SU-001,val_4,val_58,val_29,6/21/2023,17045.16964,27.03152807,114,319,2.423680046,611.1057486,1.833104587,9460.578577,452.9147993
val_1175,KIT-IK-001,val_13,val_0,val_43,6/21/2023,23452.30489,16.90210067,310,920,1.009194198,565.42772,4.693712105,7430.417809,59.65060197
val_1176,KIT-LK-001,val_18,val_56,val_12,6/21/2023,79771.50463,7.920870033,682,787,6.458528703,598.2743571,2.51718787,3170.211123,109.0132479
val_1177,KIT-IK-001,val_12,val_32,val_19,6/21/2023,41677.53886,14.20305925,12,252,3.930758704,950.58702,1.563205363,6489.769262,709.5934314
val_1178,KIT-YB-001,val_2,val_2,val_39,6/22/2023,94540.23746,16.12854608,990,335,7.031398173,275.7904387,1.764222433,11368.31631,829.4868365
val_1179,KIT-LK-001,val_3,val_6,val_41,6/22/2023,56226.33171,17.78601132,437,635,7.21128155,123.3221091,2.752845202,6018.76887,270.1387791
val_1180,KIT-YB-001,val_4,val_6,val_11,6/22/2023,33499.84478,31.43521242,871,872,1.402331719,607.8153682,3.177503583,4809.485848,738.3934374
val_1181,KIT-LK-001,val_2,val_17,val_24,6/22/2023,98631.02085,14.50854244,172,202,4.765705274,968.8690781,3.405795091,3832.551242,640.3698518
val_1182,KIT-YB-001,val_15,val_19,val_15,6/22/2023,59389.19661,10.11141643,461,296,9.711844276,710.0042633,1.292948804,2350.87619,509.6697105
val_1183,KIT-IK-001,val_19,val_38,val_24,6/22/2023,24063.06434,33.68970893,959,610,3.476294174,892.1163612,4.469978285,10942.12238,289.2609698
val_1184,KIT-YB-001,val_10,val_18,val_18,6/22/2023,121416.9424,8.619797044,632,860,5.765953913,896.1898451,2.345721505,2226.034255,985.223258
val_1185,KIT-YB-001,val_11,val_43,val_0,6/23/2023,65047.92744,0.586846918,809,289,5.840322136,219.2570909,2.037587392,844.4708843,247.9648465
val_1186,KIT-IK-001,val_15,val_17,val_44,6/23/2023,137303.0158,29.77377143,685,467,3.344961317,685.5984557,3.750271641,1884.183411,208.6753809
val_1187,KIT-IK-001,val_8,val_15,val_30,6/23/2023,29413.43881,33.41471282,740,682,8.01330732,862.220892,3.454243457,2353.440831,109.9440527
val_1188,KIT-YB-001,val_9,val_16,val_22,6/23/2023,131514.3601,23.93819177,364,425,1.033145771,101.3408873,4.971282647,5212.903214,658.9933502
val_1189,KIT-LK-001,val_11,val_19,val_5,6/23/2023,122478.5406,14.38620797,453,771,3.041114562,651.478293,2.641412977,10933.75294,901.204655
val_1190,KIT-SU-001,val_6,val_50,val_3,6/23/2023,16035.4157,19.12266304,49,515,6.332745462,272.0031645,1.732992079,1790.866525,134.1613083
val_1191,KIT-SU-001,val_1,val_14,val_22,6/23/2023,79986.35669,29.15365467,259,881,9.255643,821.6705098,4.891058445,1924.835407,104.4186029
val_1192,KIT-SU-001,val_11,val_16,val_31,6/24/2023,98225.58759,31.00984348,64,608,1.085780378,223.207615,2.928067067,5360.558852,904.4239506
val_1193,KIT-SU-001,val_16,val_57,val_12,6/24/2023,74574.58811,3.767900858,324,919,6.407810755,373.4204991,3.646105229,10864.53471,660.5515202
val_1194,KIT-YB-001,val_1,val_39,val_35,6/24/2023,58844.33109,30.40628576,726,860,1.030300417,676.7425913,1.169260486,11140.17135,969.0219125
val_1195,KIT-SU-001,val_4,val_11,val_18,6/24/2023,141604.398,21.6837736,204,241,6.605357128,555.8261594,2.343543878,11419.809,710.2928624
val_1196,KIT-YB-001,val_5,val_52,val_0,6/24/2023,105272.7185,1.323293614,479,898,4.704358698,119.9760185,4.948899335,1697.173566,771.7052975
val_1197,KIT-YB-001,val_16,val_10,val_25,6/24/2023,144897.5467,3.975302449,552,129,4.910088687,225.2951403,4.85751148,8525.372225,461.720214
val_1198,KIT-SU-001,val_10,val_9,val_8,6/24/2023,127011.4315,1.784590637,163,283,9.707586616,885.8400631,4.936605633,7839.008984,238.3120014
val_1199,KIT-IK-001,val_10,val_26,val_0,6/25/2023,122661.144,33.20983833,812,48,7.140217093,988.7795914,4.295723828,559.5884014,569.1405791
val_1200,KIT-LK-001,val_12,val_41,val_6,6/25/2023,108982.0274,15.04282301,771,104,2.767731694,693.9720401,3.002034608,8133.136007,358.2137302
val_1201,KIT-SU-001,val_5,val_11,val_13,6/25/2023,97088.8467,25.10342395,187,721,9.976034934,9.764672601,3.288077211,8424.424877,469.7255263
val_1202,KIT-SU-001,val_14,val_45,val_24,6/25/2023,133085.8826,0.259763479,36,111,3.310099587,743.4006578,1.299411142,7948.599071,515.6845204
val_1203,KIT-LK-001,val_0,val_9,val_47,6/25/2023,92204.76101,27.80238444,4,187,7.173161404,642.8255849,4.17309885,2745.253853,26.57074345
val_1204,KIT-IK-001,val_2,val_46,val_10,6/25/2023,11755.61594,16.97483148,293,408,7.122654959,411.8203554,3.996284347,4121.861408,608.5406564
val_1205,KIT-LK-001,val_16,val_5,val_2,6/25/2023,87593.24609,32.34137291,125,800,8.647525156,228.0458125,3.833189171,6734.370713,358.5348045
val_1206,KIT-LK-001,val_13,val_27,val_9,6/26/2023,15873.85516,18.3272327,17,811,4.589801877,165.6978541,2.530264515,1833.361693,812.104648
val_1207,KIT-LK-001,val_3,val_38,val_15,6/26/2023,142420.51,27.65024519,461,965,7.263680618,83.53686219,2.063395885,2073.282851,56.30036554
val_1208,KIT-LK-001,val_8,val_15,val_9,6/26/2023,97177.01193,22.10544086,525,55,6.633469665,639.2703755,4.239674537,8445.238281,556.1903876
val_1209,KIT-SU-001,val_1,val_36,val_15,6/26/2023,83569.11937,18.31473885,18,148,4.927779559,337.2745736,4.898150054,2155.362629,360.0193484
val_1210,KIT-SU-001,val_13,val_41,val_46,6/26/2023,30074.25934,33.19889777,599,399,9.243616802,518.0132591,2.693935797,396.9066755,93.29626256
val_1211,KIT-SU-001,val_15,val_39,val_18,6/26/2023,77607.17396,17.44685293,403,283,3.26736634,525.208368,1.222059839,2384.18363,413.6946756
val_1212,KIT-YB-001,val_5,val_23,val_30,6/26/2023,51708.38507,31.2551151,200,97,3.018462187,607.3024838,4.602907765,1091.206041,409.2716537
val_1213,KIT-IK-001,val_7,val_46,val_32,6/27/2023,101470.2321,1.455501529,111,524,6.673494297,594.5460109,3.757774371,3529.60325,753.3078699
val_1214,KIT-IK-001,val_4,val_43,val_6,6/27/2023,90859.26472,23.07817581,759,469,2.712399745,519.0767434,3.685688171,9171.906342,152.0199002
val_1215,KIT-LK-001,val_7,val_19,val_11,6/27/2023,75146.40996,31.92582296,107,430,8.469953261,155.1177645,4.777031607,9475.885764,830.3818041
val_1216,KIT-YB-001,val_5,val_44,val_19,6/27/2023,38284.77972,31.49478147,200,22,4.057077305,27.04316377,3.681985643,1041.968598,47.90631469
val_1217,KIT-SU-001,val_4,val_55,val_22,6/27/2023,79098.59799,17.07986634,713,426,4.789895277,576.1848011,3.470037968,6929.371164,515.7074792
val_1218,KIT-YB-001,val_8,val_49,val_0,6/27/2023,69523.68442,16.62898138,630,458,7.140842718,423.2199989,3.840443635,1238.970517,649.0038106
val_1219,KIT-LK-001,val_17,val_43,val_30,6/28/2023,127764.2487,28.40586752,1000,217,8.965915237,410.1186583,2.935776317,2407.617185,14.3431886
val_1220,KIT-SU-001,val_15,val_45,val_14,6/28/2023,134203.4325,11.8585528,40,795,7.209707327,430.065657,2.147944537,9453.716893,69.13045823
val_1221,KIT-YB-001,val_5,val_48,val_15,6/28/2023,114007.7485,32.8132176,194,890,1.847847025,113.5420201,2.007150782,11669.69872,273.5032012
val_1222,KIT-IK-001,val_18,val_17,val_28,6/28/2023,48286.17351,8.923807395,662,929,4.042548888,179.2679619,3.904980591,3405.107989,381.4524628
val_1223,KIT-LK-001,val_4,val_43,val_45,6/28/2023,6194.381808,2.78904439,229,682,7.750566242,662.1544362,1.970436323,9365.806178,346.5102525
val_1224,KIT-LK-001,val_18,val_11,val_41,6/28/2023,138837.7259,27.06295355,381,676,9.169755781,513.7814736,4.724622537,4236.191183,971.310988
val_1225,KIT-YB-001,val_6,val_21,val_47,6/28/2023,148805.8316,14.28440409,296,154,6.704444062,609.6623308,2.61199564,9457.824466,166.9429492
val_1226,KIT-SU-001,val_10,val_56,val_19,6/29/2023,19489.60397,12.58105243,809,394,6.365395264,129.3406227,3.534275276,6929.131943,890.7355119
val_1227,KIT-YB-001,val_4,val_16,val_5,6/29/2023,102999.5956,11.36766643,785,4,4.41297602,814.1396216,1.171197582,6646.654282,944.5766869
val_1228,KIT-SU-001,val_15,val_50,val_10,6/29/2023,64059.40706,34.31938975,806,559,5.302464937,372.6397255,2.79575852,9743.546448,175.5920894
val_1229,KIT-IK-001,val_6,val_25,val_16,6/29/2023,22703.80052,20.09434753,506,763,4.890047921,613.0719878,2.598244154,8414.809394,758.5878474
val_1230,KIT-SU-001,val_17,val_12,val_14,6/29/2023,149716.146,34.7186226,488,669,1.496588289,465.6532197,4.018632027,11654.85317,998.1892868
val_1231,KIT-YB-001,val_1,val_5,val_9,6/29/2023,140017.7137,12.15661839,571,15,1.196675982,468.3230707,1.221679564,4479.506292,247.8533129
val_1232,KIT-IK-001,val_10,val_32,val_7,6/29/2023,147400.027,14.60612951,67,556,6.556634508,778.5804705,2.609409632,11469.54581,502.7359599
val_1233,KIT-YB-001,val_3,val_27,val_8,6/30/2023,22012.49003,7.569341894,547,881,5.588549054,110.3488665,4.432534487,9966.165491,758.8353886
val_1234,KIT-YB-001,val_17,val_30,val_31,6/30/2023,74042.71654,15.17667125,276,102,3.204017234,74.7902198,3.673994923,6023.738845,734.7768363
val_1235,KIT-YB-001,val_8,val_2,val_23,6/30/2023,134418.2374,2.357785933,938,529,9.034758668,101.0583035,4.109699807,6109.614176,833.165139
val_1236,KIT-YB-001,val_13,val_16,val_1,6/30/2023,101436.1876,0.219413247,184,250,2.8593541,995.3001385,4.053069426,10843.06418,348.2399353
val_1237,KIT-SU-001,val_17,val_0,val_27,6/30/2023,65472.96959,15.96695697,34,931,7.304489429,927.1481293,3.647783658,7131.849425,120.6599561
val_1238,KIT-LK-001,val_10,val_18,val_40,6/30/2023,77745.78901,26.16163258,964,551,8.095266199,700.5534759,2.565187415,4186.02766,676.4217102
val_1239,KIT-LK-001,val_1,val_55,val_20,6/30/2023,6270.939903,15.40986779,158,772,8.562042777,447.5458119,2.597573066,688.2269624,339.5619533
val_1240,KIT-YB-001,val_4,val_9,val_15,7/1/2023,91921.81793,18.22658789,518,525,8.555769447,85.07121069,1.204728406,3735.641343,646.0646261
val_1241,KIT-YB-001,val_4,val_41,val_13,7/1/2023,129027.4697,15.70743317,382,895,8.147635799,820.8956918,1.77999694,2764.627723,473.419064
val_1242,KIT-SU-001,val_18,val_0,val_18,7/1/2023,917.6471679,18.53278894,269,287,5.120201559,189.4425995,3.232350336,1722.547681,458.6072587
val_1243,KIT-IK-001,val_18,val_33,val_13,7/1/2023,24414.71931,27.19102086,488,744,6.61520404,272.8420487,4.580317647,8136.953403,881.5115199
val_1244,KIT-IK-001,val_9,val_55,val_44,7/1/2023,77939.52324,28.17176291,733,429,8.719402411,840.791942,3.448914336,4869.238295,640.4593048
val_1245,KIT-LK-001,val_17,val_20,val_47,7/1/2023,84364.16674,29.36441992,114,577,4.782604449,257.3344071,2.548191536,1315.885975,624.5063242
val_1246,KIT-SU-001,val_4,val_11,val_16,7/1/2023,51831.1756,7.592560801,662,686,7.037694778,844.576489,4.327736969,4058.394539,970.8517722
val_1247,KIT-YB-001,val_13,val_34,val_44,7/2/2023,4676.204759,16.13298708,894,173,2.435826979,785.9385632,2.795079664,1856.897282,269.7443666
val_1248,KIT-YB-001,val_7,val_16,val_40,7/2/2023,111668.2143,29.11899823,290,868,6.082233504,837.2902408,2.039525569,7263.527287,688.5141195
val_1249,KIT-YB-001,val_4,val_53,val_3,7/2/2023,36817.30518,32.97738989,678,728,2.269413129,674.291202,1.320291364,5237.563315,355.5236403
val_1250,KIT-YB-001,val_5,val_50,val_23,7/2/2023,96864.30663,19.09582171,921,409,6.942618938,352.1258216,4.314202759,11223.64262,598.9212903
val_1251,KIT-LK-001,val_8,val_39,val_31,7/2/2023,84092.43779,17.35639923,933,592,4.391478579,653.167875,3.463909973,7383.162148,817.1100599
val_1252,KIT-SU-001,val_6,val_38,val_20,7/2/2023,64910.29333,26.80789804,648,664,3.050586409,829.1077161,3.323281785,9229.037955,922.785184
val_1253,KIT-LK-001,val_4,val_36,val_21,7/2/2023,88748.28074,34.71096211,941,455,4.246689228,749.4195568,3.88268061,4153.662766,427.1016494
val_1254,KIT-IK-001,val_6,val_44,val_23,7/3/2023,104408.2922,15.0224405,778,635,7.312754103,862.0280605,3.420161452,9102.857471,832.090557
val_1255,KIT-IK-001,val_2,val_27,val_33,7/3/2023,86050.52553,5.945468803,513,559,9.172300817,983.530977,2.402106709,8870.438544,335.066437
val_1256,KIT-SU-001,val_19,val_58,val_14,7/3/2023,83850.0521,29.23387668,125,780,1.101528538,690.1452674,3.470325616,11892.53615,661.0266734
val_1257,KIT-LK-001,val_7,val_20,val_28,7/3/2023,65693.62316,24.92279726,853,232,2.510631522,928.1272054,1.560168211,8001.804598,877.6342124
val_1258,KIT-YB-001,val_2,val_0,val_11,7/3/2023,64790.16111,5.248636865,286,4,7.351600062,271.7778051,2.184698578,11010.607,685.4221232
val_1259,KIT-YB-001,val_11,val_41,val_42,7/3/2023,73899.41476,11.45812353,737,404,6.118613756,973.4827408,3.149254036,10429.60432,705.7337919
val_1260,KIT-SU-001,val_17,val_39,val_4,7/3/2023,68085.64787,19.45217405,645,825,3.872647427,910.3245666,1.276596027,11041.01738,837.6267186
val_1261,KIT-SU-001,val_7,val_58,val_3,7/4/2023,66134.17535,25.6550015,360,124,6.865869278,41.24297782,4.28713425,6963.37013,252.4484587
val_1262,KIT-IK-001,val_16,val_23,val_1,7/4/2023,31950.32565,27.36650111,775,862,8.804688064,590.4477872,1.178556152,2843.024201,746.8958268
val_1263,KIT-IK-001,val_12,val_25,val_16,7/4/2023,108863.2692,5.61945167,658,410,3.321808053,502.9716949,2.489465509,7103.321863,637.6440495
val_1264,KIT-IK-001,val_14,val_33,val_29,7/4/2023,20376.3941,7.742923336,746,208,5.371049596,815.6052526,2.81757999,11075.73462,545.8876066
val_1265,KIT-SU-001,val_5,val_23,val_47,7/4/2023,136352.2082,26.0954635,953,467,1.186906072,126.3401337,3.72282732,11681.61884,975.0909158
val_1266,KIT-SU-001,val_0,val_47,val_21,7/4/2023,93914.50851,4.240710573,275,812,9.513963816,527.6392734,1.619477599,11364.77066,412.5135316
val_1267,KIT-LK-001,val_6,val_25,val_8,7/5/2023,7810.651529,17.53597631,764,858,8.214793595,501.2637962,4.285472126,5404.866766,234.8500247
val_1268,KIT-YB-001,val_18,val_47,val_17,7/5/2023,99020.30561,19.20052697,39,613,5.545814832,395.5390293,2.704444073,9691.09668,839.265744
val_1269,KIT-IK-001,val_15,val_25,val_6,7/5/2023,54546.3821,12.00953824,710,527,9.927981918,992.1827553,2.004599903,5965.020913,185.1222203
val_1270,KIT-IK-001,val_15,val_13,val_22,7/5/2023,139499.8442,27.91250025,155,807,2.981967665,539.5463961,1.393343203,8362.367631,745.2735492
val_1271,KIT-LK-001,val_17,val_59,val_34,7/5/2023,140443.2852,2.128470214,222,909,7.695734941,413.2444041,4.701252726,5292.137308,928.2198914
val_1272,KIT-IK-001,val_7,val_31,val_1,7/5/2023,126966.2931,27.25506842,195,796,7.925559089,856.4033837,2.613536462,3770.341946,821.5816312
val_1273,KIT-SU-001,val_6,val_42,val_37,7/5/2023,85393.41085,22.68193964,831,968,8.47770231,139.0544004,2.525337326,5414.839827,633.151196
val_1274,KIT-SU-001,val_18,val_35,val_10,7/6/2023,137917.0649,17.85117163,374,832,7.165866732,287.5623005,1.720975252,3822.360927,923.153029
val_1275,KIT-SU-001,val_11,val_21,val_32,7/6/2023,97646.32427,30.55856987,390,49,2.715315422,278.8919205,3.025353193,5193.505841,488.9087215
val_1276,KIT-SU-001,val_5,val_58,val_39,7/6/2023,131331.7938,7.238176044,361,19,1.822007076,933.7006853,2.279534914,8196.685758,75.67304736
val_1277,KIT-YB-001,val_5,val_22,val_37,7/6/2023,24427.95329,28.06693642,624,597,2.623214871,880.329716,1.663692649,2568.828113,734.9307987
val_1278,KIT-IK-001,val_17,val_59,val_32,7/6/2023,135674.9569,6.734554019,916,958,8.724866701,606.6843503,4.011480773,8185.242509,716.8444275
val_1279,KIT-YB-001,val_1,val_25,val_33,7/6/2023,99407.80884,34.66752418,678,299,4.617955929,319.6294281,4.593062865,1068.714497,865.3761932
val_1280,KIT-IK-001,val_1,val_1,val_9,7/6/2023,45839.45151,1.340213992,101,967,5.9154948,468.1037719,2.409176938,218.7924478,406.0993391
val_1281,KIT-LK-001,val_14,val_2,val_6,7/7/2023,149673.1223,19.45126462,515,852,1.228356956,571.1465389,2.145980555,2949.9273,145.0411482
val_1282,KIT-LK-001,val_0,val_58,val_18,7/7/2023,103189.1531,6.046985135,107,140,5.422856761,540.0868395,2.493540806,2587.846726,102.6702533
val_1283,KIT-YB-001,val_3,val_31,val_29,7/7/2023,136308.2007,14.39753231,165,494,4.683423415,255.9353447,4.699339226,10031.22971,345.3955616
val_1284,KIT-LK-001,val_19,val_23,val_29,7/7/2023,1335.035386,5.348544122,196,221,5.811042196,130.487604,3.334424556,9121.28787,792.964341
val_1285,KIT-YB-001,val_8,val_48,val_37,7/7/2023,83074.59223,6.945125722,698,78,4.377460916,907.6363574,1.663647184,8063.385754,521.3690034
val_1286,KIT-SU-001,val_14,val_37,val_14,7/7/2023,107023.6272,2.322121704,876,691,1.678979812,640.8473429,3.529941029,8533.78427,170.435565
val_1287,KIT-YB-001,val_9,val_39,val_41,7/7/2023,2553.664923,0.478523376,247,215,1.395642875,145.0923834,2.605028849,8023.242517,241.8188654
val_1288,KIT-YB-001,val_1,val_41,val_21,7/8/2023,114502.6042,25.23184484,943,560,9.548172741,989.8434806,1.069635736,9952.12352,348.4108924
val_1289,KIT-YB-001,val_3,val_11,val_11,7/8/2023,97891.50488,15.98042654,265,674,6.434367911,411.2773161,4.879720277,6499.965636,480.2864418
val_1290,KIT-YB-001,val_15,val_5,val_35,7/8/2023,41576.56821,1.786608044,307,432,6.790566448,732.9701181,1.45958439,408.1857461,839.444058
val_1291,KIT-LK-001,val_1,val_43,val_6,7/8/2023,103497.2695,32.8761497,126,79,9.238769192,176.7147211,2.653986395,10387.1279,992.3308012
val_1292,KIT-YB-001,val_11,val_1,val_19,7/8/2023,20069.70533,23.36323306,46,69,5.957753541,932.7656965,3.63055417,5751.001156,599.2577656
val_1293,KIT-SU-001,val_6,val_43,val_37,7/8/2023,123693.5612,9.396704995,620,379,6.539975533,79.20730695,3.344093443,11155.42586,389.1824963
val_1294,KIT-IK-001,val_7,val_7,val_37,7/8/2023,130000.655,15.46659112,407,42,5.707347277,955.8216432,1.016872998,10737.44746,183.3790482
val_1295,KIT-LK-001,val_19,val_15,val_12,7/9/2023,73078.80108,17.22648057,117,872,2.583770147,727.1225917,3.43154186,4912.214403,511.0238272
val_1296,KIT-LK-001,val_12,val_42,val_7,7/9/2023,76362.60411,20.03348795,565,166,3.803598168,227.2445763,3.90908576,11210.26071,613.1209769
val_1297,KIT-YB-001,val_12,val_37,val_1,7/9/2023,60607.12695,30.03926966,345,29,8.959059204,180.9057404,4.397289314,891.2921533,326.9408419
val_1298,KIT-LK-001,val_7,val_46,val_4,7/9/2023,52127.43079,20.72852984,393,140,4.994778968,837.1009142,1.735771835,8015.496495,323.9234222
val_1299,KIT-IK-001,val_7,val_36,val_39,7/9/2023,130998.2927,34.25966999,890,696,2.837345817,39.92395135,1.147022917,8241.596558,828.5009244
val_1300,KIT-YB-001,val_13,val_2,val_37,7/9/2023,46078.53978,25.49295631,403,589,8.452363553,114.2801178,4.777519718,10113.54043,659.9641523
val_1301,KIT-SU-001,val_0,val_50,val_24,7/9/2023,60726.07677,34.6003985,453,676,1.785743992,672.8560795,3.72171603,5763.041746,450.2669222
val_1302,KIT-LK-001,val_4,val_12,val_27,7/10/2023,45337.48632,19.36607046,687,347,6.755772574,77.36699268,2.819852972,3038.673756,557.7157752
val_1303,KIT-SU-001,val_12,val_8,val_15,7/10/2023,98678.55774,23.81003176,895,321,7.301120328,541.2453951,3.900203158,721.3123066,504.7498979
val_1304,KIT-YB-001,val_12,val_52,val_9,7/10/2023,122225.6405,25.87887031,738,672,3.733914699,574.0528184,1.628320963,5714.03082,174.3750258
val_1305,KIT-LK-001,val_1,val_11,val_0,7/10/2023,25068.20613,26.4651968,493,112,2.501963136,17.87149322,4.833592371,5548.642279,870.3381293
val_1306,KIT-LK-001,val_15,val_32,val_32,7/10/2023,38584.00613,1.050151066,305,394,5.034634898,377.1631808,3.616977222,4405.358325,90.99975947
val_1307,KIT-LK-001,val_10,val_29,val_1,7/10/2023,16064.10243,4.636106362,179,102,7.795290743,28.53063743,4.50780915,7709.782745,213.026216
val_1308,KIT-LK-001,val_4,val_46,val_5,7/11/2023,24447.50158,8.124739034,123,424,8.980224021,966.8853481,3.226833475,6470.292018,561.7186095
val_1309,KIT-LK-001,val_15,val_2,val_38,7/11/2023,61328.80286,9.648008282,759,970,8.338032086,215.3217149,4.203218927,1563.541587,461.133845
val_1310,KIT-SU-001,val_19,val_6,val_27,7/11/2023,116493.5053,31.70681299,737,851,1.985762782,689.7100283,2.310699485,767.8202913,595.3493209
val_1311,KIT-YB-001,val_8,val_24,val_23,7/11/2023,81471.88128,25.34659218,353,677,3.004989264,673.7656251,1.53230422,10709.92291,919.6983106
val_1312,KIT-IK-001,val_5,val_28,val_10,7/11/2023,8464.803544,5.186200047,939,657,6.552871616,772.231883,2.41528269,8957.614237,285.9977835
val_1313,KIT-YB-001,val_5,val_47,val_7,7/11/2023,93950.46908,15.03715515,967,376,7.389191,335.3275782,4.587698466,5665.708878,150.7135646
val_1314,KIT-SU-001,val_11,val_36,val_22,7/11/2023,119397.9732,8.66062977,621,706,1.078644132,184.3980068,3.792366109,6053.347135,121.2879944
val_1315,KIT-IK-001,val_0,val_8,val_17,7/12/2023,59323.43634,29.0792549,262,834,2.28316356,530.5022122,2.824966309,1550.562717,59.0608788
val_1316,KIT-LK-001,val_9,val_58,val_25,7/12/2023,37129.38391,32.13933511,507,559,1.846152172,694.3367065,1.940847345,3309.430301,790.7545245
val_1317,KIT-SU-001,val_0,val_27,val_7,7/12/2023,114708.6904,5.917296761,822,103,4.0699832,755.3013389,3.392178649,9932.346731,457.4697898
val_1318,KIT-SU-001,val_0,val_57,val_11,7/12/2023,4073.982725,14.69666321,507,694,7.127220747,48.91540221,3.371612866,1690.818981,255.8012228
val_1319,KIT-IK-001,val_8,val_59,val_5,7/12/2023,122430.8582,33.35872709,494,127,9.488747483,752.6597467,3.123681082,1430.701363,674.0723486
val_1320,KIT-YB-001,val_14,val_3,val_20,7/12/2023,120736.8074,23.06671261,533,324,1.805709779,112.4322543,3.951214977,6786.019136,777.3617993
val_1321,KIT-IK-001,val_17,val_30,val_13,7/12/2023,133253.8966,30.40977102,842,197,5.554822095,524.6458212,1.971253142,10115.71103,937.1285403
val_1322,KIT-IK-001,val_1,val_25,val_10,7/13/2023,13877.25112,12.64774184,411,50,4.352199363,555.4110558,3.043956783,4673.630961,399.4374712
val_1323,KIT-IK-001,val_4,val_29,val_26,7/13/2023,16609.89304,7.497642345,183,764,4.584894019,127.0501929,2.233624603,7821.319717,689.4204001
val_1324,KIT-SU-001,val_8,val_18,val_23,7/13/2023,130976.5472,24.25736977,514,645,1.612416865,963.9979258,1.822402198,10845.31984,270.6287851
val_1325,KIT-LK-001,val_11,val_33,val_10,7/13/2023,71551.78369,4.982436454,634,409,3.594888007,638.0164183,2.331125732,10716.81506,865.4806932
val_1326,KIT-SU-001,val_19,val_29,val_33,7/13/2023,59154.60686,29.42858601,935,381,3.272103965,223.8914438,4.211791168,5720.914007,908.6944981
val_1327,KIT-IK-001,val_13,val_11,val_16,7/13/2023,86207.38799,26.46833306,113,643,7.464687803,50.89767774,1.455550642,3687.872882,630.2503952
val_1328,KIT-SU-001,val_10,val_17,val_16,7/13/2023,9258.168988,10.8107509,943,531,6.77672499,775.0234246,2.101925028,6965.927916,658.949338
val_1329,KIT-YB-001,val_1,val_8,val_22,7/14/2023,96735.5674,17.55516089,806,232,6.726794024,841.3156419,3.13210029,11105.54241,659.616116
val_1330,KIT-IK-001,val_1,val_50,val_6,7/14/2023,141789.9315,28.01194771,711,480,5.673324276,90.6300652,2.603873209,8234.189725,591.5630447
val_1331,KIT-YB-001,val_3,val_40,val_20,7/14/2023,101520.1242,32.73487913,235,778,4.078766692,257.4306952,4.310702037,11471.03292,438.7829178
val_1332,KIT-LK-001,val_13,val_23,val_27,7/14/2023,69947.99929,12.45518526,206,552,3.194128439,642.37788,4.116966293,7034.112692,740.3231358
val_1333,KIT-IK-001,val_6,val_23,val_6,7/14/2023,144151.7078,27.69171528,428,802,1.101554191,418.9771358,3.711675666,450.432228,976.6226868
val_1334,KIT-SU-001,val_4,val_4,val_27,7/14/2023,103433.2039,6.967454422,182,508,2.331352405,342.5122885,2.129991379,5485.504744,745.8044157
val_1335,KIT-SU-001,val_13,val_17,val_1,7/14/2023,9015.585139,31.64319684,656,413,2.978933866,424.4512848,1.084875369,10858.64191,309.5668389
val_1336,KIT-IK-001,val_16,val_55,val_28,7/15/2023,100671.9565,24.08150035,753,743,9.780071797,505.3045475,2.255620438,598.421386,500.4362946
val_1337,KIT-SU-001,val_8,val_1,val_1,7/15/2023,9424.531482,5.515328338,478,209,9.734064907,184.6625892,3.403826688,7492.325251,597.0619703
val_1338,KIT-SU-001,val_17,val_8,val_8,7/15/2023,46430.86748,25.94604647,692,627,7.908995448,388.0631992,1.405790045,4659.565369,82.21316055
val_1339,KIT-SU-001,val_14,val_50,val_16,7/15/2023,92544.68032,25.39720696,779,630,6.492934214,69.82543972,4.294328982,4962.841924,491.9918436
val_1340,KIT-SU-001,val_14,val_31,val_29,7/15/2023,32734.59442,26.0319515,913,277,7.019275639,6.05564066,4.946386303,6897.390346,102.4570799
val_1341,KIT-LK-001,val_17,val_1,val_34,7/15/2023,6209.283097,12.20173413,688,256,6.40494148,975.1933317,3.950242767,5056.594915,510.5156487
val_1342,KIT-YB-001,val_3,val_29,val_22,7/15/2023,92884.07647,25.9450487,233,83,6.821471288,54.80786068,2.658450197,11057.65925,86.98263639
val_1343,KIT-LK-001,val_15,val_44,val_6,7/16/2023,43235.66379,28.96463798,130,148,2.973132177,43.47789479,4.188873542,3783.576652,361.3675669
val_1344,KIT-SU-001,val_19,val_20,val_18,7/16/2023,80178.15154,12.28008605,941,95,9.79031725,889.9619757,2.09038636,9159.520492,954.4851221
val_1345,KIT-IK-001,val_19,val_22,val_37,7/16/2023,39541.26405,7.436926797,774,616,7.809746675,976.0368103,4.816440209,1286.538025,7.46352077
val_1346,KIT-YB-001,val_11,val_37,val_4,7/16/2023,103121.1126,31.09822127,850,121,3.108193552,844.534826,2.466436794,4127.552466,274.2701695
val_1347,KIT-SU-001,val_15,val_35,val_34,7/16/2023,134407.358,21.80015346,423,513,5.622831457,139.5504527,3.759574342,2062.90109,371.7377841
val_1348,KIT-LK-001,val_17,val_54,val_18,7/16/2023,13441.43802,16.22147348,157,111,8.102955793,639.5316699,1.075664612,2793.92995,590.0230903
val_1349,KIT-SU-001,val_17,val_14,val_0,7/16/2023,118054.6435,30.81508793,598,784,9.200440967,696.9245241,3.522875309,6861.047329,965.4425837
val_1350,KIT-YB-001,val_17,val_16,val_33,7/17/2023,23836.21074,4.932996397,640,678,4.454600496,771.6625055,2.184113509,4236.049528,639.7491025
val_1351,KIT-IK-001,val_16,val_9,val_1,7/17/2023,49746.76318,28.40834428,216,292,5.353572536,112.8888686,1.408501914,775.2833572,893.7808772
val_1352,KIT-YB-001,val_7,val_39,val_17,7/17/2023,53926.11173,17.2805804,470,736,3.788944232,390.752731,2.73416925,10388.15133,162.6017265
val_1353,KIT-SU-001,val_14,val_32,val_9,7/17/2023,31343.34336,1.679844301,423,225,4.389214185,276.0969238,1.423417279,8169.650705,288.5985075
val_1354,KIT-SU-001,val_8,val_20,val_28,7/17/2023,11747.53396,34.04692146,259,635,3.049384141,654.5160126,1.740250072,11471.54091,887.0601728
val_1355,KIT-IK-001,val_16,val_41,val_2,7/17/2023,115388.7288,27.27672265,817,641,1.269205346,343.6015153,4.580544892,9645.28345,5.17728439
val_1356,KIT-IK-001,val_16,val_22,val_4,7/18/2023,119147.3171,7.67350267,486,436,4.746977177,508.8226033,1.253803325,6800.601152,453.7777499
val_1357,KIT-IK-001,val_18,val_11,val_25,7/18/2023,149526.5769,32.34460618,927,701,5.235207341,626.4374584,3.499982914,5632.418712,452.8870585
val_1358,KIT-LK-001,val_11,val_32,val_47,7/18/2023,140223.3352,32.75002544,1,948,8.019072213,865.8106001,1.241151307,11369.99256,946.2548243
val_1359,KIT-YB-001,val_9,val_26,val_1,7/18/2023,65479.0423,28.05620288,939,413,5.703594065,920.9168324,3.872199379,5202.990075,449.2200124
val_1360,KIT-SU-001,val_3,val_24,val_22,7/18/2023,20441.50817,4.625531073,662,283,3.937575019,693.4478402,4.911561931,6629.806006,906.330618
val_1361,KIT-YB-001,val_12,val_26,val_38,7/18/2023,2099.651199,6.686070397,700,442,5.169185446,156.3913131,2.718119438,4138.087159,585.3210627
val_1362,KIT-YB-001,val_11,val_54,val_13,7/18/2023,79961.87201,26.44034613,288,568,8.165195254,888.9171437,4.87260432,3511.473975,299.9732011
val_1363,KIT-YB-001,val_10,val_12,val_23,7/19/2023,129154.6784,32.00044081,78,123,5.328558554,204.5155736,3.565951323,10177.55204,148.2661612
val_1364,KIT-IK-001,val_13,val_16,val_40,7/19/2023,40551.60907,7.682631199,231,960,5.996647098,53.18829089,3.381873133,3114.743565,490.2011722
val_1365,KIT-LK-001,val_17,val_33,val_34,7/19/2023,30241.73451,16.23680867,443,469,2.556990501,437.2711513,1.684671324,1899.767178,17.64321208
val_1366,KIT-LK-001,val_2,val_2,val_14,7/19/2023,66123.52908,5.586829797,338,964,1.068717556,684.6382457,4.809435274,8790.859906,335.2094197
val_1367,KIT-IK-001,val_8,val_8,val_36,7/19/2023,134083.1537,16.83467293,193,962,9.367089808,149.3643472,4.44619689,10125.67349,523.0671539
val_1368,KIT-LK-001,val_14,val_33,val_32,7/19/2023,68025.23785,22.56001373,12,63,3.41168386,299.3657199,1.527026731,11147.12978,558.2880929
val_1369,KIT-YB-001,val_16,val_30,val_24,7/19/2023,108545.5794,0.845710117,698,113,4.12817509,80.05994062,1.114551991,8070.796957,443.9328994
val_1370,KIT-LK-001,val_15,val_39,val_21,7/20/2023,69647.66842,22.57386627,667,181,2.033619104,618.2064035,2.436211267,4310.871045,963.9698416
val_1371,KIT-LK-001,val_15,val_6,val_44,7/20/2023,56257.35278,22.46329748,161,568,5.616981744,708.2378125,1.637717672,6226.007339,148.2418742
val_1372,KIT-YB-001,val_17,val_51,val_41,7/20/2023,66416.35215,16.03429534,783,354,7.633889618,519.6867458,2.344611862,2397.982555,997.4931588
val_1373,KIT-SU-001,val_19,val_29,val_47,7/20/2023,115375.8796,31.35999874,978,18,7.174603766,444.4320882,4.833849635,2702.817191,691.3803576
val_1374,KIT-LK-001,val_12,val_9,val_32,7/20/2023,113283.7054,4.89170181,1000,564,8.700419033,847.7016957,4.447610998,10775.88283,824.9930501
val_1375,KIT-SU-001,val_4,val_18,val_17,7/20/2023,65047.8477,1.9856517,194,325,3.579130839,419.1857503,2.760483792,10216.27401,634.3254082
val_1376,KIT-LK-001,val_11,val_13,val_5,7/20/2023,40508.8051,17.45492437,427,844,3.831969522,441.7696385,2.103323465,3491.932178,214.9323512
val_1377,KIT-LK-001,val_14,val_27,val_6,7/21/2023,21299.49234,18.7496013,52,761,9.690161887,577.3280977,3.311229641,4688.941478,750.6523346
val_1378,KIT-SU-001,val_2,val_28,val_45,7/21/2023,704.7693091,9.480783681,12,845,5.109398182,703.8494239,4.749988906,11513.74717,848.1900255
val_1379,KIT-YB-001,val_15,val_26,val_17,7/21/2023,17432.00867,33.66464419,844,567,8.510623459,777.0305485,4.16260916,4825.419135,751.9335583
val_1380,KIT-SU-001,val_10,val_27,val_5,7/21/2023,25115.96215,9.029707951,969,696,6.50351836,40.81996894,4.471012615,4063.847811,873.9444224
val_1381,KIT-YB-001,val_18,val_54,val_10,7/21/2023,103645.6998,9.60163164,202,81,2.627783206,851.1565765,4.044445875,2567.274292,63.5277209
val_1382,KIT-SU-001,val_4,val_57,val_1,7/21/2023,122778.4236,28.42232863,464,760,9.616943329,451.3218439,3.014616415,5010.328887,961.9515061
val_1383,KIT-IK-001,val_18,val_29,val_25,7/21/2023,110673.3771,32.31426392,24,452,3.919985115,905.8724671,1.566030311,4490.729029,939.190566
val_1384,KIT-SU-001,val_8,val_57,val_28,7/22/2023,108623.2987,18.85766316,816,4,6.776123678,536.3432061,4.27443987,8870.732768,896.9930781
val_1385,KIT-YB-001,val_11,val_49,val_18,7/22/2023,149150.9319,0.863078746,548,79,3.290640834,475.8331053,3.603878731,4294.480482,637.4079518
val_1386,KIT-SU-001,val_13,val_49,val_35,7/22/2023,144408.362,12.56913391,292,308,6.181012993,195.3864462,4.090708065,5608.088265,846.6846129
val_1387,KIT-IK-001,val_11,val_13,val_23,7/22/2023,40692.65567,7.993106036,970,373,5.870031064,469.6041249,3.936039119,3992.040147,604.9028841
val_1388,KIT-YB-001,val_18,val_26,val_46,7/22/2023,22192.56206,17.98342805,136,208,3.349344028,492.9296627,1.984449854,3968.626139,492.20872
val_1389,KIT-YB-001,val_3,val_21,val_36,7/22/2023,23418.08657,23.95349827,267,769,9.898937959,894.4782867,2.142673769,3164.471187,931.0101744
val_1390,KIT-LK-001,val_14,val_5,val_3,7/22/2023,134393.1973,13.85678273,748,447,2.266151678,887.0861739,4.425508795,6077.733626,207.5427243
val_1391,KIT-YB-001,val_19,val_4,val_13,7/23/2023,15800.85377,18.90012733,409,258,4.98711288,486.4146667,2.629099971,5262.466964,851.5764189
val_1392,KIT-SU-001,val_4,val_37,val_36,7/23/2023,51351.55325,26.64313894,701,674,1.282397394,867.5673645,1.710896586,879.3652674,440.5459472
val_1393,KIT-YB-001,val_5,val_25,val_25,7/23/2023,79786.806,8.765915895,237,453,7.1445032,854.3907357,3.570840349,11180.50761,291.939406
val_1394,KIT-YB-001,val_9,val_49,val_36,7/23/2023,92210.8503,7.01968286,659,779,5.158932315,948.385074,2.193268733,4315.800854,506.1950904
val_1395,KIT-SU-001,val_14,val_40,val_16,7/23/2023,89562.02935,28.23609615,558,500,6.040833033,361.603314,3.570712728,9139.052667,637.2995057
val_1396,KIT-IK-001,val_19,val_5,val_1,7/23/2023,118067.9545,1.48842211,47,750,7.286564801,212.2281343,3.360254091,10901.76066,182.7344769
val_1397,KIT-YB-001,val_15,val_50,val_37,7/24/2023,85968.1429,5.440761113,323,854,7.87607867,943.9244883,3.65254965,334.4735996,751.1543612
val_1398,KIT-YB-001,val_15,val_29,val_37,7/24/2023,127731.4576,0.630014742,297,79,9.692449221,584.8613474,4.973735144,1655.127383,394.6299982
val_1399,KIT-YB-001,val_8,val_33,val_30,7/24/2023,13152.2185,19.52739081,591,121,8.775965036,466.6575998,2.109237337,2448.467925,703.7103853
val_1400,KIT-IK-001,val_12,val_57,val_19,7/24/2023,128915.3353,21.08298347,438,731,3.914242262,411.4582897,4.902545761,10652.56062,157.1460018
val_1401,KIT-LK-001,val_4,val_38,val_0,7/24/2023,88705.47254,18.67986816,478,550,7.545382599,84.75207898,4.053850057,6638.878655,55.97690914
val_1402,KIT-YB-001,val_9,val_1,val_34,7/24/2023,33828.41859,14.61656222,169,240,1.683679808,204.0944638,4.421597596,3869.123208,161.5581303
val_1403,KIT-SU-001,val_3,val_10,val_31,7/24/2023,146672.6067,18.61021349,929,30,2.225861716,291.5826531,4.209986884,720.5874921,180.5384393
val_1404,KIT-SU-001,val_0,val_25,val_32,7/25/2023,140990.2739,6.949035493,750,956,5.136513554,551.3169157,1.091849011,618.8568236,761.5341899
val_1405,KIT-SU-001,val_17,val_2,val_8,7/25/2023,126936.0103,28.95324682,670,93,5.136620897,516.7116916,3.014756213,7014.658931,492.5658745
val_1406,KIT-YB-001,val_16,val_10,val_35,7/25/2023,136783.6223,34.33090053,275,463,5.551755876,542.8664219,1.423062198,8496.856139,764.024193
val_1407,KIT-YB-001,val_10,val_47,val_34,7/25/2023,57630.1873,19.01367632,683,220,5.276773077,76.46149934,3.693915808,4749.717747,746.9699852
val_1408,KIT-IK-001,val_0,val_8,val_41,7/25/2023,34556.82843,13.22757273,235,395,6.772408113,9.773195215,1.238576431,3593.560612,245.2599093
val_1409,KIT-SU-001,val_1,val_10,val_27,7/25/2023,27844.12732,27.75403854,486,720,9.589109026,463.1519683,1.13279396,9717.357587,910.9071662
val_1410,KIT-SU-001,val_2,val_30,val_35,7/25/2023,131127.1153,6.918903202,268,509,2.554202175,193.4825319,4.626921855,10413.40531,769.0638794
val_1411,KIT-SU-001,val_14,val_5,val_19,7/26/2023,124081.3867,11.3629201,303,41,4.217162148,891.6801343,4.668230484,4725.111873,85.37205161
val_1412,KIT-LK-001,val_4,val_15,val_33,7/26/2023,147150.2883,32.9113243,650,87,1.668389289,430.9125699,3.49508263,9028.674155,572.3457346
val_1413,KIT-IK-001,val_5,val_56,val_33,7/26/2023,127313.6892,6.683037207,314,946,2.79984875,351.9923322,2.839707836,10459.54078,412.7157424
val_1414,KIT-SU-001,val_17,val_37,val_37,7/26/2023,95038.70413,4.101622109,730,252,9.885745897,544.0055325,4.313976565,4690.715624,459.4767945
val_1415,KIT-YB-001,val_17,val_57,val_41,7/26/2023,21771.12176,19.21310861,504,428,1.356010446,628.6018517,4.856883199,2096.695916,367.1195488
val_1416,KIT-LK-001,val_15,val_21,val_0,7/26/2023,25144.70698,20.64212332,982,786,2.923100408,81.96736273,1.21716584,4547.338193,496.288715
val_1417,KIT-LK-001,val_6,val_36,val_37,7/26/2023,71318.07926,20.98082362,192,839,4.838538869,741.3381919,1.414108761,934.0724709,355.6021419
val_1418,KIT-YB-001,val_11,val_14,val_38,7/27/2023,115285.4319,5.923842371,945,284,3.634024125,137.5788735,4.620352052,619.7326944,462.8431401
val_1419,KIT-LK-001,val_4,val_22,val_26,7/27/2023,26404.67083,25.29583651,132,222,5.907008776,386.7326515,1.397586214,9933.766751,544.7214167
val_1420,KIT-IK-001,val_17,val_10,val_24,7/27/2023,137369.8674,8.631383252,550,437,9.914019226,356.8676202,3.856677561,10262.64337,730.6002135
val_1421,KIT-YB-001,val_1,val_49,val_34,7/27/2023,102726.7142,33.19396877,372,338,7.3353995,569.1618541,3.214041322,7838.410936,151.4883988
val_1422,KIT-LK-001,val_14,val_11,val_21,7/27/2023,47190.20902,8.132909772,753,701,4.652743103,689.4677107,3.086545212,10309.23617,133.5158222
val_1423,KIT-YB-001,val_10,val_12,val_19,7/27/2023,132921.059,0.802439473,130,727,7.146430651,800.818436,1.390568345,11238.50486,497.8686528
val_1424,KIT-YB-001,val_15,val_27,val_38,7/27/2023,89995.24004,19.96101273,255,260,8.850309568,527.1455312,3.914831356,8299.959892,474.9853894
val_1425,KIT-YB-001,val_9,val_25,val_37,7/28/2023,110107.1931,7.259105984,230,379,3.061025248,155.3918068,3.408041801,10957.32263,563.8613
val_1426,KIT-SU-001,val_3,val_18,val_9,7/28/2023,58123.60984,22.07436912,921,731,7.452365099,695.9537881,4.715368052,11051.07127,613.3821567
val_1427,KIT-IK-001,val_15,val_21,val_39,7/28/2023,59335.80563,8.176624948,535,507,6.525552987,478.799515,2.923971134,3438.645743,274.1197457
val_1428,KIT-SU-001,val_12,val_17,val_15,7/28/2023,2386.326787,15.09733587,164,551,7.604382636,588.9333248,4.649664626,11409.31011,647.7330699
val_1429,KIT-YB-001,val_9,val_54,val_6,7/28/2023,80916.3524,6.447101147,790,810,1.757441372,443.707447,1.735574127,11809.36273,495.6689726
val_1430,KIT-YB-001,val_7,val_34,val_42,7/28/2023,114239.1225,15.12263523,285,652,7.596474471,416.2939905,1.815563349,3501.144051,495.8898671
val_1431,KIT-LK-001,val_6,val_55,val_11,7/28/2023,145339.2648,4.950907788,224,651,8.092232,701.3588991,4.795913878,7603.936947,593.9074435
val_1432,KIT-LK-001,val_9,val_59,val_9,7/29/2023,133887.9121,11.96146241,494,482,7.185089642,524.1085749,1.397524134,2798.346651,612.1213206
val_1433,KIT-LK-001,val_5,val_39,val_12,7/29/2023,13505.16816,7.122820265,792,836,2.775164743,867.7975059,1.94615775,4846.312824,616.8972093
val_1434,KIT-YB-001,val_5,val_49,val_23,7/29/2023,147087.758,28.60034517,840,23,2.452099821,743.4459729,1.565412402,7563.890417,830.6091246
val_1435,KIT-LK-001,val_5,val_6,val_7,7/29/2023,22847.36301,25.58152211,15,86,7.645389902,476.3118231,3.838922534,641.7722383,499.5003046
val_1436,KIT-IK-001,val_0,val_56,val_7,7/29/2023,6646.58761,6.005315056,898,677,6.829375624,214.2083199,4.12096207,7827.701058,941.0373054
val_1437,KIT-IK-001,val_18,val_28,val_18,7/29/2023,112465.0104,3.085078428,998,608,9.852719327,17.57462131,4.605901613,5935.301001,946.4152153
val_1438,KIT-YB-001,val_4,val_42,val_10,7/29/2023,135930.0243,1.095912289,321,280,5.092707863,205.3998356,1.587223585,1660.521749,335.3636373
val_1439,KIT-LK-001,val_3,val_14,val_9,7/30/2023,142492.5445,8.088178505,517,601,3.063848188,281.2699619,2.286953357,8278.184725,881.2524855
val_1440,KIT-SU-001,val_3,val_5,val_43,7/30/2023,123833.9281,16.91017234,376,107,7.927498684,118.1132004,2.268781505,11321.1366,420.9426893
val_1441,KIT-YB-001,val_19,val_53,val_28,7/30/2023,31133.47925,14.11593525,476,607,7.736727616,669.0910365,4.893888752,226.5620205,974.3001465
val_1442,KIT-YB-001,val_9,val_26,val_0,7/30/2023,23523.43572,34.00816631,652,361,5.704328046,326.0777199,3.331631462,5365.533987,927.4027629
val_1443,KIT-SU-001,val_6,val_8,val_4,7/30/2023,9315.787397,27.77014845,651,589,7.714442397,30.2455853,2.349992502,1688.468529,439.5029016
val_1444,KIT-YB-001,val_8,val_39,val_39,7/30/2023,87504.37744,2.92089656,475,341,3.795331781,436.8774322,2.194945035,2642.682185,349.446968
val_1445,KIT-SU-001,val_1,val_3,val_12,7/31/2023,73339.56584,5.730846912,475,724,2.941482952,784.3138456,2.27605986,6000.961559,686.0242959
val_1446,KIT-SU-001,val_6,val_27,val_7,7/31/2023,16837.89946,1.125647005,489,111,2.134858061,339.7478525,3.848724561,3637.388782,367.5580265
val_1447,KIT-LK-001,val_4,val_42,val_31,7/31/2023,69991.65424,5.010277378,408,844,3.614301234,902.3316718,3.19713173,7860.138114,660.3686839
val_1448,KIT-YB-001,val_16,val_43,val_40,7/31/2023,85314.87678,18.62371678,123,495,6.891098829,852.7934035,3.494441998,3315.65397,421.3378718
val_1449,KIT-IK-001,val_1,val_27,val_19,7/31/2023,108581.7192,2.870483629,371,229,3.325871442,889.3783582,2.882020215,9359.736401,501.8779028
val_1450,KIT-LK-001,val_8,val_22,val_35,7/31/2023,62422.53672,2.283404566,716,963,8.950950256,667.7899039,1.105023873,2364.957742,378.7183218
val_1451,KIT-LK-001,val_15,val_50,val_20,7/31/2023,48093.69084,4.312020349,978,104,3.247868072,806.5953156,3.748431611,10905.49994,796.6982513
val_1452,KIT-LK-001,val_16,val_11,val_5,8/1/2023,100019.0401,23.49559485,813,537,7.16002989,388.9751068,3.896506886,4921.750673,601.3741419
val_1453,KIT-YB-001,val_10,val_4,val_38,8/1/2023,102791.4346,0.873662747,862,74,5.748082173,693.2190307,1.720994898,854.4209813,683.2489308
val_1454,KIT-LK-001,val_4,val_9,val_44,8/1/2023,40929.06922,33.94298829,783,900,2.903923975,223.900631,3.597492792,1376.704327,820.9267203
val_1455,KIT-LK-001,val_6,val_48,val_47,8/1/2023,3463.550794,13.45136197,502,158,6.005773243,204.7187561,4.510188611,6488.799883,796.2344363
val_1456,KIT-SU-001,val_4,val_28,val_4,8/1/2023,141880.7402,11.91324016,682,252,9.592598028,943.6150142,3.411074274,10950.19426,509.5264413
val_1457,KIT-SU-001,val_13,val_2,val_27,8/1/2023,113415.3178,16.72348662,837,656,9.497597793,548.8170785,3.674163717,6281.041639,254.2089174
val_1458,KIT-IK-001,val_5,val_10,val_29,8/1/2023,30565.098,18.22159045,223,885,3.624346467,71.67756498,3.802849368,5512.098343,363.4002331
val_1459,KIT-SU-001,val_12,val_1,val_3,8/2/2023,85067.01482,14.81646594,149,416,5.828396928,197.3010214,2.297340642,9319.026923,552.0343369
val_1460,KIT-SU-001,val_13,val_48,val_45,8/2/2023,89444.65584,17.12414065,266,260,2.357703221,461.3394215,1.617181033,2876.170575,238.7620687
val_1461,KIT-LK-001,val_18,val_27,val_4,8/2/2023,19335.30048,12.02273975,529,349,5.221320877,845.8925546,2.890605623,8184.379105,780.8235719
val_1462,KIT-LK-001,val_7,val_4,val_12,8/2/2023,29152.73456,11.40585824,786,918,3.893454209,895.953176,1.927184402,2775.593167,229.3607881
val_1463,KIT-SU-001,val_19,val_13,val_46,8/2/2023,143527.6242,1.150571226,450,910,9.365348281,113.4577334,3.747973673,10174.93041,335.2020565
val_1464,KIT-LK-001,val_8,val_36,val_26,8/2/2023,76447.62357,23.57865859,983,122,6.694134674,62.0286019,3.859695444,10599.73213,632.739963
val_1465,KIT-SU-001,val_13,val_35,val_32,8/2/2023,29120.6118,21.68106489,325,901,2.664346885,121.6881859,1.032729251,2496.013935,697.6956701
val_1466,KIT-LK-001,val_13,val_49,val_23,8/3/2023,119737.4257,23.47494913,462,841,9.93105142,671.3951926,4.816804913,1894.148681,394.6425054
val_1467,KIT-IK-001,val_16,val_1,val_36,8/3/2023,70850.70873,32.94871588,919,539,7.247579186,532.8295187,4.700006742,8735.423112,755.6972621
val_1468,KIT-SU-001,val_9,val_4,val_3,8/3/2023,95942.60645,16.66334894,170,255,2.212078937,737.8911179,1.527755641,7903.58346,901.9766126
val_1469,KIT-YB-001,val_15,val_2,val_32,8/3/2023,44976.47928,30.88561111,833,458,8.195965235,593.3598477,2.911178167,7535.532359,164.3969115
val_1470,KIT-IK-001,val_7,val_23,val_3,8/3/2023,9156.662689,15.64922499,151,776,6.018025504,95.88529854,1.836091922,6210.769028,915.898724
val_1471,KIT-SU-001,val_9,val_43,val_8,8/3/2023,25159.16142,16.82096816,907,270,4.602351367,257.6319635,4.855671436,1722.920131,538.0759581
val_1472,KIT-YB-001,val_9,val_39,val_24,8/3/2023,145969.017,22.22674762,323,344,2.766854968,331.5515258,3.264130659,8689.836574,448.8328691
val_1473,KIT-YB-001,val_14,val_12,val_21,8/4/2023,93726.47116,7.713368699,635,460,3.501349289,707.6964408,3.800637664,2115.461344,795.835185
val_1474,KIT-LK-001,val_12,val_39,val_7,8/4/2023,124747.2372,7.763993065,712,67,2.505319301,596.8520173,4.911541874,6605.506466,784.0756503
val_1475,KIT-YB-001,val_1,val_39,val_38,8/4/2023,3717.17391,17.94214818,376,411,8.230194961,946.823567,3.69200472,4290.063151,682.5322346
val_1476,KIT-LK-001,val_16,val_11,val_14,8/4/2023,114936.6439,2.587621657,550,134,3.456774897,145.5226816,4.483100245,4113.455829,408.5052046
val_1477,KIT-LK-001,val_15,val_44,val_41,8/4/2023,73000.33395,8.43570012,757,6,5.229656848,938.6263203,1.962208113,10020.67546,267.267998
val_1478,KIT-YB-001,val_2,val_25,val_0,8/4/2023,99963.52759,27.81074294,876,387,9.711228779,220.1504189,1.917565701,5583.339369,360.3598079
val_1479,KIT-IK-001,val_19,val_3,val_11,8/4/2023,54051.65353,16.33792327,108,759,9.951014894,343.4670086,2.764786303,6022.817704,573.285239
val_1480,KIT-IK-001,val_13,val_23,val_14,8/5/2023,93319.88961,1.126443288,495,983,8.121413079,34.57924891,4.525907393,10775.06282,563.9748327
val_1481,KIT-SU-001,val_1,val_46,val_28,8/5/2023,5825.155284,2.313801359,853,439,8.190195675,296.5273827,1.156480861,6789.675624,923.9471657
val_1482,KIT-IK-001,val_9,val_41,val_19,8/5/2023,7315.512524,32.19913517,556,754,9.503622152,199.7067172,2.765535004,9655.399754,456.6686876
val_1483,KIT-SU-001,val_16,val_16,val_7,8/5/2023,119926.0433,33.493802,28,223,8.171406206,217.2511609,4.29963168,10381.84915,666.6351895
val_1484,KIT-SU-001,val_5,val_45,val_27,8/5/2023,19107.55754,22.51041356,125,637,5.058561861,572.2038347,1.709810373,8403.148101,660.0455497
val_1485,KIT-SU-001,val_18,val_23,val_45,8/5/2023,2590.598221,6.636089777,819,666,1.542798157,780.7872019,3.462901762,1899.551921,731.6857812
val_1486,KIT-LK-001,val_8,val_27,val_6,8/5/2023,136912.2452,13.00940002,423,332,2.875329129,744.957312,1.279848311,1607.237366,991.4588934
val_1487,KIT-IK-001,val_4,val_5,val_12,8/6/2023,40196.99853,10.83025357,704,448,5.000943412,829.1477781,1.041486362,5323.852034,802.0285573
val_1488,KIT-SU-001,val_7,val_59,val_22,8/6/2023,87566.13341,27.52343996,893,670,3.388691485,731.3359664,2.275609097,945.620705,39.65123577
val_1489,KIT-LK-001,val_10,val_50,val_34,8/6/2023,125918.0871,18.89072104,88,314,3.962643798,976.5055895,4.222573813,3748.459867,811.6081601
val_1490,KIT-LK-001,val_13,val_11,val_6,8/6/2023,112013.1084,27.33204789,455,604,1.53037691,18.47338252,1.165344389,2659.95007,999.8914874
val_1491,KIT-LK-001,val_18,val_33,val_11,8/6/2023,7470.859211,12.74576924,147,231,5.969159104,987.8960837,2.459196983,656.0499913,37.91829273
val_1492,KIT-IK-001,val_3,val_46,val_11,8/6/2023,84361.83078,30.45899893,843,536,4.164219771,409.8286456,3.914522537,4909.748226,597.1860428
val_1493,KIT-SU-001,val_19,val_30,val_29,8/7/2023,81498.78113,15.13485064,452,59,3.329562764,477.8041576,2.476534302,3139.144528,599.4072565
val_1494,KIT-LK-001,val_10,val_12,val_3,8/7/2023,52836.98664,14.72461758,877,446,6.493358005,577.3500257,2.915226391,1402.981359,524.9129934
val_1495,KIT-SU-001,val_2,val_58,val_31,8/7/2023,113157.6657,17.22062564,300,503,3.490994769,8.523270176,3.001397312,8817.5128,875.307323
val_1496,KIT-SU-001,val_18,val_16,val_20,8/7/2023,144618.8459,20.79484023,145,828,5.286368998,181.7099831,4.631861734,10968.43457,814.3216322
val_1497,KIT-SU-001,val_6,val_20,val_15,8/7/2023,22504.40476,31.31509249,868,375,3.217619542,445.9705889,4.503566679,7524.965089,172.0447153
val_1498,KIT-LK-001,val_12,val_22,val_41,8/7/2023,22210.98856,16.12989296,613,6,7.124627452,769.5173257,1.254501105,11166.0028,102.9994522
val_1499,KIT-IK-001,val_13,val_53,val_39,8/7/2023,110343.0349,32.56874106,193,40,8.687376365,870.0880906,3.768841493,2164.23914,166.5860504
val_1500,KIT-SU-001,val_0,val_30,val_38,8/8/2023,68435.25332,13.89965807,694,539,1.735395338,147.7335802,3.171677792,9263.445406,886.7222187
val_1501,KIT-SU-001,val_4,val_43,val_42,8/8/2023,119385.2301,11.49512977,417,813,8.37865275,262.9865573,2.418080093,5021.570243,98.40945297
val_1502,KIT-SU-001,val_13,val_54,val_11,8/8/2023,21591.10264,10.46758713,46,891,8.66528348,607.3703863,2.970192407,5976.454995,646.1730188
val_1503,KIT-IK-001,val_6,val_55,val_41,8/8/2023,6458.702849,0.936089764,260,809,9.684350124,360.9830517,4.51922175,8038.543415,683.2776906
val_1504,KIT-SU-001,val_0,val_51,val_8,8/8/2023,104841.1442,29.75020913,750,340,8.450541262,297.9131239,4.092232187,9445.800157,218.1203226
val_1505,KIT-IK-001,val_0,val_54,val_15,8/8/2023,149209.3024,2.957334074,127,490,5.971517443,383.3208869,3.272290378,905.8546786,229.7793753
val_1506,KIT-SU-001,val_16,val_56,val_26,8/8/2023,14672.33244,11.83473107,337,889,1.632286748,701.5957845,1.702414905,4780.539017,835.7155156
val_1507,KIT-SU-001,val_3,val_59,val_35,8/9/2023,129718.5145,8.915896166,260,839,1.67003873,198.6000841,3.47462662,9226.76577,420.080786
val_1508,KIT-LK-001,val_2,val_38,val_27,8/9/2023,58100.81625,26.10639835,733,454,2.770306924,61.9060067,2.992096364,6512.411169,499.4732707
val_1509,KIT-SU-001,val_11,val_7,val_26,8/9/2023,3010.037021,32.65403371,860,481,5.023897454,3.456899536,2.787529785,4231.94479,397.1541999
val_1510,KIT-YB-001,val_2,val_6,val_18,8/9/2023,76748.25805,28.62150048,788,69,9.598956743,526.6699175,4.775319369,678.2664945,183.1929237
val_1511,KIT-SU-001,val_13,val_47,val_28,8/9/2023,42188.70397,11.33594188,716,169,2.578182858,250.0173706,4.970521646,286.8853335,439.286233
val_1512,KIT-IK-001,val_10,val_18,val_22,8/9/2023,104163.7697,16.06035555,89,529,5.849175924,561.6386397,4.805437387,5216.206438,269.3192309
val_1513,KIT-YB-001,val_12,val_48,val_22,8/9/2023,43530.67805,8.796883996,915,518,9.982637964,880.9915194,3.955501506,5906.386115,300.1628447
val_1514,KIT-SU-001,val_9,val_56,val_28,8/10/2023,72514.16845,32.35451066,161,575,1.124001228,293.6579583,3.395470025,2904.54843,201.7171301
val_1515,KIT-YB-001,val_15,val_38,val_28,8/10/2023,30484.50508,4.332311196,405,312,1.422840139,183.5704626,2.277733249,9635.575397,626.5392342
val_1516,KIT-IK-001,val_12,val_45,val_15,8/10/2023,124301.2128,33.32801506,828,227,3.429211584,1.575307159,4.78872303,8736.79663,286.8566681
val_1517,KIT-IK-001,val_8,val_16,val_6,8/10/2023,138852.0035,28.51525759,240,452,3.02633413,981.3529233,2.822481033,2420.60047,165.6597252
val_1518,KIT-LK-001,val_0,val_26,val_14,8/10/2023,60798.69526,24.9629044,217,879,5.487412807,516.8267139,1.806520254,2418.333693,808.4242742
val_1519,KIT-SU-001,val_5,val_57,val_19,8/10/2023,67607.56487,27.13497925,26,971,4.784068022,802.0944688,1.442961579,10405.21071,575.85778
val_1520,KIT-LK-001,val_2,val_49,val_7,8/10/2023,147411.2091,12.00926888,358,52,6.252790473,858.0994614,4.343137787,11045.8654,858.8859414
val_1521,KIT-YB-001,val_0,val_12,val_8,8/11/2023,21746.26377,10.49685046,495,355,2.323696762,995.2144832,2.31265882,11817.75178,781.433782
val_1522,KIT-LK-001,val_5,val_56,val_45,8/11/2023,121388.6174,13.47344612,467,521,7.172584111,859.6329594,4.064888011,8299.400944,371.8192168
val_1523,KIT-IK-001,val_4,val_29,val_13,8/11/2023,85308.15157,6.520141045,39,216,2.932243378,294.0587876,3.509566861,11161.28081,561.6708437
val_1524,KIT-LK-001,val_1,val_50,val_35,8/11/2023,132169.7959,26.17333096,205,353,5.067926949,564.3666107,2.134090736,1952.336714,986.9953526
val_1525,KIT-LK-001,val_6,val_31,val_6,8/11/2023,44218.06745,16.73152553,4,128,1.300151156,962.7355127,4.402677408,2037.364553,358.024328
val_1526,KIT-IK-001,val_10,val_36,val_46,8/11/2023,44775.61595,31.02618655,225,464,8.180745164,633.378025,4.379499161,690.133044,239.5039569
val_1527,KIT-SU-001,val_3,val_9,val_10,8/11/2023,49210.08223,30.76767652,605,884,6.643963098,769.0637649,1.687292963,6554.601782,163.1703923
val_1528,KIT-IK-001,val_5,val_20,val_18,8/12/2023,2986.346807,5.623714975,8,929,2.878954372,906.6618592,1.48698568,2811.034818,939.9258116
val_1529,KIT-LK-001,val_0,val_43,val_37,8/12/2023,25898.98841,7.81487575,164,14,6.415763938,613.6530046,3.402041187,6911.982366,249.5795718
val_1530,KIT-LK-001,val_1,val_50,val_9,8/12/2023,149190.7028,14.49027985,544,637,4.933066653,692.4665559,1.933632829,290.6440601,927.6217899
val_1531,KIT-LK-001,val_3,val_5,val_26,8/12/2023,37717.81178,4.334743195,560,908,8.436409775,588.2736627,2.328751395,6441.711455,591.8302089
val_1532,KIT-YB-001,val_9,val_4,val_37,8/12/2023,3477.606115,24.19229919,897,768,9.853484104,338.6375109,4.746864546,10689.15409,590.0768998
val_1533,KIT-IK-001,val_13,val_41,val_1,8/12/2023,42141.77695,25.86832881,574,61,2.120684041,248.7951838,1.702218771,8765.76961,400.2231559
val_1534,KIT-YB-001,val_15,val_26,val_1,8/13/2023,61554.33011,25.30299249,926,390,5.410959502,633.5343046,2.881971366,4530.677687,395.9488302
val_1535,KIT-IK-001,val_12,val_50,val_37,8/13/2023,82394.19825,16.56331893,724,753,3.322206911,981.1237479,2.179616492,1005.280481,320.7645666
val_1536,KIT-LK-001,val_12,val_4,val_12,8/13/2023,10750.61997,29.54392452,551,980,7.747139526,916.1374895,2.39172261,3092.511898,729.422862
val_1537,KIT-YB-001,val_18,val_20,val_43,8/13/2023,118669.1235,21.28343199,383,293,1.310169947,209.8592748,2.480368237,6139.622862,738.7560679
val_1538,KIT-IK-001,val_5,val_2,val_44,8/13/2023,123912.4396,34.77768981,111,283,5.901175624,842.7571125,2.039986949,3236.908774,531.2241325
val_1539,KIT-LK-001,val_15,val_42,val_42,8/13/2023,32367.50654,28.57724999,705,250,8.713857141,21.10770883,4.053966082,9361.445377,448.9364195
val_1540,KIT-LK-001,val_18,val_51,val_47,8/13/2023,119863.5191,25.33460679,939,895,4.503577023,589.4488361,4.247484489,11235.00551,635.6272101
val_1541,KIT-SU-001,val_11,val_9,val_39,8/14/2023,54533.32266,4.490937528,366,180,8.541072426,930.3361235,3.158069087,2279.359344,491.4080817
val_1542,KIT-YB-001,val_16,val_19,val_18,8/14/2023,63754.97159,29.17448131,355,366,2.322013748,959.335428,4.597213755,265.8136749,824.1677185
val_1543,KIT-LK-001,val_2,val_50,val_47,8/14/2023,140490.044,10.8339131,97,134,9.264931006,603.057913,1.546603413,1192.051441,65.14992144
val_1544,KIT-LK-001,val_17,val_2,val_16,8/14/2023,133839.7064,14.77821748,598,940,8.123071926,630.8142723,3.026385071,9673.700488,902.6087371
val_1545,KIT-IK-001,val_11,val_57,val_28,8/14/2023,56579.05162,16.3040579,310,66,4.519886349,389.9065751,4.313718477,833.7510905,524.4968344
val_1546,KIT-LK-001,val_4,val_53,val_0,8/14/2023,73472.49071,11.72960641,10,507,2.175649936,723.638448,3.483653791,9006.408371,509.2149464
val_1547,KIT-YB-001,val_1,val_9,val_46,8/14/2023,43335.30631,3.973670245,7,155,5.683804179,245.7085979,4.940013117,4981.45946,390.9765324
val_1548,KIT-IK-001,val_14,val_8,val_28,8/15/2023,77557.42162,7.137861907,335,407,7.033836534,33.87118861,3.382976309,5227.555411,532.2837452
val_1549,KIT-YB-001,val_8,val_41,val_45,8/15/2023,102445.2315,28.16063261,462,589,2.160338867,835.3038601,4.840114666,8823.101918,220.3274805
val_1550,KIT-LK-001,val_6,val_0,val_16,8/15/2023,14353.82074,22.8990006,457,699,9.398568994,60.36222976,1.394824979,3976.355249,497.3191607
val_1551,KIT-IK-001,val_7,val_30,val_15,8/15/2023,138016.2484,33.01088389,741,570,7.864315629,664.7077718,1.170499383,9763.788287,398.2254925
val_1552,KIT-LK-001,val_19,val_3,val_25,8/15/2023,107971.6582,28.77317871,528,427,9.564682083,436.9308755,2.426056173,1313.463427,293.9896176
val_1553,KIT-IK-001,val_8,val_31,val_41,8/15/2023,14964.52613,14.19726387,785,281,3.69319032,43.25692402,4.36533345,8680.162278,212.1937477
val_1554,KIT-YB-001,val_1,val_21,val_26,8/15/2023,130413.8543,27.55997403,297,803,4.900872325,159.8158511,1.202037671,10863.43737,860.2124612
val_1555,KIT-YB-001,val_5,val_42,val_38,8/16/2023,111680.5885,20.2597359,232,680,3.160983288,100.7190877,2.009183307,2138.186207,850.1749239
val_1556,KIT-SU-001,val_2,val_52,val_10,8/16/2023,47312.45912,10.16327768,540,672,3.464051406,214.405383,4.940073745,6747.331704,485.1180963
val_1557,KIT-IK-001,val_13,val_29,val_37,8/16/2023,78454.2467,34.1331081,105,770,2.307580262,635.2769524,3.563860453,7763.545924,231.4615847
val_1558,KIT-YB-001,val_16,val_38,val_35,8/16/2023,129089.5335,32.51148657,765,220,2.127123847,570.6212067,2.572438174,1766.575065,450.3758688
val_1559,KIT-LK-001,val_16,val_36,val_43,8/16/2023,145234.7807,4.104506192,185,981,7.037059953,432.9360235,1.311446791,6610.461081,925.6406128
val_1560,KIT-YB-001,val_12,val_59,val_2,8/16/2023,42521.07069,29.41186756,916,920,2.412489952,843.0534837,4.020968343,3177.097927,779.3980118
val_1561,KIT-SU-001,val_15,val_13,val_18,8/16/2023,97758.44826,2.903497848,984,440,2.200916088,753.0779157,4.701224179,9092.221517,807.5605829
val_1562,KIT-YB-001,val_8,val_14,val_4,8/17/2023,129106.9151,32.52290794,538,204,5.811271525,682.7070154,3.966174335,6902.662919,702.7428288
val_1563,KIT-SU-001,val_12,val_22,val_19,8/17/2023,148230.9439,21.92097829,312,374,7.335982696,598.8639017,1.465645486,5044.69635,724.0119492
val_1564,KIT-SU-001,val_2,val_44,val_36,8/17/2023,11072.41405,5.997062107,339,389,8.002346172,696.1098122,3.127449057,8961.869323,149.6276751
val_1565,KIT-YB-001,val_10,val_51,val_30,8/17/2023,75791.48389,28.64073277,429,974,6.222151346,226.5938742,2.611084129,8835.512062,346.8465116
val_1566,KIT-IK-001,val_11,val_16,val_36,8/17/2023,131113.0314,18.14920806,479,289,2.814052736,259.8217232,4.616175443,2683.617665,831.9614841
val_1567,KIT-LK-001,val_0,val_6,val_35,8/17/2023,972.1395828,2.272335639,75,943,6.15907098,298.1153077,4.04922326,502.299611,177.2735477
val_1568,KIT-LK-001,val_10,val_36,val_47,8/17/2023,65866.66533,27.98527299,197,231,6.632176033,741.0627268,4.207885651,3129.828186,75.16006179
val_1569,KIT-SU-001,val_14,val_35,val_42,8/18/2023,87837.70926,27.63416898,790,927,3.322876853,432.2746845,2.654953986,10614.51268,846.4095348
val_1570,KIT-LK-001,val_7,val_22,val_28,8/18/2023,79210.30113,16.97568615,52,931,2.300367743,959.5038161,1.099498696,4882.686509,780.7538091
val_1571,KIT-LK-001,val_10,val_11,val_42,8/18/2023,110049.5166,25.64261639,448,609,9.330856323,40.20186558,4.037594343,2577.240202,158.1307697
val_1572,KIT-LK-001,val_5,val_50,val_2,8/18/2023,10295.552,1.59716185,875,107,1.863524478,383.1667977,3.533279025,4552.573139,528.1202308
val_1573,KIT-SU-001,val_5,val_50,val_34,8/18/2023,117919.8002,11.27010957,87,618,3.49463267,154.7268283,1.56593038,4721.199834,41.69984847
val_1574,KIT-LK-001,val_2,val_44,val_25,8/18/2023,42833.99515,23.62813891,926,912,3.083034674,816.3206857,4.027098585,5558.034572,148.5201172
val_1575,KIT-IK-001,val_6,val_34,val_45,8/18/2023,123722.2933,8.225079248,473,928,9.027858843,479.6087577,1.597202216,5510.352864,257.2641634
val_1576,KIT-YB-001,val_16,val_15,val_24,8/19/2023,63213.44505,15.87431601,423,457,5.517634053,620.0169451,3.958738462,3717.486873,704.0065347
val_1577,KIT-SU-001,val_18,val_24,val_8,8/19/2023,6916.329475,32.63174721,713,480,9.609215195,597.9496023,3.854456245,3733.909147,304.9399501
val_1578,KIT-IK-001,val_12,val_4,val_34,8/19/2023,144605.2575,28.97096189,777,384,8.453973098,79.06620374,1.030069385,9637.090384,810.479191
val_1579,KIT-YB-001,val_12,val_14,val_45,8/19/2023,117192.1189,19.61827986,473,213,7.793840262,783.7381827,4.099105519,8023.745993,23.54411629
val_1580,KIT-SU-001,val_12,val_27,val_0,8/19/2023,52498.49683,20.26972831,83,654,2.591015412,821.9767874,2.630637427,8216.875763,4.324597888
val_1581,KIT-LK-001,val_9,val_26,val_3,8/19/2023,40869.09155,31.0678094,969,986,4.099183879,607.4392956,3.026332523,2448.097107,299.7960491
val_1582,KIT-YB-001,val_8,val_4,val_31,8/20/2023,88550.0774,30.23445675,8,267,8.382433453,280.9473434,4.858768245,11903.97133,730.948915
val_1583,KIT-SU-001,val_12,val_57,val_26,8/20/2023,148100.5431,3.272726357,872,842,9.851777039,724.0918255,4.679397107,1225.734806,951.5401471
val_1584,KIT-YB-001,val_15,val_16,val_26,8/20/2023,43879.94021,16.40209284,434,95,8.901287126,700.6657884,2.53067233,8253.841128,315.4419532
val_1585,KIT-IK-001,val_8,val_30,val_4,8/20/2023,142266.532,6.841707144,515,56,9.535709491,912.5389066,3.838293192,8972.317293,556.9127727
val_1586,KIT-YB-001,val_11,val_27,val_27,8/20/2023,49892.87438,3.096047547,765,901,6.776647993,117.3335383,3.052342929,3352.676878,41.34926829
val_1587,KIT-LK-001,val_9,val_28,val_27,8/20/2023,105762.6159,10.3753637,941,112,5.345355379,909.803718,4.288797666,1109.687951,1.26172354
val_1588,KIT-YB-001,val_5,val_50,val_40,8/20/2023,57569.28649,21.45040443,150,414,5.632493783,887.0720347,2.278628041,8901.365917,15.75851876
val_1589,KIT-LK-001,val_5,val_44,val_18,8/21/2023,13215.30749,27.84408717,812,882,5.126426234,297.5274041,2.883750158,6873.659261,97.32712485
val_1590,KIT-LK-001,val_1,val_52,val_16,8/21/2023,140460.3102,31.95417766,661,349,2.393833313,716.1977662,1.44963861,11594.40458,874.3482925
val_1591,KIT-LK-001,val_8,val_22,val_3,8/21/2023,25007.23521,14.91887349,368,301,3.751858761,263.7081563,4.706722593,8786.71334,641.3930203
val_1592,KIT-LK-001,val_14,val_15,val_27,8/21/2023,141731.3745,14.89684295,426,40,1.813366804,235.0958208,4.60287566,11170.25533,898.312091
val_1593,KIT-YB-001,val_13,val_25,val_31,8/21/2023,15944.37048,5.533188665,772,697,1.797041459,641.534936,2.104249526,7684.692636,834.8978077
val_1594,KIT-LK-001,val_19,val_33,val_13,8/21/2023,40408.64302,6.980476677,140,320,3.806510452,50.03333424,3.331893157,6076.526665,765.0923775
val_1595,KIT-IK-001,val_0,val_20,val_35,8/21/2023,138178.0631,3.766822196,506,117,6.99513265,96.47725791,2.513448755,11347.86794,353.7043339
val_1596,KIT-LK-001,val_15,val_27,val_45,8/22/2023,98951.859,34.16133901,722,475,6.523390603,660.143623,1.623181062,9862.386258,134.0152611
val_1597,KIT-LK-001,val_15,val_9,val_8,8/22/2023,28827.77366,4.640390787,539,170,6.035167563,951.8691911,1.180092108,613.6279447,103.3640415
val_1598,KIT-IK-001,val_8,val_35,val_27,8/22/2023,89017.95006,26.53115728,448,849,7.740390484,34.03877743,4.291328979,7079.966555,25.01252129
val_1599,KIT-SU-001,val_5,val_42,val_33,8/22/2023,27468.4856,11.2581973,521,748,4.804224388,22.91844028,2.156553276,1963.117505,177.7748787
val_1600,KIT-YB-001,val_7,val_31,val_0,8/22/2023,131229.0891,18.89274342,512,980,4.978916945,74.77168781,3.061767434,11386.22418,19.13870177
val_1601,KIT-YB-001,val_13,val_52,val_8,8/22/2023,7949.376797,30.57031538,804,980,5.662165656,1.664454298,4.61073176,8175.357566,687.8041327
val_1602,KIT-SU-001,val_17,val_59,val_18,8/22/2023,79701.76582,32.77862731,821,838,1.599314863,928.3124551,1.079542386,5525.913432,388.8456929
val_1603,KIT-LK-001,val_12,val_54,val_6,8/23/2023,9989.217362,8.560015097,919,502,6.235229113,474.0419588,3.189581149,11526.48086,528.1560091
val_1604,KIT-IK-001,val_10,val_5,val_17,8/23/2023,104405.9013,31.91217524,72,170,7.752154311,692.1135479,4.821972262,4168.949678,478.8469212
val_1605,KIT-SU-001,val_13,val_52,val_7,8/23/2023,140401.6867,8.971424717,319,42,3.372781412,416.3868795,4.237137904,5440.924574,283.4316959
val_1606,KIT-YB-001,val_1,val_20,val_43,8/23/2023,124744.4342,28.20694265,877,91,8.693324907,997.2450115,1.877244834,4908.910615,114.5309211
val_1607,KIT-IK-001,val_12,val_27,val_28,8/23/2023,56073.30986,0.730713115,642,234,3.395947281,479.9313862,1.803503554,1756.003759,542.2945606
val_1608,KIT-IK-001,val_0,val_24,val_15,8/23/2023,35917.28337,18.82605537,377,883,5.618921503,939.2658864,4.049946064,1968.668697,863.7446584
val_1609,KIT-LK-001,val_19,val_17,val_37,8/23/2023,18593.61011,25.4582815,629,212,8.870268982,649.6104511,1.318922254,7173.879592,749.7031628
val_1610,KIT-IK-001,val_17,val_52,val_0,8/24/2023,131106.7861,29.39507612,463,92,7.643157102,947.7381874,3.397449415,1020.443366,931.4716714
val_1611,KIT-IK-001,val_10,val_38,val_28,8/24/2023,12625.81479,29.47128525,888,936,6.185146857,495.1417581,1.936409861,11186.78157,355.9775929
val_1612,KIT-LK-001,val_7,val_58,val_32,8/24/2023,94509.96414,10.6006006,558,436,6.604582759,878.8800944,4.357028815,4066.177389,845.7050168
val_1613,KIT-SU-001,val_14,val_57,val_38,8/24/2023,55406.48669,29.88960641,447,419,1.979978903,333.8867271,2.517664524,3987.374627,722.5657642
val_1614,KIT-LK-001,val_12,val_25,val_10,8/24/2023,149368.8586,11.46291657,624,301,7.293892042,661.1983765,2.659889722,1848.232883,943.0044526
val_1615,KIT-SU-001,val_14,val_43,val_28,8/24/2023,76569.08537,8.335104401,190,948,6.507331997,617.1847939,4.177661462,4341.243099,287.763959
val_1616,KIT-YB-001,val_10,val_30,val_36,8/24/2023,82544.24698,0.251269786,771,348,1.76080824,486.8361547,1.352350721,8355.559045,803.6303022
val_1617,KIT-SU-001,val_4,val_29,val_38,8/25/2023,137724.3734,8.402890879,203,860,2.118779593,501.4826021,3.403845247,11496.44431,508.1580926
val_1618,KIT-YB-001,val_1,val_44,val_8,8/25/2023,145460.717,4.321671068,23,993,9.739049413,170.1211306,4.850479171,2472.531252,436.7403407
val_1619,KIT-YB-001,val_5,val_41,val_46,8/25/2023,87753.65093,23.68779377,51,451,2.603003467,906.0271135,3.601502966,2295.641911,465.7547427
val_1620,KIT-LK-001,val_10,val_54,val_13,8/25/2023,119529.2202,5.238609446,66,701,9.061957247,454.2098102,1.327168083,1840.371538,432.5837915
val_1621,KIT-LK-001,val_8,val_46,val_18,8/25/2023,95397.62899,20.57134642,100,24,3.482504934,151.4691504,4.634130908,6973.108525,877.0661247
val_1622,KIT-YB-001,val_10,val_37,val_9,8/25/2023,64396.36937,4.601078038,50,782,4.565093128,704.3285054,1.515788027,1579.810131,944.4130829
val_1623,KIT-LK-001,val_5,val_55,val_7,8/26/2023,9068.645913,24.71376494,301,973,5.999403616,727.1610982,2.475386876,1239.865863,662.9917566
val_1624,KIT-YB-001,val_18,val_6,val_12,8/26/2023,107802.7091,10.13698346,961,195,6.632814477,45.11721388,1.726714364,8978.418105,192.7780981
val_1625,KIT-SU-001,val_7,val_45,val_6,8/26/2023,105189.2845,10.94263429,102,10,5.480011833,332.8202188,3.887411012,9559.529134,420.511211
val_1626,KIT-IK-001,val_16,val_23,val_35,8/26/2023,17946.99485,22.48540897,676,43,4.135939075,584.2606773,2.059566831,3911.851803,355.5926048
val_1627,KIT-SU-001,val_7,val_25,val_28,8/26/2023,34895.29681,32.87529727,871,856,5.488186453,821.5825686,2.04443634,7061.264258,670.9855322
val_1628,KIT-IK-001,val_8,val_46,val_18,8/26/2023,109953.1639,34.70771654,810,244,7.306186218,310.6051715,2.654237855,8960.025767,70.34470522
val_1629,KIT-LK-001,val_12,val_16,val_26,8/26/2023,22881.94065,12.63277368,362,413,4.568347694,299.6549508,2.144378465,777.6717505,654.1284844
val_1630,KIT-YB-001,val_5,val_53,val_29,8/27/2023,103794.7876,33.13216475,52,336,5.907213405,736.5679655,4.138230071,7689.46977,466.8064844
val_1631,KIT-YB-001,val_4,val_29,val_8,8/27/2023,107837.5901,21.5087871,368,301,4.412559256,219.2044058,3.106732923,3577.130424,261.0444499
val_1632,KIT-LK-001,val_7,val_20,val_14,8/27/2023,53324.90646,31.74510645,602,165,3.969340942,895.9986987,3.223683157,5027.582285,63.52408428
val_1633,KIT-IK-001,val_16,val_19,val_42,8/27/2023,39098.18654,1.169254756,758,408,3.689367442,790.4155516,1.646504797,4403.483995,52.97745304
val_1634,KIT-IK-001,val_2,val_25,val_0,8/27/2023,56269.39196,1.354415244,141,925,3.015585885,893.0553102,4.653958185,8676.421034,892.1790246
val_1635,KIT-SU-001,val_8,val_56,val_45,8/27/2023,54199.8949,2.795174424,301,357,7.846930501,353.7457189,2.395542349,5731.557539,576.727245
val_1636,KIT-SU-001,val_13,val_6,val_46,8/27/2023,91249.46095,28.19287647,602,802,9.85506831,165.7359343,2.509520184,9168.800599,551.5797604
val_1637,KIT-IK-001,val_14,val_30,val_12,8/28/2023,111705.3208,5.000885433,715,689,1.260944351,585.0577484,1.969557032,3917.030103,17.50170753
val_1638,KIT-IK-001,val_8,val_50,val_15,8/28/2023,129332.0189,6.345158405,311,798,2.764565107,189.9689664,4.840750335,6587.050252,770.9938709
val_1639,KIT-YB-001,val_1,val_28,val_9,8/28/2023,4983.846458,20.57191659,823,573,9.678248252,266.1131597,3.428210957,10902.49391,210.6269095
val_1640,KIT-IK-001,val_0,val_33,val_26,8/28/2023,109119.4578,33.519116,802,371,4.0759768,400.5676026,1.243824789,5369.311847,383.4038263
val_1641,KIT-IK-001,val_9,val_20,val_10,8/28/2023,47470.80973,19.93551455,360,257,4.500770756,462.7284775,1.770447544,7000.386287,646.6038135
val_1642,KIT-YB-001,val_16,val_8,val_37,8/28/2023,125876.9806,25.69433387,536,280,6.966710029,322.4133125,2.921785588,8111.95715,134.5287821
val_1643,KIT-SU-001,val_0,val_38,val_18,8/28/2023,11819.68548,6.733152369,478,528,4.174166698,284.7199381,1.751409091,10965.27684,796.6944071
val_1644,KIT-LK-001,val_17,val_55,val_46,8/29/2023,82900.58927,32.01325705,669,404,5.434304097,246.726956,3.420142353,7706.396311,835.2872531
val_1645,KIT-IK-001,val_13,val_31,val_40,8/29/2023,82526.70167,2.14450737,322,405,9.106475848,690.1359023,2.231588883,7426.244285,519.4936665
val_1646,KIT-YB-001,val_0,val_25,val_19,8/29/2023,49313.4636,10.04210149,329,369,6.083054295,305.8784239,2.398457268,10035.60997,365.4166647
val_1647,KIT-YB-001,val_6,val_7,val_28,8/29/2023,145560.8363,15.98960186,423,921,7.001923458,694.3978135,4.146626983,11903.58735,251.8948648
val_1648,KIT-IK-001,val_4,val_56,val_1,8/29/2023,16485.0111,8.070790985,216,643,2.953753927,742.8847432,3.097490953,10807.42887,723.9619146
val_1649,KIT-SU-001,val_18,val_52,val_3,8/29/2023,20891.38641,23.29887633,581,893,3.35307114,714.229873,1.452113545,1673.570152,340.5631631
val_1650,KIT-LK-001,val_11,val_54,val_24,8/29/2023,96816.80993,23.82197668,959,929,9.024018194,914.4373329,2.487578698,8182.093382,809.5240887
val_1651,KIT-IK-001,val_6,val_21,val_22,8/30/2023,77387.73408,7.572659048,349,617,9.258241334,954.4856634,4.585367884,4077.199302,732.4439667
val_1652,KIT-LK-001,val_5,val_37,val_19,8/30/2023,40037.83572,0.498976152,861,91,8.262812394,146.8606056,4.384635374,5090.717513,352.9287597
val_1653,KIT-YB-001,val_11,val_25,val_4,8/30/2023,45988.63357,2.78624023,464,966,2.098587679,320.5871213,4.039368741,7815.066124,228.8841405
val_1654,KIT-SU-001,val_0,val_14,val_40,8/30/2023,23974.98465,0.214890399,165,478,8.36679239,787.6666966,4.374108397,1912.33207,357.7407588
val_1655,KIT-YB-001,val_5,val_12,val_19,8/30/2023,130230.7388,31.7077013,496,375,1.173049542,781.803148,1.366035761,8373.610394,342.2945424
val_1656,KIT-IK-001,val_3,val_23,val_22,8/30/2023,85643.07153,21.83396619,499,413,6.368990087,70.94304246,1.488696566,3663.349597,956.6559802
val_1657,KIT-YB-001,val_12,val_33,val_19,8/30/2023,37102.76913,5.017547583,24,88,7.077361125,962.0370912,1.074547797,9866.952561,627.3159577
val_1658,KIT-SU-001,val_13,val_7,val_23,8/31/2023,59316.40328,3.419449693,479,664,4.837623687,856.204573,1.500109417,4586.010166,657.5567649
val_1659,KIT-SU-001,val_9,val_42,val_31,8/31/2023,136049.4156,28.65230128,163,47,5.312921153,899.2041722,4.294189901,789.5541711,283.5609418
val_1660,KIT-YB-001,val_2,val_27,val_36,8/31/2023,133082.7537,28.42417793,795,721,7.676643784,204.384795,1.151715455,7265.621172,364.2877357
val_1661,KIT-YB-001,val_7,val_52,val_26,8/31/2023,10831.45032,32.47281148,541,834,9.053889879,500.9199653,2.860716139,9047.40505,466.1654234
val_1662,KIT-IK-001,val_16,val_16,val_7,8/31/2023,98287.97067,5.742717148,304,422,2.704040157,440.5422107,1.988465286,7477.103189,976.713107
val_1663,KIT-LK-001,val_4,val_3,val_41,8/31/2023,23369.19006,18.37516165,2,383,2.246362273,360.2986962,4.329995451,9389.638789,667.5814387
val_1664,KIT-YB-001,val_3,val_18,val_13,8/31/2023,32027.06315,4.427366773,571,673,6.669928671,227.3551467,4.21146139,9688.699758,154.0530806
val_1665,KIT-SU-001,val_2,val_58,val_0,9/1/2023,129699.035,27.88825685,704,861,3.076836384,139.6065639,4.0639789,698.6522921,990.9468982
val_1666,KIT-YB-001,val_16,val_19,val_1,9/1/2023,134330.9525,14.55447048,424,95,2.748022402,870.5084268,2.513025578,221.7989629,269.2948374
val_1667,KIT-LK-001,val_2,val_42,val_37,9/1/2023,12862.44143,24.41472937,906,459,2.831422015,530.4356476,4.702363126,2846.858216,621.7288758
val_1668,KIT-SU-001,val_11,val_50,val_18,9/1/2023,131151.5378,1.254916142,196,323,2.771547133,600.826621,4.583433733,2851.5843,875.1623533
val_1669,KIT-LK-001,val_19,val_17,val_1,9/1/2023,109409.7862,27.2719987,755,11,5.294063038,261.6011618,3.603259627,6842.794291,615.7599991
val_1670,KIT-YB-001,val_12,val_38,val_38,9/1/2023,116468.6993,8.186122709,496,8,9.679509499,935.0530813,3.450369528,2903.370952,925.9212653
val_1671,KIT-YB-001,val_8,val_12,val_14,9/2/2023,118876.3915,29.52959165,314,529,8.452629882,936.3766489,2.347782597,4505.200001,848.0949827
val_1672,KIT-IK-001,val_4,val_21,val_46,9/2/2023,76331.37412,6.66787524,288,764,5.890020336,671.4500906,3.943554516,5553.193875,35.0067918
val_1673,KIT-IK-001,val_0,val_17,val_42,9/2/2023,142062.6926,27.69538387,450,595,1.730487277,320.5529831,4.753958007,7289.756643,686.8149355
val_1674,KIT-LK-001,val_3,val_40,val_2,9/2/2023,30453.7608,4.866879462,80,249,7.056383114,232.8441707,2.26486061,11961.58152,720.851992
val_1675,KIT-LK-001,val_19,val_52,val_33,9/2/2023,75992.28357,23.28691989,651,451,5.060282109,595.2713228,2.143718374,8324.38208,371.8012205
val_1676,KIT-LK-001,val_2,val_15,val_28,9/2/2023,48123.61069,27.31820364,409,966,8.0052394,832.8790928,2.054330915,3336.338818,909.5311969
val_1677,KIT-IK-001,val_0,val_17,val_8,9/2/2023,123453.4708,13.64090322,681,838,5.44561613,966.9838002,4.932628156,4339.420199,800.921072
val_1678,KIT-SU-001,val_16,val_49,val_16,9/3/2023,12863.75646,8.702774964,515,119,7.014463645,68.19040478,3.161270555,715.1478494,367.0714607
val_1679,KIT-SU-001,val_8,val_27,val_23,9/3/2023,65334.9338,12.18956029,978,644,2.800445791,334.1965058,4.870275023,5150.38432,223.0831068
val_1680,KIT-YB-001,val_7,val_30,val_7,9/3/2023,116134.9096,10.52138973,82,625,8.498938899,391.1493815,3.469517807,7151.832783,212.5814791
val_1681,KIT-SU-001,val_14,val_42,val_34,9/3/2023,47194.96628,22.23071874,493,365,8.014816551,369.0253743,2.173844699,11403.3035,220.539034
val_1682,KIT-SU-001,val_10,val_8,val_13,9/3/2023,36451.2045,1.750748708,536,364,4.366130892,667.776196,3.345583622,3361.738688,589.223114
val_1683,KIT-YB-001,val_18,val_52,val_44,9/3/2023,39751.09864,1.641986213,249,719,9.67279739,547.2064855,1.621785626,3073.32319,642.7670794
val_1684,KIT-YB-001,val_9,val_21,val_38,9/3/2023,107181.7211,10.21448578,673,935,2.443552982,891.3741671,2.792401228,403.3600486,148.8750068
val_1685,KIT-IK-001,val_14,val_39,val_30,9/4/2023,43374.01004,9.838672987,362,319,1.180119326,222.5512036,2.771502457,6981.020073,548.5301687
val_1686,KIT-SU-001,val_17,val_25,val_5,9/4/2023,60701.19005,6.362044288,764,928,7.86823706,399.3317888,3.306155052,11951.26872,250.2835849
val_1687,KIT-LK-001,val_9,val_45,val_1,9/4/2023,82077.37907,25.14516014,923,839,6.405104827,541.1597175,2.548967182,4578.890199,910.4082206
val_1688,KIT-SU-001,val_5,val_36,val_7,9/4/2023,141143.6318,1.026949747,854,52,1.998294771,816.7967528,2.820546047,6074.59893,856.3063659
val_1689,KIT-LK-001,val_19,val_10,val_23,9/4/2023,119254.9602,32.36336997,633,280,2.435559805,823.2396516,4.504620779,887.1946491,115.6248844
val_1690,KIT-IK-001,val_4,val_11,val_37,9/4/2023,28199.6088,26.56054156,718,441,2.177909407,859.372229,1.721565026,6938.823306,252.2867004
val_1691,KIT-YB-001,val_0,val_52,val_7,9/4/2023,132521.0928,14.22292803,865,667,2.501678382,519.1347278,4.690596227,2678.838906,944.5177303
val_1692,KIT-YB-001,val_11,val_31,val_33,9/5/2023,126792.7313,30.09091781,981,226,5.152665803,241.5994179,3.154166309,382.4069882,298.9833556
val_1693,KIT-IK-001,val_19,val_16,val_2,9/5/2023,111911.0657,21.71174241,724,415,1.45866069,726.2555169,3.515493114,8269.368237,815.8263291
val_1694,KIT-IK-001,val_1,val_8,val_12,9/5/2023,77777.44323,20.04398874,913,92,5.674478536,954.673525,1.417060225,1943.336362,50.46424326
val_1695,KIT-SU-001,val_16,val_7,val_28,9/5/2023,10937.33581,11.09302156,966,101,6.448360465,285.2996646,1.581031673,1393.585822,387.7963658
val_1696,KIT-IK-001,val_16,val_55,val_39,9/5/2023,106870.0336,23.27604264,176,435,7.546313548,198.3814859,3.930282706,2892.438347,614.7954939
val_1697,KIT-LK-001,val_18,val_58,val_37,9/5/2023,77992.15448,5.061375946,501,630,9.514298804,22.4758396,4.602641355,1822.942193,399.5447065
val_1698,KIT-SU-001,val_8,val_23,val_25,9/5/2023,46811.35141,18.46649544,357,452,1.742294139,666.4678646,3.075421743,7549.799912,790.6507681
val_1699,KIT-YB-001,val_5,val_12,val_1,9/6/2023,1985.731003,4.240630114,950,383,1.31642087,545.0150836,1.670105057,3351.378894,979.9202229
val_1700,KIT-SU-001,val_10,val_25,val_14,9/6/2023,35041.82263,15.69111356,744,498,2.252247582,134.7143633,4.18766133,8117.697898,513.5323721
val_1701,KIT-LK-001,val_2,val_8,val_37,9/6/2023,91050.68155,21.6462381,886,634,4.035832338,199.5157183,4.670125,6642.463716,463.6316145
val_1702,KIT-LK-001,val_16,val_32,val_3,9/6/2023,17289.83466,5.611519626,349,714,5.728255428,662.2225822,3.68071115,4372.87151,704.5109049
val_1703,KIT-LK-001,val_13,val_37,val_33,9/6/2023,98485.09664,7.9297625,843,540,1.038573052,436.0174898,1.731453613,2483.024289,753.7047702
val_1704,KIT-LK-001,val_9,val_59,val_33,9/6/2023,123040.9773,28.50136883,81,91,7.231327048,233.2309114,2.649880346,8138.291869,59.79796678
val_1705,KIT-YB-001,val_10,val_19,val_36,9/6/2023,48067.66194,9.09880778,940,41,9.611941811,605.8232204,4.759343758,6388.272744,437.5893715
val_1706,KIT-SU-001,val_14,val_11,val_10,9/7/2023,12756.83815,3.525350821,230,343,3.248010316,52.66577217,1.766321543,8706.028523,499.7437404
val_1707,KIT-YB-001,val_10,val_8,val_11,9/7/2023,21384.96917,11.70801622,526,205,1.079173353,16.20281398,1.683013192,6172.28077,307.416729
val_1708,KIT-YB-001,val_16,val_22,val_9,9/7/2023,54007.38541,32.74286992,717,537,7.77920805,260.8777351,3.807162069,9664.38664,759.0870184
val_1709,KIT-LK-001,val_18,val_36,val_18,9/7/2023,122108.4208,24.34363314,743,701,7.930452878,289.5187506,3.17242212,6686.941592,886.9790378
val_1710,KIT-LK-001,val_18,val_3,val_25,9/7/2023,95324.6686,20.22511434,212,252,1.391584499,104.3684237,1.818933471,9797.438059,845.3362701
val_1711,KIT-YB-001,val_12,val_45,val_5,9/7/2023,130249.2034,29.44660283,555,468,6.555900629,114.8663312,3.466076751,6686.688735,633.7817915
val_1712,KIT-IK-001,val_14,val_27,val_27,9/8/2023,149166.8533,23.1745163,531,218,3.185557536,167.8030295,4.746698848,11548.56738,794.2014846
val_1713,KIT-IK-001,val_6,val_47,val_11,9/8/2023,30783.64733,28.42786162,777,466,6.695871945,724.6087808,4.420786855,10267.66202,232.6273101
val_1714,KIT-YB-001,val_0,val_27,val_26,9/8/2023,104375.8047,23.06906368,321,378,7.537406875,806.1657776,1.026127939,3198.586199,25.67977043
val_1715,KIT-LK-001,val_8,val_9,val_14,9/8/2023,70244.24666,30.27617214,764,2,3.004688931,181.6049557,4.50712037,8792.087212,513.4550467
val_1716,KIT-LK-001,val_17,val_1,val_45,9/8/2023,74274.97011,21.91548451,616,665,3.346836214,656.7700784,3.50760809,1757.422279,409.987878
val_1717,KIT-IK-001,val_2,val_33,val_15,9/8/2023,49174.41983,9.417645454,759,303,6.504169036,233.6525025,2.068502849,10950.90146,881.7136791
val_1718,KIT-IK-001,val_10,val_32,val_41,9/8/2023,51705.57614,1.630911371,876,748,6.240363551,880.0585975,1.373679094,4277.440302,789.1047623
val_1719,KIT-SU-001,val_3,val_48,val_8,9/9/2023,101604.1513,3.865144593,428,670,8.975500568,268.9277841,4.884825495,5833.645893,381.8519227
val_1720,KIT-LK-001,val_8,val_52,val_4,9/9/2023,93310.03612,18.03311334,432,195,5.593315964,129.7714129,1.116150707,442.7209396,17.43193763
val_1721,KIT-SU-001,val_2,val_9,val_9,9/9/2023,48116.28381,34.01753964,797,887,8.197906391,439.1459794,1.73847757,10437.97588,274.8749724
val_1722,KIT-LK-001,val_14,val_18,val_20,9/9/2023,18227.84736,26.62926668,782,22,7.588063733,154.2128654,3.684990304,11386.56475,360.4398111
val_1723,KIT-YB-001,val_16,val_12,val_43,9/9/2023,86947.07245,27.18540492,877,574,6.991299995,198.36685,4.031794916,5751.917521,675.8356899
val_1724,KIT-YB-001,val_15,val_6,val_8,9/9/2023,111039.7536,23.29979184,550,803,2.725956801,339.0628292,2.066653957,2417.278355,903.2772572
val_1725,KIT-LK-001,val_14,val_0,val_37,9/9/2023,84013.95764,31.64138702,636,541,3.487243921,660.7205198,3.948281988,8386.763943,220.9535511
val_1726,KIT-SU-001,val_4,val_4,val_33,9/10/2023,1045.775682,25.79398432,59,558,6.100925348,116.8541088,4.060692281,3704.134219,785.9110403
val_1727,KIT-SU-001,val_10,val_31,val_16,9/10/2023,42706.16911,9.191046698,455,470,1.593492984,284.1090136,4.21090758,11528.06872,728.5771088
val_1728,KIT-LK-001,val_2,val_9,val_16,9/10/2023,116897.6113,17.58198352,246,60,1.405444517,858.3646281,4.015687463,3871.638868,353.1533865
val_1729,KIT-YB-001,val_7,val_11,val_45,9/10/2023,111510.9567,14.27113627,854,679,1.448353089,273.7693672,1.13065024,6993.534132,16.16816979
val_1730,KIT-IK-001,val_10,val_7,val_34,9/10/2023,2056.332755,5.95560047,122,953,9.29176923,168.446832,4.569230989,783.4495083,32.70423801
val_1731,KIT-SU-001,val_13,val_43,val_11,9/10/2023,70809.2868,7.938721853,779,798,7.199907008,533.6164395,3.251118203,11879.73991,619.2447174
val_1732,KIT-YB-001,val_1,val_38,val_43,9/10/2023,65879.06681,10.12345623,837,58,8.530853548,33.31587978,2.724191199,6998.683672,847.1219402
val_1733,KIT-LK-001,val_16,val_57,val_19,9/11/2023,98016.06576,6.242799542,470,220,9.670751504,803.9511666,1.09773421,11708.71146,631.9632371
val_1734,KIT-YB-001,val_9,val_6,val_3,9/11/2023,19184.51599,7.762332293,668,833,7.308722219,222.4616314,3.36320232,3748.48312,773.677745
val_1735,KIT-YB-001,val_17,val_12,val_39,9/11/2023,93401.57732,32.09048896,580,714,5.637891639,132.8580044,1.651038444,6420.492866,502.8659135
val_1736,KIT-IK-001,val_10,val_27,val_41,9/11/2023,142064.244,12.14472445,689,366,5.311161178,808.2027632,3.190697733,416.9672253,262.8620343
val_1737,KIT-LK-001,val_10,val_38,val_21,9/11/2023,56076.55542,28.9975808,686,244,7.714244807,842.7549127,1.756858164,9295.694746,39.76025462
val_1738,KIT-YB-001,val_13,val_7,val_33,9/11/2023,50934.78444,2.440770063,253,462,8.811075243,734.7315114,3.751662775,2164.702536,817.3452926
val_1739,KIT-IK-001,val_16,val_12,val_11,9/11/2023,4726.890399,34.36696676,689,31,8.466545126,234.5968697,1.355382666,5218.881167,474.231378
val_1740,KIT-IK-001,val_3,val_25,val_40,9/12/2023,9080.561314,26.8147526,902,89,5.436507877,526.9889043,3.40152773,8106.424925,876.4682128
val_1741,KIT-LK-001,val_10,val_1,val_17,9/12/2023,139770.0808,31.75371913,311,74,7.961581331,969.0660075,3.575205368,1169.035808,370.1891659
val_1742,KIT-YB-001,val_0,val_23,val_12,9/12/2023,146337.5261,18.50171573,306,825,5.289278031,477.7660989,2.580980782,9446.779658,275.9787481
val_1743,KIT-LK-001,val_9,val_45,val_24,9/12/2023,1343.434215,22.28191955,292,46,4.459470434,949.6397267,4.668621427,9708.385944,667.0480483
val_1744,KIT-IK-001,val_16,val_31,val_12,9/12/2023,135151.6131,12.75650222,912,553,3.679044063,676.3683835,3.106198347,6469.296322,604.3465262
val_1745,KIT-LK-001,val_17,val_26,val_29,9/12/2023,26507.02459,15.23468649,888,280,1.490910872,844.9958606,4.002072292,7338.543001,704.2409236
val_1746,KIT-SU-001,val_5,val_29,val_35,9/12/2023,84423.12844,26.32584994,348,757,2.810462849,192.4000096,2.778060445,1311.74152,91.07990664
val_1747,KIT-LK-001,val_7,val_56,val_19,9/13/2023,101882.0681,1.938908672,937,127,7.570063493,926.7348416,4.166857373,5495.980304,83.35274061
val_1748,KIT-IK-001,val_11,val_31,val_37,9/13/2023,54179.27723,1.471986472,762,911,2.545397369,853.3444744,4.58960026,10125.5119,570.9247228
val_1749,KIT-YB-001,val_7,val_32,val_20,9/13/2023,79583.71972,30.64725246,402,85,9.1105935,785.0496561,2.651955135,1253.895149,548.2728439
val_1750,KIT-LK-001,val_3,val_55,val_46,9/13/2023,94317.55713,4.028265874,825,847,1.707243801,941.2230854,4.869444295,11866.76258,92.92139068
val_1751,KIT-LK-001,val_6,val_9,val_12,9/13/2023,29491.98176,25.29184224,914,147,1.460141889,788.878856,1.612514945,5933.823522,430.1896685
val_1752,KIT-SU-001,val_8,val_5,val_33,9/13/2023,149141.3649,7.144089346,869,29,5.329742325,576.7471118,4.38467561,350.9509948,633.6059439
val_1753,KIT-IK-001,val_10,val_26,val_25,9/13/2023,30980.33442,12.94406925,471,38,3.003975513,648.6902045,3.103339179,4210.874271,542.0274827
val_1754,KIT-SU-001,val_18,val_19,val_45,9/14/2023,2045.600471,10.41553372,216,781,1.926576461,820.8942693,1.553649036,6107.252656,186.5041496
val_1755,KIT-IK-001,val_10,val_12,val_10,9/14/2023,141670.5465,17.26367505,167,343,1.53881152,749.1579183,3.501329369,11516.05779,927.8124576
val_1756,KIT-LK-001,val_7,val_7,val_9,9/14/2023,64654.59128,28.96781973,828,417,5.74566878,591.7915412,1.525261261,8521.74014,34.36260852
val_1757,KIT-LK-001,val_13,val_52,val_41,9/14/2023,60093.64798,30.66858636,733,823,3.335177855,598.079342,4.549940651,7056.223906,272.5755384
val_1758,KIT-YB-001,val_15,val_36,val_43,9/14/2023,41712.86211,7.927149477,709,261,6.001897743,880.2821204,4.263949998,11604.89304,67.54545092
val_1759,KIT-LK-001,val_8,val_41,val_35,9/14/2023,4361.873055,11.95016777,45,554,2.334680076,9.911614249,3.617259308,3680.725524,283.3701039
val_1760,KIT-SU-001,val_9,val_7,val_22,9/15/2023,40052.94491,29.3247067,966,298,1.219816258,717.9535825,1.931941473,4680.48823,685.299027
val_1761,KIT-IK-001,val_4,val_20,val_19,9/15/2023,59298.40121,3.319298067,114,65,1.245332954,565.6609842,4.8512124,9264.92345,23.80865681
val_1762,KIT-LK-001,val_17,val_37,val_31,9/15/2023,78289.22271,4.268009981,581,994,2.014055631,838.2939929,4.412654942,7214.907575,38.76425944
val_1763,KIT-SU-001,val_17,val_31,val_35,9/15/2023,68917.81091,16.88943341,941,375,8.164381776,205.4369631,3.860844221,2784.1315,205.8573628
val_1764,KIT-SU-001,val_3,val_41,val_13,9/15/2023,131915.9131,27.69702359,242,848,5.036626077,525.3435657,2.461473294,9062.571911,27.68273534
val_1765,KIT-SU-001,val_6,val_40,val_0,9/15/2023,136743.8144,11.8919711,518,430,6.614743963,127.6443126,2.936668711,3353.086713,390.05567
val_1766,KIT-LK-001,val_5,val_24,val_3,9/15/2023,47914.66081,2.61623045,841,868,8.87490495,659.3746732,2.352252236,6794.766082,230.1481417
val_1767,KIT-SU-001,val_18,val_46,val_16,9/16/2023,143953.4118,33.88179064,266,172,2.913443815,763.7678588,4.39754546,10303.61658,322.1510576
val_1768,KIT-SU-001,val_1,val_15,val_32,9/16/2023,129807.6587,32.87411401,101,540,8.842137427,623.5324718,2.235531652,3446.228741,837.2137293
val_1769,KIT-SU-001,val_4,val_4,val_21,9/16/2023,139181.4051,22.88616929,480,373,7.710719206,554.7712797,1.95324486,9181.747258,432.2004733
val_1770,KIT-YB-001,val_6,val_54,val_29,9/16/2023,106096.4669,23.92929918,795,993,7.561162997,343.3789596,1.857384651,10363.74558,15.04877666
val_1771,KIT-SU-001,val_11,val_1,val_22,9/16/2023,30141.64058,32.69259823,578,337,8.836630661,639.7842837,2.604650461,3942.352036,546.8152842
val_1772,KIT-YB-001,val_4,val_17,val_12,9/16/2023,29686.555,22.60644683,443,772,2.132899185,899.5054362,3.491873038,2519.986466,109.3838012
val_1773,KIT-YB-001,val_10,val_6,val_35,9/16/2023,136343.4087,27.63675254,639,494,5.864510197,721.4182819,4.326595359,10415.94323,59.34105927
val_1774,KIT-IK-001,val_14,val_13,val_34,9/17/2023,76303.29626,16.33035223,51,401,5.351799896,22.95304098,4.698830326,5703.54072,327.3143512
val_1775,KIT-YB-001,val_16,val_23,val_46,9/17/2023,133624.8624,8.134490416,348,697,6.975995845,508.7214256,1.320349286,3873.98782,272.1057206
val_1776,KIT-IK-001,val_1,val_7,val_39,9/17/2023,108221.9079,29.17211888,878,645,3.141899791,736.4169445,1.188755207,322.5013247,111.6908096
val_1777,KIT-LK-001,val_2,val_28,val_18,9/17/2023,32270.5895,24.01649115,387,479,2.14593634,504.1630279,2.45094003,2489.276465,298.4328413
val_1778,KIT-IK-001,val_1,val_55,val_33,9/17/2023,58021.5931,10.27676356,966,55,9.760996305,591.3500455,4.240413334,6249.952748,484.0631395
val_1779,KIT-SU-001,val_18,val_8,val_16,9/17/2023,145189.8696,21.88998918,550,74,5.19113372,911.5844089,4.62961179,9981.888992,251.1411649
val_1780,KIT-YB-001,val_13,val_55,val_41,9/17/2023,3427.622836,28.61364258,934,599,3.088182581,873.9500644,1.67380351,6127.140194,32.29924737
val_1781,KIT-LK-001,val_10,val_24,val_29,9/18/2023,107330.2875,9.608013877,627,55,2.157905156,81.31440802,2.143038882,3462.296027,892.60015
val_1782,KIT-LK-001,val_15,val_35,val_40,9/18/2023,146827.5647,26.93169338,419,606,6.342384481,510.5532073,4.607847084,11163.79096,651.4041318
val_1783,KIT-IK-001,val_11,val_26,val_13,9/18/2023,16069.96842,2.717549937,922,888,2.329860406,622.3163158,3.303265421,4557.027754,706.6526204
val_1784,KIT-YB-001,val_4,val_18,val_0,9/18/2023,41162.93181,21.94821908,270,789,2.647383718,852.0313731,2.630785264,2121.963537,408.091101
val_1785,KIT-YB-001,val_10,val_6,val_6,9/18/2023,82278.46154,34.96289016,392,695,9.569374642,265.500614,1.97413944,11355.07547,573.3394926
val_1786,KIT-SU-001,val_14,val_35,val_25,9/18/2023,126642.8567,30.34984086,723,273,1.262490964,139.8539398,1.451580642,4877.890505,702.9829718
val_1787,KIT-YB-001,val_0,val_54,val_46,9/18/2023,76223.52454,30.67290022,875,657,2.681472011,597.1546037,1.4337975,5892.437282,356.6927866
val_1788,KIT-LK-001,val_12,val_31,val_30,9/19/2023,9409.609026,23.87642892,193,183,7.040971074,467.6121284,3.696297029,9991.916237,831.2791851
val_1789,KIT-YB-001,val_9,val_35,val_38,9/19/2023,19514.05634,16.24931204,994,914,2.952046186,257.7052014,3.881657209,3595.343952,772.3647654
val_1790,KIT-SU-001,val_1,val_38,val_22,9/19/2023,56703.53364,23.76710051,431,90,2.63746004,942.9281415,2.462738064,6438.899254,287.0842824
val_1791,KIT-LK-001,val_5,val_23,val_46,9/19/2023,48719.83073,11.37749333,339,542,6.008502293,317.5559804,3.424001058,10422.17389,332.7965013
val_1792,KIT-LK-001,val_8,val_7,val_45,9/19/2023,33341.95536,19.4363451,128,486,7.263607771,55.28592977,1.624138422,3222.118108,183.9208986
val_1793,KIT-YB-001,val_6,val_30,val_10,9/19/2023,126099.2461,18.98086088,27,73,4.875694712,58.79922991,1.083814314,10752.64726,502.6201724
val_1794,KIT-SU-001,val_5,val_52,val_41,9/19/2023,4518.81172,19.12181621,557,186,8.031590703,201.0822417,1.399303369,2459.467256,811.3205224
val_1795,KIT-IK-001,val_12,val_18,val_0,9/20/2023,124486.965,14.53716815,604,715,8.336890505,116.7358249,1.423441763,10281.86086,564.0146768
val_1796,KIT-IK-001,val_8,val_52,val_28,9/20/2023,138291.186,12.4775037,93,596,6.607758425,394.6887071,4.939082429,4842.944452,354.6843984
val_1797,KIT-LK-001,val_9,val_51,val_20,9/20/2023,94701.59817,11.6963371,904,162,6.20037125,80.46471632,1.944054566,6668.203416,410.2355014
val_1798,KIT-LK-001,val_15,val_14,val_14,9/20/2023,93989.88459,8.020633868,544,140,8.346745989,561.165202,1.536498448,6706.566448,692.5852127
val_1799,KIT-LK-001,val_1,val_34,val_44,9/20/2023,22778.14809,15.46144412,53,666,1.13526947,408.3912245,4.181547654,2617.947887,514.2670974
val_1800,KIT-YB-001,val_7,val_44,val_31,9/20/2023,85463.50186,4.297548747,842,661,5.595713426,597.9251588,2.466640485,2241.337961,552.718743
val_1801,KIT-YB-001,val_1,val_29,val_6,9/20/2023,56588.57189,31.57475927,197,401,2.158593157,989.2365469,1.82504352,8594.729205,609.6760811
val_1802,KIT-IK-001,val_18,val_41,val_6,9/21/2023,34742.93935,2.62499623,673,20,2.994010864,991.901594,1.881493392,9939.936018,738.5431346
val_1803,KIT-YB-001,val_3,val_54,val_5,9/21/2023,87707.7686,29.34217127,676,28,9.540993146,417.0290416,1.556153177,1815.942161,625.6572566
val_1804,KIT-SU-001,val_16,val_37,val_14,9/21/2023,677.9748258,8.595444611,811,151,1.033392148,367.0539337,1.319621489,9068.185077,684.3271274
val_1805,KIT-YB-001,val_3,val_50,val_3,9/21/2023,41823.71234,29.89202745,810,55,3.763126157,681.552882,3.720544408,4057.566836,666.127484
val_1806,KIT-LK-001,val_6,val_48,val_12,9/21/2023,98578.28263,25.26526358,986,557,2.389249112,367.6796143,2.759933329,7214.262688,926.4653318
val_1807,KIT-YB-001,val_12,val_48,val_36,9/21/2023,68528.57127,32.24993422,86,393,6.133752303,778.281576,1.593758657,6508.676648,736.448966
val_1808,KIT-YB-001,val_16,val_51,val_41,9/22/2023,22273.26081,30.4841075,365,217,8.598339296,601.645992,4.169781488,8971.895255,546.5618159
val_1809,KIT-YB-001,val_3,val_13,val_37,9/22/2023,697.0577066,24.59784582,364,595,4.517999119,199.4872229,1.076500358,6594.714328,897.9581049
val_1810,KIT-YB-001,val_4,val_1,val_23,9/22/2023,40930.67745,5.478423044,376,705,8.534668651,414.8338199,2.722551465,1302.316835,900.3973855
val_1811,KIT-IK-001,val_17,val_9,val_33,9/22/2023,82584.36624,19.30677713,238,171,4.962128077,863.6580487,1.509222097,3494.57424,351.5146739
val_1812,KIT-SU-001,val_6,val_14,val_45,9/22/2023,80414.56198,12.02601627,234,625,9.181395556,553.3532832,1.111084907,4895.487243,805.3032239
val_1813,KIT-LK-001,val_4,val_41,val_2,9/22/2023,20095.24896,31.02499212,965,106,8.622504667,709.9187251,3.202649188,6949.852937,982.4681111
val_1814,KIT-SU-001,val_14,val_30,val_43,9/22/2023,92247.72288,30.55355159,899,600,2.609375532,709.8507031,1.621732066,2200.105262,206.8448508
val_1815,KIT-IK-001,val_1,val_28,val_34,9/23/2023,149839.1945,11.12850334,683,376,8.965576252,482.1552721,1.274069692,4181.691819,396.9651159
val_1816,KIT-IK-001,val_17,val_0,val_18,9/23/2023,87937.60249,23.57514536,555,109,2.733076761,295.4913775,2.915088164,945.9310568,415.4510251
val_1817,KIT-IK-001,val_17,val_41,val_21,9/23/2023,79381.90727,11.97231198,476,804,5.413552725,596.3388398,4.374544468,4006.239923,610.5745025
val_1818,KIT-LK-001,val_17,val_21,val_21,9/23/2023,93583.65198,23.80102924,682,182,2.76403518,113.0580628,2.942515399,6243.958286,962.6704988
val_1819,KIT-YB-001,val_5,val_45,val_7,9/23/2023,132010.7981,21.56271234,863,784,4.478162271,597.3706198,1.318617099,11250.11968,305.608394
val_1820,KIT-IK-001,val_2,val_6,val_11,9/23/2023,141926.902,17.98098875,426,365,9.870438589,102.7386356,2.217427096,2297.341662,753.740525
val_1821,KIT-LK-001,val_8,val_17,val_14,9/23/2023,6634.510605,30.76852929,538,684,7.886261714,901.7980302,2.784370019,525.914917,778.5621323
val_1822,KIT-LK-001,val_6,val_3,val_0,9/24/2023,31146.57354,8.762549246,913,707,5.986663937,743.8714943,2.124623022,4650.890322,696.1636958
val_1823,KIT-IK-001,val_19,val_17,val_24,9/24/2023,17806.72757,27.95183992,912,425,9.419306772,181.2099778,2.350145787,7369.546866,588.2738374
val_1824,KIT-IK-001,val_12,val_55,val_22,9/24/2023,115966.891,24.19486876,230,667,4.23733166,784.6603658,3.000673083,7370.055556,571.7204623
val_1825,KIT-LK-001,val_18,val_29,val_15,9/24/2023,7311.647413,9.988121868,239,442,2.558852744,725.8528126,4.769879989,4277.540375,282.0523332
val_1826,KIT-IK-001,val_15,val_26,val_8,9/24/2023,135443.9246,14.87466426,204,606,8.460573498,728.4447549,4.219399657,643.7726102,137.2501869
val_1827,KIT-LK-001,val_14,val_16,val_46,9/24/2023,3573.027053,2.601693134,27,226,1.109578248,335.2817835,1.817505716,11043.15273,334.0600531
val_1828,KIT-YB-001,val_2,val_15,val_32,9/24/2023,90580.74854,20.99566769,695,425,8.241358571,522.7408931,4.141033295,6121.034808,229.5899041
val_1829,KIT-SU-001,val_1,val_40,val_22,9/25/2023,41698.641,31.09860492,429,137,1.196714506,585.7748051,2.578178169,9363.017451,652.6241367
val_1830,KIT-YB-001,val_0,val_59,val_34,9/25/2023,70849.24698,4.300081134,31,416,3.559423882,376.9782861,4.262864779,4883.44511,853.1375088
val_1831,KIT-YB-001,val_11,val_44,val_17,9/25/2023,66561.94414,4.793546408,204,15,4.19949699,560.3988802,3.468428527,10010.88205,158.6929008
val_1832,KIT-SU-001,val_4,val_44,val_10,9/25/2023,112459.544,16.71492647,532,410,3.866762142,244.0164061,3.715937254,9459.317518,659.4683209
val_1833,KIT-YB-001,val_19,val_28,val_32,9/25/2023,74747.99411,9.986807621,836,861,3.190888354,874.884688,2.448408856,1324.439645,121.8703637
val_1834,KIT-SU-001,val_2,val_5,val_36,9/25/2023,63472.5141,9.837126117,663,361,1.973606147,960.3365292,3.852766427,804.9376421,380.0978879
val_1835,KIT-SU-001,val_18,val_43,val_31,9/25/2023,109676.4268,22.42572067,533,496,1.028620642,326.7329508,3.26276142,1964.133916,173.1844354
val_1836,KIT-IK-001,val_13,val_48,val_27,9/26/2023,138908.1344,14.47692194,186,856,7.972406637,342.3975875,3.474287726,9909.529909,299.5427205
val_1837,KIT-LK-001,val_2,val_30,val_0,9/26/2023,119191.399,29.59373505,288,3,5.112241738,216.210123,3.18818031,3380.354863,858.5750033
val_1838,KIT-LK-001,val_1,val_5,val_30,9/26/2023,110639.1962,15.125933,782,671,2.457496747,864.7793273,1.223162731,4870.258925,419.7395119
val_1839,KIT-SU-001,val_7,val_42,val_29,9/26/2023,73414.45113,21.61158676,774,529,1.739593265,163.3617948,2.896990731,7024.894007,108.5994129
val_1840,KIT-SU-001,val_6,val_55,val_19,9/26/2023,135082.2618,14.04661998,869,343,3.505940205,798.8588495,1.205022647,7892.172872,198.9497168
val_1841,KIT-LK-001,val_6,val_13,val_11,9/26/2023,73203.86188,9.109617702,527,258,4.189367111,832.3286383,1.674005236,5231.027384,843.6446484
val_1842,KIT-YB-001,val_10,val_9,val_46,9/26/2023,139577.7249,16.6023573,273,593,5.152765842,316.2189666,2.902369231,5500.150299,410.1597216
val_1843,KIT-IK-001,val_2,val_44,val_18,9/27/2023,120536.8782,25.27271883,503,427,1.909481604,776.791594,2.62469759,4071.943493,935.9792969
val_1844,KIT-SU-001,val_2,val_19,val_13,9/27/2023,22963.90522,33.3577581,897,395,9.819310052,452.9719922,1.191747721,1309.572153,561.2248703
val_1845,KIT-YB-001,val_13,val_42,val_33,9/27/2023,7525.329823,1.667405542,180,673,3.418716798,348.4526077,1.548899359,1950.126314,507.0799998
val_1846,KIT-IK-001,val_19,val_42,val_23,9/27/2023,111257.9252,18.70757778,847,399,4.97166305,893.3784213,2.861175323,10700.81072,456.1763122
val_1847,KIT-SU-001,val_5,val_15,val_26,9/27/2023,103032.9547,22.33161712,996,810,7.381138875,453.5280937,4.870638202,11703.23903,773.4562709
val_1848,KIT-YB-001,val_18,val_2,val_31,9/27/2023,90512.2875,3.183074331,820,285,3.791712695,55.22968961,2.945583483,9940.358936,835.7051745
val_1849,KIT-IK-001,val_6,val_33,val_17,9/28/2023,146447.7724,29.05515163,659,701,1.74247265,634.5214009,4.090214038,3808.415105,127.0492605
val_1850,KIT-YB-001,val_6,val_24,val_7,9/28/2023,82037.75564,9.803129553,409,563,4.3888641,658.0023255,2.772232734,2304.525934,408.414674
val_1851,KIT-IK-001,val_1,val_51,val_8,9/28/2023,52511.03013,30.64693572,855,897,5.975854453,634.6504859,1.766899258,6208.454499,282.7688939
val_1852,KIT-YB-001,val_8,val_21,val_45,9/28/2023,84962.3947,19.43072227,160,400,8.575785279,360.3188398,1.08472845,1316.402724,899.3829975
val_1853,KIT-SU-001,val_9,val_14,val_24,9/28/2023,4747.557,5.492346683,760,234,4.31133471,678.6148214,2.50197217,10996.56914,734.7087562
val_1854,KIT-LK-001,val_13,val_51,val_20,9/28/2023,87100.00307,25.92488698,402,398,9.005688645,291.0943197,4.677964808,9262.441849,292.3266563
val_1855,KIT-YB-001,val_3,val_44,val_15,9/28/2023,135413.3157,5.671551891,503,662,5.91467819,464.3621759,2.299298428,11688.65008,408.373121
val_1856,KIT-LK-001,val_3,val_37,val_34,9/29/2023,1147.345243,25.26916967,463,430,7.457379771,216.70672,2.474109521,10299.73428,419.2067027
val_1857,KIT-IK-001,val_8,val_57,val_43,9/29/2023,126872.9199,28.32529803,9,890,1.271492971,613.2524361,3.770878152,5023.968029,931.8132314
val_1858,KIT-LK-001,val_1,val_46,val_36,9/29/2023,120388.3697,20.22841425,987,156,9.061545905,810.5007646,3.947651351,3907.745149,473.683526
val_1859,KIT-YB-001,val_2,val_51,val_25,9/29/2023,16362.4179,9.634017121,667,308,2.92102372,97.66656295,3.43353808,10043.71623,18.42796353
val_1860,KIT-IK-001,val_12,val_47,val_22,9/29/2023,127101.1587,15.41935417,600,984,3.932817964,27.01234298,2.352909659,7137.203761,730.08547
val_1861,KIT-LK-001,val_19,val_24,val_41,9/29/2023,114650.0172,18.57511183,100,800,5.712897488,761.1344036,4.781023523,10568.55619,96.54346007
val_1862,KIT-LK-001,val_11,val_3,val_41,9/29/2023,73911.44541,23.36918227,779,76,9.638468949,322.8798158,2.410041566,4037.34165,630.7399093
val_1863,KIT-YB-001,val_2,val_36,val_18,9/30/2023,37159.48379,22.26060873,962,941,4.111075987,323.8254786,2.168039235,6648.297461,513.4998324
val_1864,KIT-LK-001,val_19,val_45,val_46,9/30/2023,43571.01217,14.13476666,815,426,2.984515668,564.7395311,4.372638615,5655.577065,762.7089109
val_1865,KIT-YB-001,val_10,val_59,val_39,9/30/2023,92035.10136,26.58418959,249,644,9.646544741,486.7375647,4.740888608,2362.254715,550.1442939
val_1866,KIT-IK-001,val_14,val_40,val_40,9/30/2023,37322.44791,27.0452895,181,16,8.276179037,121.5600302,4.826253066,6584.670539,175.2338425
val_1867,KIT-SU-001,val_3,val_34,val_2,9/30/2023,49140.67351,24.43232573,367,164,6.970781973,760.4351314,3.132872936,1184.159691,893.9616049
val_1868,KIT-IK-001,val_11,val_34,val_6,9/30/2023,139660.3455,9.670983706,22,699,4.68672717,176.2714771,4.477965564,4624.964951,903.3280065
val_1869,KIT-IK-001,val_1,val_6,val_14,9/30/2023,109534.6282,16.53499078,552,261,4.784094819,826.0282238,1.734840718,6494.463188,420.6836612
val_1870,KIT-YB-001,val_12,val_0,val_36,10/1/2023,110543.0704,15.25994367,458,117,9.556033982,764.3476425,4.555996378,1913.840667,609.4181911
val_1871,KIT-IK-001,val_4,val_2,val_3,10/1/2023,143412.4951,28.62436981,503,680,1.620626497,167.2266051,4.032767238,9093.068532,552.4219687
val_1872,KIT-LK-001,val_18,val_54,val_3,10/1/2023,1366.205961,28.32466334,990,217,7.81750185,758.2136705,2.596748917,2451.580902,534.2375735
val_1873,KIT-SU-001,val_1,val_47,val_1,10/1/2023,37050.63358,30.33961548,655,867,6.410354297,660.9395289,1.980737806,8796.815888,90.1996159
val_1874,KIT-SU-001,val_13,val_15,val_9,10/1/2023,98867.10746,8.244917192,417,178,9.715917163,981.8201228,4.038599171,482.6749911,493.9807823
val_1875,KIT-LK-001,val_2,val_25,val_44,10/1/2023,66021.59432,26.24621893,784,23,6.025647826,711.8288936,2.722339979,8328.795723,225.1484239
val_1876,KIT-YB-001,val_13,val_29,val_34,10/1/2023,17364.33975,30.48989246,370,390,3.524860266,390.2174532,4.914461836,4924.90814,797.8479838
val_1877,KIT-SU-001,val_9,val_14,val_34,10/2/2023,117294.4361,5.993877789,758,326,8.019268995,620.0576431,4.418401102,9523.303203,848.8001053
val_1878,KIT-IK-001,val_19,val_25,val_14,10/2/2023,7537.343845,1.58980971,933,639,9.870657208,661.8722243,4.16172401,6831.202388,18.68617972
val_1879,KIT-SU-001,val_13,val_20,val_30,10/2/2023,81805.74127,3.871697486,908,233,9.167082898,745.6503332,2.335168671,4684.502593,736.7347733
val_1880,KIT-LK-001,val_7,val_41,val_37,10/2/2023,84588.41757,21.29584271,519,981,3.65265296,468.6258465,3.846606921,8032.862931,114.8465093
val_1881,KIT-SU-001,val_1,val_45,val_25,10/2/2023,95576.21728,14.87334589,470,422,4.117152622,827.6944309,4.023699425,4777.298267,9.851346489
val_1882,KIT-LK-001,val_11,val_5,val_41,10/2/2023,47686.13226,6.987787465,397,709,7.793381731,286.9417741,2.637792545,4403.170371,13.6796521
val_1883,KIT-YB-001,val_8,val_27,val_27,10/2/2023,4028.340714,18.5849643,534,769,6.3837144,963.3403058,1.378335931,5222.402816,466.0073162
val_1884,KIT-IK-001,val_1,val_59,val_15,10/3/2023,133403.0013,27.5361835,937,884,1.104514856,310.4306371,3.941135016,8582.698979,814.1127894
val_1885,KIT-IK-001,val_11,val_52,val_30,10/3/2023,139416.1168,29.98245529,874,503,2.276754831,37.54615661,2.177863663,7456.304698,311.4039098
val_1886,KIT-YB-001,val_4,val_47,val_45,10/3/2023,72557.31467,26.3598902,607,227,1.769428482,200.134919,1.531047944,11014.83135,924.6292297
val_1887,KIT-YB-001,val_4,val_44,val_39,10/3/2023,3585.732845,31.01579654,282,518,2.608558449,927.4404215,1.170731525,204.4010453,421.1341893
val_1888,KIT-IK-001,val_0,val_0,val_23,10/3/2023,87340.23845,21.22565188,376,426,3.744187808,790.0513802,2.309031846,2099.245865,188.6547923
val_1889,KIT-IK-001,val_7,val_58,val_28,10/3/2023,47731.51282,29.33016409,246,609,9.704795925,439.3708779,3.039772736,6029.435735,459.0784568
val_1890,KIT-IK-001,val_4,val_44,val_46,10/3/2023,27781.59374,14.71811081,186,236,7.088224005,905.1552956,1.153585098,8101.88569,626.9599365
val_1891,KIT-YB-001,val_1,val_53,val_35,10/4/2023,25758.42213,29.86625589,9,516,1.492851593,246.6330504,3.253605789,1257.706059,505.7061397
val_1892,KIT-IK-001,val_8,val_54,val_24,10/4/2023,27298.68833,31.37429897,774,958,6.466286177,233.5582438,4.581547363,3671.60858,440.666342
val_1893,KIT-LK-001,val_4,val_15,val_13,10/4/2023,49960.72959,24.08700051,739,688,4.929978675,128.9583028,3.39169504,11865.1433,188.4553975
val_1894,KIT-YB-001,val_2,val_0,val_43,10/4/2023,42452.72225,15.2004114,179,958,7.786356784,442.4322983,3.098348647,4066.209713,699.3404828
val_1895,KIT-SU-001,val_9,val_39,val_46,10/4/2023,125545.5125,10.00225217,688,107,8.955352499,514.1256063,1.929061548,4685.421747,350.3973958
val_1896,KIT-SU-001,val_1,val_27,val_3,10/4/2023,74549.54875,11.51624566,165,654,1.586919035,145.1411858,2.756995703,3017.672164,970.5778127
val_1897,KIT-LK-001,val_19,val_1,val_1,10/5/2023,64433.30012,4.805957552,276,22,9.819392663,114.6054959,3.402264603,405.7807852,400.6333267
val_1898,KIT-SU-001,val_9,val_16,val_5,10/5/2023,22302.11679,1.841230823,258,203,1.521147301,390.4518855,4.460402419,3567.661617,221.5585004
val_1899,KIT-SU-001,val_19,val_59,val_18,10/5/2023,131445.6736,14.621748,130,827,7.591360141,232.618871,4.527355093,2100.476373,859.6474232
val_1900,KIT-IK-001,val_17,val_21,val_7,10/5/2023,8695.919766,1.684870257,729,101,9.128187847,574.2639989,2.807714267,4696.087328,208.6881348
val_1901,KIT-YB-001,val_19,val_15,val_42,10/5/2023,36309.93815,30.84446333,42,479,7.765472572,524.3351903,1.734657004,2942.802386,168.1153457
val_1902,KIT-LK-001,val_10,val_39,val_43,10/5/2023,93410.10522,22.81854154,405,69,2.357104615,162.4835049,3.829492236,4965.530314,718.5129561
val_1903,KIT-LK-001,val_8,val_39,val_8,10/5/2023,105495.708,29.55962017,488,298,2.871934546,13.27700968,4.802279339,3379.564308,298.1496098
val_1904,KIT-IK-001,val_14,val_19,val_39,10/6/2023,120272.9079,15.66569979,577,123,1.370611624,644.7896631,4.831612484,11004.17374,417.3486565
val_1905,KIT-IK-001,val_1,val_50,val_6,10/6/2023,61838.54957,7.99356244,193,454,2.179647287,772.8854981,4.982610685,3638.353741,451.0522439
val_1906,KIT-IK-001,val_16,val_34,val_37,10/6/2023,52337.64295,10.30170325,471,643,1.549148378,488.2727079,2.008936265,2425.60307,783.5498864
val_1907,KIT-LK-001,val_6,val_9,val_17,10/6/2023,43638.46689,29.9447126,794,650,1.482748846,575.5009427,4.347694606,9191.980514,574.2938996
val_1908,KIT-LK-001,val_0,val_19,val_1,10/6/2023,85430.15333,4.441884421,374,933,6.059006791,961.7114299,1.206816331,9778.599367,741.3872074
val_1909,KIT-SU-001,val_4,val_50,val_20,10/6/2023,52621.02446,24.49965103,950,121,1.690301605,767.703887,1.060151506,6843.473708,987.4938425
val_1910,KIT-SU-001,val_4,val_5,val_39,10/6/2023,49550.08898,8.054020441,430,400,4.825554771,333.8098705,3.695067223,4269.288535,710.9636197
val_1911,KIT-IK-001,val_0,val_0,val_44,10/7/2023,3025.182589,12.49031183,777,524,7.386966797,850.3016739,1.479526738,10043.78765,278.8538137
val_1912,KIT-YB-001,val_13,val_39,val_5,10/7/2023,142273.2401,0.306027003,114,86,1.136212814,548.4922386,2.55343941,8104.461453,766.9491166
val_1913,KIT-LK-001,val_1,val_26,val_40,10/7/2023,9558.839526,16.87228917,852,110,6.749898392,521.9344393,1.049809828,4696.218441,849.9220699
val_1914,KIT-LK-001,val_16,val_15,val_14,10/7/2023,40995.29199,4.666678036,480,310,7.814654797,691.8719229,1.347165408,4821.61623,430.7949074
val_1915,KIT-IK-001,val_9,val_28,val_22,10/7/2023,138252.2343,30.1157298,991,860,5.830030848,429.484979,1.834625246,228.863418,659.5361059
val_1916,KIT-SU-001,val_14,val_11,val_5,10/7/2023,110434.5552,3.600931581,701,586,5.28032571,880.7725362,3.217868259,881.6526481,490.396195
val_1917,KIT-SU-001,val_6,val_22,val_46,10/7/2023,86931.90073,8.9128251,741,562,7.577567775,167.2844303,2.327763097,1790.837778,127.5512043
val_1918,KIT-SU-001,val_2,val_14,val_37,10/8/2023,99291.68002,0.714984525,148,551,5.767593597,421.9132922,3.255427235,3117.891261,728.8045569
val_1919,KIT-IK-001,val_3,val_35,val_30,10/8/2023,15010.4779,34.75213276,567,811,5.583547342,64.86363441,3.595892647,11127.63371,443.6470914
val_1920,KIT-LK-001,val_12,val_40,val_34,10/8/2023,121392.7779,22.52203293,738,545,8.21634739,705.3942893,1.01346208,9895.07656,346.4115615
val_1921,KIT-IK-001,val_14,val_54,val_41,10/8/2023,37890.96089,22.59647337,810,721,8.537992838,270.2952257,4.390796258,681.1459095,467.7362924
val_1922,KIT-LK-001,val_5,val_4,val_6,10/8/2023,143453.9897,18.25635753,376,309,4.315764192,425.4246725,1.230982261,376.0466674,582.0503322
val_1923,KIT-LK-001,val_7,val_19,val_11,10/8/2023,35090.50327,30.40833137,564,816,4.739311838,886.3622062,4.492218436,7114.844744,756.8683814
val_1924,KIT-IK-001,val_18,val_15,val_1,10/8/2023,93991.98023,5.217745353,173,32,8.206842064,186.2855387,4.904239975,4642.485406,908.6919847
val_1925,KIT-SU-001,val_17,val_34,val_23,10/9/2023,82026.01156,27.79124461,432,342,5.903812799,2.251528336,4.614081092,9660.945372,684.2529911
val_1926,KIT-IK-001,val_8,val_31,val_23,10/9/2023,21893.91255,28.28789696,476,250,7.181320812,578.1198003,3.168696953,11679.99473,994.292594
val_1927,KIT-SU-001,val_4,val_52,val_1,10/9/2023,54757.61159,1.457266858,32,139,1.67657533,437.5452404,4.078661998,6032.238088,157.4880597
val_1928,KIT-IK-001,val_6,val_55,val_31,10/9/2023,117303.2668,4.817157833,917,537,1.858318656,54.96072712,1.69072855,2293.412027,154.3359006
val_1929,KIT-LK-001,val_10,val_46,val_0,10/9/2023,32281.91706,19.24078175,643,892,5.786212993,296.2456739,4.748369882,10734.71913,790.4329408
val_1930,KIT-SU-001,val_11,val_11,val_38,10/9/2023,144447.1686,3.338664911,183,162,8.373047898,239.1060222,1.093316242,5182.021101,633.5136563
val_1931,KIT-IK-001,val_3,val_2,val_33,10/9/2023,44674.80398,10.02634467,898,885,3.848878836,260.6181319,3.20591668,5122.221649,862.1146428
val_1932,KIT-YB-001,val_1,val_53,val_39,10/10/2023,94194.88809,14.24782423,692,857,9.645690371,789.6623832,2.844755833,8506.24772,678.9441829
val_1933,KIT-IK-001,val_9,val_56,val_5,10/10/2023,93020.62242,5.671171045,693,884,7.842927937,304.7498042,4.187582248,4565.021128,12.59592845
val_1934,KIT-SU-001,val_15,val_15,val_41,10/10/2023,70881.3472,24.70430475,933,6,8.035404939,489.6265033,3.980132617,2971.174504,672.6958197
val_1935,KIT-SU-001,val_3,val_2,val_26,10/10/2023,98476.38939,17.42813432,404,990,8.50630547,265.5200844,2.320715872,8952.022861,211.654254
val_1936,KIT-IK-001,val_8,val_40,val_41,10/10/2023,111664.7531,22.46561214,355,427,3.290393792,950.5401744,1.654114178,2392.910794,446.938792
val_1937,KIT-YB-001,val_3,val_35,val_33,10/10/2023,93040.94422,16.70562361,617,596,3.972930397,774.2138184,4.17709384,663.4081817,691.5123409
val_1938,KIT-IK-001,val_4,val_53,val_31,10/11/2023,84219.19559,14.55445701,889,305,2.06588615,423.2826132,4.909910109,6071.966084,656.2879174
val_1939,KIT-IK-001,val_12,val_34,val_1,10/11/2023,91190.79751,17.33513906,813,513,4.423202399,726.9833744,1.391479539,600.445024,382.5393358
val_1940,KIT-SU-001,val_5,val_45,val_33,10/11/2023,60592.4101,31.50311393,787,550,1.322489471,314.8252176,3.931548331,9533.129583,713.0665927
val_1941,KIT-YB-001,val_5,val_47,val_21,10/11/2023,11095.53849,13.98215122,765,798,7.763387425,82.22988823,3.062748197,11733.38387,944.1563117
val_1942,KIT-SU-001,val_19,val_0,val_40,10/11/2023,24374.90769,22.55073837,35,341,8.223014077,430.5222037,2.247944738,11393.93284,230.7721734
val_1943,KIT-YB-001,val_3,val_8,val_32,10/11/2023,91202.25443,29.22189556,491,110,2.922602283,564.5853549,1.057788918,1957.149293,119.43574
val_1944,KIT-SU-001,val_3,val_46,val_3,10/11/2023,139112.4969,21.81385023,356,587,5.409091303,349.3546692,3.89626845,11197.44837,135.0186602
val_1945,KIT-IK-001,val_18,val_10,val_42,10/12/2023,4348.212011,8.067040447,362,783,7.04793501,401.5383882,1.52812116,1519.662093,457.6110194
val_1946,KIT-YB-001,val_11,val_12,val_3,10/12/2023,81833.26196,4.444196951,856,15,7.682864785,714.4288238,4.403262921,4382.024138,298.2385546
val_1947,KIT-IK-001,val_0,val_45,val_14,10/12/2023,38183.18423,20.76252411,397,813,9.7249449,895.4473821,2.058362842,1195.129522,467.4755428
val_1948,KIT-YB-001,val_8,val_12,val_10,10/12/2023,84480.11587,25.51335615,837,804,2.80587966,894.106043,3.369376443,9907.560791,84.34306817
val_1949,KIT-LK-001,val_11,val_8,val_46,10/12/2023,112573.775,26.95205283,908,577,3.220515179,575.6918138,2.136965287,2840.162537,246.9323209
val_1950,KIT-IK-001,val_5,val_0,val_7,10/12/2023,110450.2433,24.34431647,455,949,8.684912159,629.4903573,3.809038871,8045.824102,347.1644126
val_1951,KIT-SU-001,val_10,val_28,val_40,10/12/2023,108870.4268,0.320207025,170,388,1.874918948,532.8112653,1.468601829,9199.718045,933.8423666
val_1952,KIT-IK-001,val_12,val_38,val_10,10/13/2023,116949.0582,27.12964226,699,133,8.072940364,371.2357188,2.372074036,4692.990601,297.0379476
val_1953,KIT-YB-001,val_5,val_43,val_31,10/13/2023,11355.29768,21.24086959,863,656,2.200066496,738.159696,3.035837053,9513.571819,48.20113402
val_1954,KIT-YB-001,val_16,val_54,val_4,10/13/2023,76681.88617,34.58871211,406,610,5.180236409,111.2452837,3.341828263,4041.927757,311.0317911
val_1955,KIT-LK-001,val_9,val_39,val_18,10/13/2023,39635.88356,26.80763736,195,915,6.330188374,894.0141709,3.318311342,1949.102646,936.883254
val_1956,KIT-LK-001,val_19,val_45,val_29,10/13/2023,138229.9489,15.17120919,521,224,7.910898191,283.7194691,1.317583647,5626.273186,427.2368257
val_1957,KIT-YB-001,val_1,val_12,val_34,10/13/2023,117540.4437,23.73001858,981,158,2.030767047,218.8221514,1.135105259,8581.780808,818.5689146
val_1958,KIT-SU-001,val_6,val_20,val_41,10/13/2023,16577.95468,21.63456358,517,679,8.416522829,273.9942073,1.948766347,668.4848805,267.2620056
val_1959,KIT-YB-001,val_14,val_18,val_39,10/14/2023,36865.29629,11.94129304,448,311,8.655017894,811.7169346,1.150825315,9713.687501,135.7786797
val_1960,KIT-SU-001,val_17,val_3,val_24,10/14/2023,68555.4282,18.76681423,440,185,8.141495222,268.8945114,1.882413305,3216.563861,496.6559614
val_1961,KIT-SU-001,val_4,val_58,val_14,10/14/2023,144454.839,7.312458086,734,672,9.435801239,609.538584,1.237035121,8238.28557,701.7600207
val_1962,KIT-SU-001,val_19,val_14,val_12,10/14/2023,16896.14103,3.256489985,341,185,8.850026308,343.157768,3.10938372,1545.765674,845.2036744
val_1963,KIT-IK-001,val_3,val_26,val_47,10/14/2023,85411.8691,25.70925063,730,834,7.911808518,656.4037147,1.418196653,4795.572948,241.0392736
val_1964,KIT-YB-001,val_8,val_21,val_29,10/14/2023,51522.48322,13.56767856,987,311,6.214022377,591.6265414,2.66096981,5687.57202,986.6521912
val_1965,KIT-LK-001,val_6,val_2,val_43,10/14/2023,97127.88109,26.49882362,773,652,8.277621207,997.7665226,4.078247632,5727.638229,489.2407548
val_1966,KIT-IK-001,val_8,val_54,val_20,10/15/2023,97481.65569,17.1941282,929,577,9.77799583,310.9559901,4.089577093,3424.191352,502.287072
val_1967,KIT-LK-001,val_18,val_13,val_23,10/15/2023,36468.42726,28.38067024,790,591,6.735873239,349.8073737,3.24874354,6444.594955,858.5449037
val_1968,KIT-YB-001,val_14,val_6,val_39,10/15/2023,117978.5053,25.93838699,844,304,3.18344611,198.767551,1.123124211,3472.918502,407.3058507
val_1969,KIT-IK-001,val_15,val_20,val_34,10/15/2023,14143.73946,26.79175775,39,85,3.230612829,463.9081721,3.146788096,2165.093159,757.3805474
val_1970,KIT-LK-001,val_5,val_8,val_9,10/15/2023,122811.7612,15.14073578,353,640,8.163885185,837.3602118,2.010640248,1773.461846,567.6534379
val_1971,KIT-YB-001,val_18,val_59,val_25,10/15/2023,32189.04536,33.64903824,273,434,9.905049607,210.9980356,3.27362599,10757.58966,135.4055847
val_1972,KIT-LK-001,val_8,val_11,val_10,10/15/2023,88642.10512,14.30285944,864,977,2.892806511,961.4098277,4.633644606,1741.604908,32.93367689
val_1973,KIT-SU-001,val_13,val_18,val_36,10/16/2023,52422.80417,27.80140279,229,891,9.73076227,13.15728279,3.395473671,4863.268796,934.2034273
val_1974,KIT-LK-001,val_13,val_16,val_1,10/16/2023,91662.08408,17.23769043,968,74,3.414602374,805.1487301,4.762338952,3172.432868,866.49213
val_1975,KIT-SU-001,val_13,val_1,val_39,10/16/2023,40478.96832,8.380981093,699,362,4.715226364,691.6257418,1.834448783,7469.338568,983.5475601
val_1976,KIT-LK-001,val_12,val_0,val_44,10/16/2023,85560.06896,22.086205,124,416,9.173379497,905.253474,2.073291189,4279.948791,674.1867005
val_1977,KIT-YB-001,val_9,val_30,val_1,10/16/2023,1725.639902,16.52500783,684,381,9.656330206,521.8125115,1.594960412,3578.527681,645.727321
val_1978,KIT-SU-001,val_12,val_13,val_30,10/16/2023,56480.94141,9.389631208,342,724,6.102589687,680.9643664,1.313329587,11634.33219,208.5333316
val_1979,KIT-SU-001,val_18,val_5,val_3,10/16/2023,124045.2122,13.51210245,297,357,9.550814225,49.42406203,1.042003591,11961.60542,642.2998654
val_1980,KIT-YB-001,val_7,val_17,val_17,10/17/2023,69719.48468,5.765819351,995,153,8.581771707,394.3551948,4.711737047,1764.914816,488.405819
val_1981,KIT-SU-001,val_10,val_16,val_16,10/17/2023,75139.5343,34.54918043,794,363,8.797559793,770.6995567,2.806930782,8374.878546,377.3338446
val_1982,KIT-SU-001,val_3,val_25,val_24,10/17/2023,93425.73727,22.58279348,764,787,8.814235025,108.9816864,4.755427683,10700.08319,682.4530051
val_1983,KIT-YB-001,val_7,val_59,val_44,10/17/2023,65414.33503,6.239360678,311,405,4.476239279,782.397403,4.456007964,11655.89507,84.99442454
val_1984,KIT-IK-001,val_15,val_18,val_22,10/17/2023,130127.9708,26.8076741,663,285,1.275994622,308.2733188,3.975645827,3717.573924,503.8889608
val_1985,KIT-IK-001,val_12,val_42,val_19,10/17/2023,60797.03814,21.14537171,343,774,2.481870401,352.989108,4.671375348,9456.311979,758.1139563
val_1986,KIT-LK-001,val_4,val_46,val_4,10/18/2023,141411.5889,25.34478195,603,66,1.670215309,647.3748579,2.056039561,4067.274815,829.9808414
val_1987,KIT-IK-001,val_10,val_3,val_42,10/18/2023,131602.2345,20.54012579,399,455,3.181583759,78.16397252,4.425506613,7534.834113,490.015314
val_1988,KIT-YB-001,val_16,val_30,val_15,10/18/2023,63452.62351,2.304259235,610,103,1.497645125,624.6261011,3.719919427,6252.965411,352.5854888
val_1989,KIT-YB-001,val_2,val_26,val_22,10/18/2023,55187.23075,7.272742669,745,607,3.492466633,913.7239251,3.398165059,8548.415532,572.3703251
val_1990,KIT-SU-001,val_1,val_30,val_4,10/18/2023,101655.8888,26.95230274,315,900,6.300640673,93.76427778,3.474661456,10969.89475,128.2492273
val_1991,KIT-SU-001,val_7,val_10,val_13,10/18/2023,113418.3589,26.45139156,11,442,2.269538838,252.9972951,4.624631057,1530.75459,91.47888066
val_1992,KIT-YB-001,val_13,val_27,val_26,10/18/2023,28286.30581,26.43486153,96,982,3.841685316,13.68148881,4.71566828,2829.485106,819.137113
val_1993,KIT-LK-001,val_6,val_7,val_43,10/19/2023,36536.25788,0.729472166,907,874,3.017224077,517.9899971,1.707854053,7111.865186,126.5006443
val_1994,KIT-IK-001,val_16,val_56,val_15,10/19/2023,22364.75124,28.21924754,960,728,1.855919857,730.9601999,1.323060847,4415.139767,417.2683224
val_1995,KIT-IK-001,val_16,val_35,val_26,10/19/2023,114223.4358,15.48166118,692,178,7.084887295,926.3982098,2.090569691,6782.721027,411.7459946
val_1996,KIT-YB-001,val_10,val_2,val_42,10/19/2023,107303.0788,24.33941851,107,32,9.037237047,368.0296052,4.240724296,9436.886884,983.0633418
val_1997,KIT-LK-001,val_7,val_30,val_17,10/19/2023,28763.54524,9.668372804,587,123,7.44393637,148.7512472,1.388247412,8453.95564,705.179527
val_1998,KIT-YB-001,val_0,val_55,val_14,10/19/2023,80762.78053,26.97959656,432,348,7.157928427,29.08456569,3.647043253,9245.730422,766.541399
val_1999,KIT-SU-001,val_16,val_44,val_2,10/19/2023,114753.7842,34.38340555,237,408,9.847164219,325.0062153,2.59684973,2102.00407,669.9149562
val_2000,KIT-SU-001,val_17,val_16,val_43,10/20/2023,142080.7851,9.023148524,379,210,7.581475934,512.2278125,4.649307926,558.2896422,272.5157262
val_2001,KIT-LK-001,val_8,val_53,val_5,10/20/2023,27189.13679,27.49007789,786,975,1.42392351,900.7734029,4.280077884,10486.38322,361.1247617
val_2002,KIT-SU-001,val_10,val_11,val_10,10/20/2023,45997.30209,21.25227577,997,743,2.964218055,216.4515317,3.031177621,5527.957989,183.242315
val_2003,KIT-YB-001,val_15,val_14,val_6,10/20/2023,52576.79765,9.703734429,873,700,6.737159053,781.2991237,2.522667739,7700.963554,542.1369746
val_2004,KIT-SU-001,val_13,val_9,val_33,10/20/2023,93934.11519,10.44362513,204,651,6.751399045,480.9198482,4.338444437,1060.721341,77.91123884
val_2005,KIT-SU-001,val_2,val_55,val_17,10/20/2023,20894.61811,25.66099098,502,616,8.493385755,867.5350159,1.977385079,8551.12545,903.8658935
val_2006,KIT-YB-001,val_13,val_43,val_33,10/20/2023,29417.64585,10.09524006,528,882,2.429513318,863.0651497,3.173416983,1399.562615,196.4494131
val_2007,KIT-YB-001,val_18,val_31,val_29,10/21/2023,117175.3072,1.863216138,292,390,9.830951299,857.6945926,4.72665581,9490.626135,213.5000538
val_2008,KIT-YB-001,val_15,val_40,val_0,10/21/2023,81537.02305,30.61381843,435,140,5.646618789,401.345225,3.414795552,916.4728521,484.5779166
val_2009,KIT-SU-001,val_9,val_15,val_14,10/21/2023,24477.74161,20.69543403,380,295,9.283712026,346.2094541,4.720344717,1181.767167,319.7776375
val_2010,KIT-SU-001,val_10,val_4,val_0,10/21/2023,58570.69583,26.59488243,69,229,5.764087222,207.2886342,2.768037185,4250.943637,166.5429018
val_2011,KIT-SU-001,val_5,val_50,val_3,10/21/2023,20606.8822,21.1921861,416,957,2.682233235,228.4290252,3.517188108,2701.847226,985.6594495
val_2012,KIT-IK-001,val_13,val_57,val_22,10/21/2023,54722.15518,18.17271876,364,567,4.159169453,616.2292655,4.761583344,11816.4904,279.6464647
val_2013,KIT-YB-001,val_4,val_2,val_12,10/21/2023,60329.79463,26.99538687,306,427,2.990496877,961.9411784,3.949110097,5525.582848,739.5235167
val_2014,KIT-LK-001,val_6,val_3,val_4,10/22/2023,17260.50654,1.319040263,614,25,3.378029608,605.9588561,4.622387771,5732.334905,726.0807817
val_2015,KIT-LK-001,val_5,val_33,val_19,10/22/2023,9445.097215,11.05364976,712,711,9.013220575,412.3174827,4.32816709,748.4426294,244.577832
val_2016,KIT-YB-001,val_6,val_2,val_21,10/22/2023,132299.4826,22.03591165,46,647,4.39655134,242.4220061,1.311210254,5998.414222,277.6878441
val_2017,KIT-SU-001,val_7,val_43,val_47,10/22/2023,133203.3894,33.05031938,342,811,2.644038593,651.9694932,2.033870117,954.6297064,534.6820931
val_2018,KIT-YB-001,val_1,val_56,val_31,10/22/2023,885.5418443,13.89904516,30,131,4.280881017,210.9453886,3.965930731,7611.737067,861.0291061
val_2019,KIT-SU-001,val_14,val_16,val_18,10/22/2023,96360.01242,34.1401235,822,658,6.555318823,93.37606512,4.560161826,11782.38909,739.5347485
val_2020,KIT-SU-001,val_8,val_17,val_22,10/22/2023,14505.01163,26.4838088,928,362,2.807975081,93.5399895,4.209238161,4089.03429,303.0516837
val_2021,KIT-YB-001,val_18,val_51,val_4,10/23/2023,121616.176,17.07439643,464,232,1.458829456,850.4593713,2.252635507,9734.894255,43.1904103
val_2022,KIT-YB-001,val_3,val_21,val_18,10/23/2023,131994.5776,15.13471253,945,224,8.8490803,382.255617,3.484178405,11592.92172,607.4035967
val_2023,KIT-SU-001,val_13,val_14,val_27,10/23/2023,92683.96573,4.704599659,629,288,3.152982906,940.340101,3.645560807,11622.00042,475.7331778
val_2024,KIT-IK-001,val_3,val_5,val_1,10/23/2023,92166.74085,21.60875609,869,733,9.427265769,496.7417796,2.749252097,9001.892578,343.8916236
val_2025,KIT-SU-001,val_10,val_50,val_44,10/23/2023,56036.4856,2.02190763,948,23,1.424296421,691.5060838,3.350793165,10465.78714,646.2112161
val_2026,KIT-LK-001,val_9,val_55,val_24,10/23/2023,37795.61092,15.13178652,587,948,6.857543892,826.9517146,4.94398529,4347.181848,951.6858521
val_2027,KIT-SU-001,val_8,val_4,val_37,10/24/2023,75140.98896,8.472264943,446,970,6.987182755,874.489173,3.17874152,7089.492536,903.4919788
val_2028,KIT-LK-001,val_13,val_48,val_13,10/24/2023,20490.72491,33.47875617,742,968,2.404253707,162.5494756,1.777437545,8022.055658,665.669201
val_2029,KIT-YB-001,val_16,val_9,val_40,10/24/2023,100997.6218,12.84158565,170,835,6.987088467,216.6734174,3.016420293,2765.009391,959.2840022
val_2030,KIT-IK-001,val_6,val_8,val_17,10/24/2023,70777.99086,17.22602973,296,324,4.488738197,150.0916792,1.70300476,3898.259568,395.6232666
val_2031,KIT-LK-001,val_16,val_22,val_44,10/24/2023,27051.42515,13.26715993,550,404,4.435920771,445.5505905,3.752832418,4464.857295,101.0561408
val_2032,KIT-YB-001,val_3,val_26,val_25,10/24/2023,88452.98079,4.974901113,201,126,8.897315547,155.0345429,4.607608575,975.3241142,452.2679328
val_2033,KIT-LK-001,val_5,val_51,val_30,10/24/2023,119401.5116,12.4698552,497,893,9.571731003,650.865375,3.703468079,5587.280986,660.3911991
val_2034,KIT-SU-001,val_6,val_41,val_9,10/25/2023,88525.51952,27.3091596,856,771,2.531025392,362.8269333,4.510527907,9443.512401,801.4207319
val_2035,KIT-SU-001,val_19,val_8,val_47,10/25/2023,79684.38104,21.81760952,783,153,7.156890956,964.0715201,3.910760556,7867.422406,937.9920632
val_2036,KIT-IK-001,val_2,val_35,val_9,10/25/2023,127233.763,15.4220421,892,991,2.392391401,816.5871862,2.749827029,7576.590254,517.1518371
val_2037,KIT-IK-001,val_7,val_52,val_1,10/25/2023,2107.930058,28.75585931,861,42,1.315004599,724.2801116,3.152783563,7349.826183,373.0636484
val_2038,KIT-YB-001,val_8,val_39,val_21,10/25/2023,92703.77036,0.344376449,332,768,2.34577761,688.7126785,3.130239491,465.8389256,281.6656321
val_2039,KIT-LK-001,val_16,val_13,val_40,10/25/2023,61748.98139,28.96570785,713,135,6.711902669,39.60521817,2.56997538,238.8929352,606.849066
val_2040,KIT-IK-001,val_9,val_7,val_44,10/25/2023,29438.13922,2.271838275,372,750,7.537936392,83.68559532,1.371687213,2195.615734,692.7644448
val_2041,KIT-LK-001,val_19,val_27,val_41,10/26/2023,146946.8886,30.48546243,972,884,5.563329974,432.1109883,3.807262624,10976.90946,632.3996785
val_2042,KIT-SU-001,val_14,val_28,val_26,10/26/2023,60870.16746,33.17550723,176,951,9.564990847,914.7001312,1.188646669,10314.01572,195.1354626
val_2043,KIT-IK-001,val_14,val_21,val_44,10/26/2023,50621.79046,28.70709857,269,160,7.877555845,94.02818194,1.81619082,7006.159586,446.2038359
val_2044,KIT-SU-001,val_15,val_6,val_23,10/26/2023,25766.76174,0.881863216,942,164,2.454564013,420.1394731,2.815503635,4747.769853,74.27487946
val_2045,KIT-LK-001,val_3,val_7,val_22,10/26/2023,149666.0097,18.51203716,239,68,2.871438463,793.9149133,4.948340763,11570.68578,520.385238
val_2046,KIT-LK-001,val_8,val_31,val_8,10/26/2023,128479.6777,29.04211064,620,822,6.364737616,319.7928002,2.227459539,978.638173,214.1995328
val_2047,KIT-LK-001,val_11,val_56,val_37,10/26/2023,10960.87659,19.1665694,291,185,3.999705432,929.3823888,4.178819313,1346.017141,889.1743463
val_2048,KIT-IK-001,val_4,val_35,val_15,10/27/2023,85080.20448,12.72579737,284,391,1.008037738,934.6998323,2.677881835,7527.96245,808.2199269
val_2049,KIT-LK-001,val_2,val_26,val_9,10/27/2023,22536.48103,16.58020085,671,415,1.218648643,56.97398553,1.886222119,6660.709569,731.4537156
val_2050,KIT-SU-001,val_2,val_55,val_17,10/27/2023,107509.3215,3.008148099,795,351,4.672890858,616.4030372,1.106327548,11779.33304,112.4116861
val_2051,KIT-SU-001,val_15,val_41,val_28,10/27/2023,72870.47267,17.47171484,232,496,5.7125381,145.5721041,1.353790788,9669.984403,446.7984981
val_2052,KIT-LK-001,val_13,val_43,val_12,10/27/2023,17003.15015,1.169069611,983,349,6.879868712,441.0107246,2.666937917,11270.98431,180.2060758
val_2053,KIT-YB-001,val_5,val_34,val_17,10/27/2023,83777.31424,22.61521758,88,236,7.868258382,897.8044342,2.600738259,8716.056486,43.77511394
val_2054,KIT-IK-001,val_14,val_45,val_15,10/27/2023,136646.0098,13.78773841,100,388,9.718829858,73.36705712,3.505426448,11136.83143,402.4694618
val_2055,KIT-YB-001,val_13,val_30,val_28,10/28/2023,51508.60501,6.858735722,978,806,8.549787824,937.3605838,1.248875364,8304.283801,313.7320001
val_2056,KIT-IK-001,val_16,val_37,val_34,10/28/2023,8095.439407,0.804924958,55,118,4.203463326,994.4602218,2.135732356,6402.996202,918.2132715
val_2057,KIT-SU-001,val_18,val_36,val_32,10/28/2023,141808.4631,32.2897417,314,960,5.812244536,670.2456479,1.093696274,7044.404052,926.0705163
val_2058,KIT-SU-001,val_17,val_45,val_6,10/28/2023,21698.97861,19.55990214,121,410,2.943280121,356.271657,4.487648167,10834.26591,934.8258981
val_2059,KIT-SU-001,val_3,val_53,val_16,10/28/2023,71520.27413,22.71397782,222,291,9.718778181,251.0126609,2.590177008,1435.044522,14.33259729
val_2060,KIT-SU-001,val_15,val_17,val_31,10/28/2023,81929.23061,27.32164847,74,445,5.818986391,432.6076891,3.337143208,6871.502726,518.887318
val_2061,KIT-SU-001,val_7,val_41,val_10,10/28/2023,35944.57575,22.00534669,359,932,3.24703226,179.8266164,3.842229826,4828.705315,18.23875047
val_2062,KIT-SU-001,val_8,val_1,val_3,10/29/2023,27023.99579,14.57602037,295,809,7.516393862,20.05649743,2.071876876,8022.844381,604.4725991
val_2063,KIT-IK-001,val_12,val_31,val_15,10/29/2023,17414.26265,22.04006947,158,818,5.391012916,62.73862612,1.53979586,7324.713507,508.4194169
val_2064,KIT-LK-001,val_12,val_53,val_32,10/29/2023,10958.31471,8.987576974,719,220,9.970525638,663.565602,3.321084726,4915.486501,430.3793605
val_2065,KIT-IK-001,val_8,val_38,val_31,10/29/2023,76464.91888,19.73503686,35,886,1.672395281,20.75551535,4.6134317,8333.863118,52.61724227
val_2066,KIT-IK-001,val_19,val_16,val_6,10/29/2023,126382.1061,7.354438085,474,706,4.019249578,301.4617541,4.570318542,6524.656783,104.8697945
val_2067,KIT-LK-001,val_3,val_36,val_32,10/29/2023,19450.43632,32.12631362,305,59,9.476667051,676.3893884,2.232958569,2412.181446,313.0330231
val_2068,KIT-LK-001,val_1,val_21,val_9,10/29/2023,105242.5448,17.93295522,650,427,5.150799404,174.7778861,2.064640665,7729.103293,242.0082168
val_2069,KIT-YB-001,val_0,val_25,val_35,10/30/2023,62186.80518,8.337641773,338,834,3.806150682,332.2770165,2.414228564,514.8109854,178.8331834
val_2070,KIT-IK-001,val_16,val_13,val_27,10/30/2023,5766.023726,22.4592119,473,533,6.443849903,31.44160123,1.98098785,9911.239852,851.2852689
val_2071,KIT-YB-001,val_8,val_37,val_6,10/30/2023,80627.86035,3.343122201,811,586,6.980441949,112.4224971,4.85805415,10896.5346,28.48678301
val_2072,KIT-YB-001,val_8,val_11,val_16,10/30/2023,38175.23579,15.30386185,144,375,1.835267382,225.925228,1.138668362,1119.675381,217.8752695
val_2073,KIT-LK-001,val_12,val_26,val_39,10/30/2023,90985.48691,30.33556874,436,38,3.334486219,126.1768944,1.765303931,3230.006481,917.0337701
val_2074,KIT-YB-001,val_8,val_56,val_20,10/30/2023,52723.79012,26.9214759,562,886,3.780777776,472.0599427,1.11319536,1696.443432,871.707492
val_2075,KIT-LK-001,val_11,val_45,val_33,10/31/2023,100134.6216,24.6796955,737,754,3.212294791,126.9474758,4.415922378,9307.562938,355.2423226
val_2076,KIT-LK-001,val_1,val_24,val_35,10/31/2023,137816.2528,16.57699632,537,271,4.445898541,305.1820327,2.886028689,1038.402557,804.412978
val_2077,KIT-LK-001,val_3,val_58,val_1,10/31/2023,37059.41203,15.7513933,736,241,4.012376498,723.5683147,1.912208193,6585.099797,152.2339726
val_2078,KIT-IK-001,val_18,val_0,val_44,10/31/2023,141006.1501,0.59357504,796,518,7.58279483,653.8527395,2.581575776,4780.901237,640.4262757
val_2079,KIT-LK-001,val_9,val_57,val_16,10/31/2023,31044.17461,21.08132055,789,797,6.390410543,382.9990823,1.424336139,9060.242855,883.1845416
val_2080,KIT-YB-001,val_3,val_21,val_38,10/31/2023,11068.88489,20.27988993,616,86,4.862748773,931.0880573,1.430677984,7741.75055,471.9679279
val_2081,KIT-LK-001,val_7,val_49,val_22,10/31/2023,29308.79761,0.383709929,919,626,2.800036201,787.222549,4.787541392,6621.418079,166.880058
val_2082,KIT-YB-001,val_6,val_56,val_27,11/1/2023,122330.0466,4.969115162,22,847,4.785754916,607.1765577,3.784304667,6141.257054,578.8010712
val_2083,KIT-SU-001,val_5,val_36,val_17,11/1/2023,101794.6587,0.632778225,499,492,2.62435624,436.7787021,3.554768906,9345.251501,748.1733827
val_2084,KIT-YB-001,val_5,val_36,val_40,11/1/2023,145639.7059,9.010627319,802,52,9.569312729,60.03617909,2.891028019,5831.145268,865.6209133
val_2085,KIT-SU-001,val_14,val_44,val_5,11/1/2023,106619.1829,0.334088645,104,23,2.563962676,412.8527323,2.959276193,5153.719618,379.1329774
val_2086,KIT-IK-001,val_2,val_14,val_43,11/1/2023,62188.37412,14.72445019,819,162,8.728096306,545.2662504,4.088178653,498.7444166,284.0790124
val_2087,KIT-SU-001,val_6,val_10,val_9,11/1/2023,133918.4306,16.77848062,38,890,6.540226835,991.0175143,1.209564787,3368.979382,685.5755734
val_2088,KIT-LK-001,val_9,val_20,val_42,11/1/2023,143740.2135,15.41044179,787,458,8.297360543,951.6063069,3.669766526,4564.441326,249.8621755
val_2089,KIT-IK-001,val_10,val_28,val_1,11/2/2023,118852.4107,7.138744356,187,147,8.997052313,112.21158,3.202010622,7029.330219,242.7767583
val_2090,KIT-IK-001,val_17,val_44,val_0,11/2/2023,83717.61808,18.4198612,668,905,8.235864532,979.2661416,2.226799123,8143.799369,182.3653541
val_2091,KIT-LK-001,val_18,val_15,val_4,11/2/2023,123951.9843,28.53049283,830,830,6.303654065,754.6176299,1.862686395,11559.8145,367.4907053
val_2092,KIT-SU-001,val_5,val_33,val_26,11/2/2023,27267.18375,10.33429072,815,147,3.402944761,681.9356567,4.447021223,3464.987536,439.2505866
val_2093,KIT-SU-001,val_10,val_0,val_12,11/2/2023,135102.3284,11.07762511,574,688,6.940052774,903.5609664,4.726229634,6624.097897,724.8599342
val_2094,KIT-LK-001,val_0,val_1,val_28,11/2/2023,149934.0679,19.09033932,909,331,1.043591958,325.0554775,1.383286182,9121.260206,107.7440757
val_2095,KIT-IK-001,val_12,val_58,val_39,11/2/2023,99938.45489,8.334652858,140,69,4.397196676,399.3028235,1.679317441,3864.16333,425.9515835
val_2096,KIT-IK-001,val_3,val_51,val_1,11/3/2023,29785.41142,11.9549642,236,62,8.721673191,870.9469515,3.668437606,6672.625447,657.8384712
val_2097,KIT-SU-001,val_1,val_51,val_25,11/3/2023,22093.281,15.9448154,132,542,6.224825727,103.9913007,4.096053738,5138.812071,544.9515213
val_2098,KIT-YB-001,val_13,val_19,val_35,11/3/2023,143932.4536,13.6433236,720,844,3.345613268,709.1598472,2.965359045,4887.539655,787.9641372
val_2099,KIT-YB-001,val_3,val_30,val_20,11/3/2023,130767.2468,28.67448417,892,962,9.029627476,809.8221905,4.707569907,939.6431133,892.316763
val_2100,KIT-YB-001,val_9,val_40,val_44,11/3/2023,112427.4883,29.74497591,931,706,1.13742154,885.062953,4.49212678,485.9900972,212.7423367
val_2101,KIT-YB-001,val_2,val_15,val_31,11/3/2023,142393.3284,14.22017093,520,923,8.946325701,219.1727913,1.505016105,3685.338618,908.6455461
val_2102,KIT-IK-001,val_14,val_44,val_1,11/3/2023,75758.86105,15.78297194,132,235,7.835088148,679.2464912,1.569786048,10965.00354,885.3663652
val_2103,KIT-YB-001,val_15,val_41,val_25,11/4/2023,133218.0872,33.49991559,172,146,2.317386219,85.71796559,1.343584098,2474.712784,363.8428249
val_2104,KIT-IK-001,val_11,val_24,val_18,11/4/2023,24841.63694,17.70744541,626,110,1.566138892,860.9623316,4.501683923,943.4103277,813.3204291
val_2105,KIT-LK-001,val_16,val_26,val_6,11/4/2023,27830.05286,34.75751539,897,173,9.561118437,481.7993732,3.230521117,7518.482244,515.2290002
val_2106,KIT-LK-001,val_8,val_18,val_45,11/4/2023,77095.28533,26.74553649,988,754,1.603298647,624.1649839,4.765569774,11510.80029,810.8374542
val_2107,KIT-SU-001,val_3,val_48,val_10,11/4/2023,50210.1943,9.395281286,721,153,9.763854571,851.375407,3.916935639,874.577028,748.0175376
val_2108,KIT-YB-001,val_3,val_59,val_4,11/4/2023,65161.63057,8.172424753,881,432,4.785661348,506.0237395,3.928000803,8996.389163,962.4027758
val_2109,KIT-LK-001,val_4,val_59,val_10,11/4/2023,119830.4495,5.735444183,478,756,4.181538911,508.6585238,1.500599558,1480.297544,221.1035131
val_2110,KIT-YB-001,val_4,val_46,val_39,11/5/2023,8484.416906,28.25387127,196,927,6.85039613,464.6561223,1.438084114,1796.931518,736.0656558
val_2111,KIT-IK-001,val_6,val_20,val_28,11/5/2023,108266.1532,10.87879907,465,160,5.464420698,600.6931236,4.723827569,11245.78332,13.89569118
val_2112,KIT-IK-001,val_4,val_46,val_39,11/5/2023,13690.27563,23.71757936,99,186,4.510430179,717.3232448,2.930405039,8474.27663,921.744347
val_2113,KIT-YB-001,val_11,val_14,val_22,11/5/2023,127201.407,18.996738,673,64,6.761455638,805.1682352,4.975708774,6799.741388,198.9097215
val_2114,KIT-IK-001,val_2,val_53,val_5,11/5/2023,30684.02108,28.94470614,329,112,4.150598815,29.80348889,2.292138021,2142.881973,373.4321034
val_2115,KIT-YB-001,val_12,val_16,val_18,11/5/2023,110373.3686,26.32844669,338,390,1.309183292,348.0772695,3.48566541,6796.845121,843.0807823
val_2116,KIT-YB-001,val_6,val_24,val_9,11/5/2023,88985.97015,2.418462568,3,314,8.421754477,432.5275239,3.291232516,934.8058243,477.6529502
val_2117,KIT-LK-001,val_13,val_5,val_26,11/6/2023,58150.50501,11.97728081,1000,967,5.631754151,98.69339573,1.272311736,4854.279854,663.7799989
val_2118,KIT-LK-001,val_10,val_4,val_12,11/6/2023,40496.66944,18.29943518,427,444,7.180160511,751.6213229,3.075421891,8512.517018,361.4415109
val_2119,KIT-SU-001,val_18,val_23,val_46,11/6/2023,9090.167782,28.16663415,785,308,6.176564967,522.8757178,4.697529364,6906.251344,555.4073491
val_2120,KIT-LK-001,val_8,val_33,val_18,11/6/2023,53330.34093,25.04815832,520,469,6.527731112,1.882782347,2.815479841,8166.947385,845.455881
val_2121,KIT-LK-001,val_5,val_1,val_15,11/6/2023,30479.04911,19.31925748,641,724,2.970457597,631.3719433,2.89051661,1566.932399,892.5269573
val_2122,KIT-LK-001,val_11,val_50,val_47,11/6/2023,20818.91934,28.33146185,468,337,9.41194565,339.021997,3.803390168,9151.458298,456.2965195
val_2123,KIT-YB-001,val_13,val_6,val_24,11/7/2023,110905.4693,15.33551097,688,144,5.029504481,726.8543453,4.122835408,11484.13247,720.1482059
val_2124,KIT-SU-001,val_8,val_59,val_8,11/7/2023,32270.99116,2.136953173,200,421,9.280871033,179.6951386,4.31184309,10908.80321,467.2200811
val_2125,KIT-IK-001,val_11,val_16,val_23,11/7/2023,33862.12813,30.49464336,997,621,8.2622622,1.209496945,2.807868439,1237.629326,939.6477285
val_2126,KIT-LK-001,val_9,val_22,val_12,11/7/2023,51401.97704,18.52544865,428,316,7.480736594,86.82392017,2.776055415,1363.430417,727.5595833
val_2127,KIT-LK-001,val_6,val_9,val_34,11/7/2023,69666.64736,28.33242744,10,581,5.141060756,440.400076,2.893425037,6257.70931,431.281158
val_2128,KIT-SU-001,val_6,val_49,val_27,11/7/2023,77300.05527,13.84444378,953,324,1.203792801,748.0097449,4.875952228,6383.91965,498.1150323
val_2129,KIT-YB-001,val_18,val_43,val_35,11/7/2023,99849.66719,20.68161837,22,905,3.836909346,603.914035,4.716731323,10314.0906,183.1302636
val_2130,KIT-LK-001,val_13,val_4,val_45,11/8/2023,88484.04615,11.72203659,472,888,6.983718333,14.96660051,3.490995543,4552.757273,941.003582
val_2131,KIT-SU-001,val_1,val_6,val_34,11/8/2023,72511.74002,14.45320911,785,717,3.975880051,591.6082924,2.137317975,6270.830206,255.0553651
val_2132,KIT-SU-001,val_19,val_36,val_16,11/8/2023,59394.06209,5.329458115,370,838,1.892146323,482.1735227,4.601663662,2603.632353,181.3525696
val_2133,KIT-LK-001,val_14,val_51,val_9,11/8/2023,40235.03868,26.00780413,209,120,5.659829245,796.5450225,1.683718498,11369.81231,452.11702
val_2134,KIT-IK-001,val_1,val_6,val_25,11/8/2023,106636.4207,9.953893849,240,653,2.390315918,256.6660944,1.42700221,1626.894096,726.1616704
val_2135,KIT-SU-001,val_14,val_13,val_21,11/8/2023,47966.4474,10.70024383,685,405,3.755984607,718.9313053,2.658261149,10868.06341,682.7062434
val_2136,KIT-YB-001,val_11,val_32,val_15,11/8/2023,127512.4183,12.5257759,574,778,5.517217249,631.7767535,3.741214177,10710.07226,254.5754683
val_2137,KIT-SU-001,val_18,val_6,val_38,11/9/2023,88131.28716,15.23798885,503,0,2.046518461,622.9911253,1.210358248,795.669258,264.9503491
val_2138,KIT-LK-001,val_9,val_18,val_43,11/9/2023,95274.66964,20.25050414,514,187,2.012756845,405.5554395,2.251557731,9349.925812,235.6367465
val_2139,KIT-SU-001,val_10,val_0,val_18,11/9/2023,76564.13952,23.96167078,318,241,2.890799391,12.84830912,4.136590689,4182.779765,603.2278839
val_2140,KIT-IK-001,val_6,val_29,val_32,11/9/2023,139319.1317,23.7139949,936,557,6.326251094,187.6422918,3.636877478,2851.523119,957.1018554
val_2141,KIT-SU-001,val_6,val_42,val_47,11/9/2023,63528.53751,14.94409587,231,972,9.398780991,844.2495197,1.337868266,4948.778843,889.4117763
val_2142,KIT-LK-001,val_12,val_24,val_0,11/9/2023,64331.78379,16.96979523,838,897,3.15132989,616.8442109,1.807246119,11102.40518,504.5070126
val_2143,KIT-LK-001,val_16,val_15,val_17,11/9/2023,134005.6671,5.083154025,777,456,7.478413406,578.1407668,3.900681692,4907.075065,377.8355621
val_2144,KIT-IK-001,val_17,val_25,val_35,11/10/2023,90933.58468,18.34841168,6,1,2.70440654,525.6910992,1.466578963,3063.916069,395.7326889
val_2145,KIT-LK-001,val_15,val_30,val_23,11/10/2023,67647.733,30.72157324,171,868,6.719634853,76.93152126,1.038817622,6390.205855,806.2155066
val_2146,KIT-IK-001,val_12,val_9,val_38,11/10/2023,39691.59162,16.22365587,552,573,2.239474419,347.6693083,4.970723803,5033.541346,650.5955981
val_2147,KIT-SU-001,val_10,val_6,val_22,11/10/2023,37134.14454,32.84287304,158,23,8.608429751,619.1498172,3.455735285,424.3477812,41.26449548
val_2148,KIT-IK-001,val_6,val_10,val_3,11/10/2023,120314.4299,5.62126719,853,645,7.682580872,125.5500914,2.715812642,2398.293903,75.64507613
val_2149,KIT-LK-001,val_15,val_59,val_20,11/10/2023,42280.1786,25.84444918,442,880,7.126538002,920.9941051,3.388312298,403.328972,481.3547789
val_2150,KIT-LK-001,val_6,val_43,val_19,11/10/2023,1357.7847,24.83801408,837,871,1.131955986,72.64803378,3.680734024,6361.891781,532.3223731
val_2151,KIT-YB-001,val_5,val_7,val_40,11/11/2023,3409.365575,23.91720758,119,890,8.527688665,679.7860385,2.982005717,7767.658514,960.6081373
val_2152,KIT-IK-001,val_17,val_18,val_7,11/11/2023,146771.1904,23.26743054,24,976,2.357654635,301.2419849,3.632272161,8676.313712,141.0728061
val_2153,KIT-YB-001,val_11,val_24,val_7,11/11/2023,84195.77153,0.97632792,642,654,5.801401138,863.6746148,3.834279738,2653.250035,807.6861977
val_2154,KIT-IK-001,val_7,val_10,val_6,11/11/2023,73609.18246,26.02585437,802,613,7.989954743,826.8370125,1.717826966,9699.166344,895.4950436
val_2155,KIT-IK-001,val_17,val_51,val_27,11/11/2023,137722.4723,17.58901276,992,116,6.685034652,333.2113341,2.694836969,5050.228711,377.6264708
val_2156,KIT-SU-001,val_19,val_56,val_47,11/11/2023,53077.26615,18.4416794,788,632,8.371222603,462.1132832,2.21843731,780.337215,161.8006254
val_2157,KIT-LK-001,val_6,val_14,val_29,11/11/2023,119352.1352,1.970367879,748,876,7.379669227,959.1113982,4.189395341,11146.83319,246.3131574
val_2158,KIT-LK-001,val_10,val_0,val_39,11/12/2023,108410.567,6.755663265,58,813,7.804685129,607.9016964,4.079625835,8382.638069,662.7835408
val_2159,KIT-YB-001,val_9,val_16,val_40,11/12/2023,71825.92411,31.90304038,603,900,3.688919343,6.002330237,4.242422771,6838.144614,69.79019629
val_2160,KIT-YB-001,val_14,val_34,val_28,11/12/2023,116307.4687,11.18038612,714,170,4.411952315,777.2411411,2.749917111,674.5181746,885.5987218
val_2161,KIT-YB-001,val_19,val_48,val_29,11/12/2023,144883.8689,13.90703168,395,201,5.513076376,361.3139767,3.301320293,364.912273,756.6114108
val_2162,KIT-LK-001,val_10,val_20,val_11,11/12/2023,30490.80268,6.784282468,1000,859,6.275446708,275.8407357,3.822436388,6865.051834,794.4496366
val_2163,KIT-IK-001,val_15,val_16,val_46,11/12/2023,3117.657468,22.20023922,988,941,7.225039119,832.1409053,2.288448174,10569.68682,740.323364
val_2164,KIT-IK-001,val_11,val_14,val_37,11/13/2023,123307.4337,25.97639048,856,526,6.000172591,967.5271669,4.910744349,7840.035544,128.6999032
val_2165,KIT-LK-001,val_17,val_0,val_41,11/13/2023,60836.26739,32.25991208,880,881,7.394115103,62.04007496,2.514495218,265.3886985,730.8920971
val_2166,KIT-LK-001,val_8,val_0,val_47,11/13/2023,81888.17278,19.75981376,568,682,2.356752678,390.3562248,3.148061118,7728.630871,599.1899866
val_2167,KIT-YB-001,val_7,val_25,val_16,11/13/2023,33758.11695,9.791947692,821,205,4.551819528,279.7151277,4.307172537,4313.581008,50.96561311
val_2168,KIT-YB-001,val_8,val_37,val_6,11/13/2023,126347.4199,2.669523357,71,507,9.219748999,897.7539313,3.988348874,1639.96537,284.6374845
val_2169,KIT-SU-001,val_19,val_0,val_41,11/13/2023,108320.3342,9.460608443,230,394,2.952613776,867.6949635,3.006308191,9776.363759,423.1002935
val_2170,KIT-SU-001,val_12,val_12,val_22,11/13/2023,143028.3109,21.71908607,664,790,2.292947815,901.117135,2.633306732,7002.125007,542.9079461
val_2171,KIT-IK-001,val_3,val_54,val_46,11/14/2023,71550.1548,34.09880419,123,337,7.703270544,42.65962627,3.548301889,8745.906026,180.5276293
val_2172,KIT-YB-001,val_0,val_59,val_33,11/14/2023,146496.4694,2.956084058,813,175,2.749862306,50.10974591,2.742850693,2147.77682,527.2258795
val_2173,KIT-SU-001,val_10,val_38,val_12,11/14/2023,76872.88125,13.71515205,178,498,5.118485718,551.4003847,3.368033571,1570.293442,957.5996881
val_2174,KIT-YB-001,val_16,val_31,val_17,11/14/2023,93402.60258,23.41980269,349,495,7.406485298,166.9014948,4.199920003,6271.217597,354.6237513
val_2175,KIT-YB-001,val_9,val_34,val_29,11/14/2023,101282.0523,20.19506886,258,889,5.363650769,112.6585772,1.487127643,6428.855468,151.4765112
val_2176,KIT-YB-001,val_11,val_22,val_18,11/14/2023,73720.83263,22.87890259,541,8,9.113598774,260.3583549,3.7893961,7068.233135,468.7187472
val_2177,KIT-YB-001,val_15,val_12,val_13,11/14/2023,84635.63855,16.31965481,81,875,8.903336066,709.4006048,1.215334102,8981.959281,450.5811067
val_2178,KIT-IK-001,val_10,val_22,val_10,11/15/2023,33884.40617,9.492877349,813,211,5.526555088,671.6540746,3.936041193,8030.451007,917.1931702
val_2179,KIT-SU-001,val_18,val_41,val_31,11/15/2023,54673.27719,16.99977879,889,175,9.647644281,785.1921239,1.836617704,8179.822357,462.3564331
val_2180,KIT-SU-001,val_12,val_39,val_1,11/15/2023,105447.9901,13.47745732,747,418,3.625964822,62.75277996,2.973499588,2264.97794,243.3265992
val_2181,KIT-SU-001,val_14,val_40,val_4,11/15/2023,6328.849523,24.88355409,185,551,3.105027468,766.41327,2.067969057,5133.673742,224.4820368
val_2182,KIT-IK-001,val_15,val_36,val_2,11/15/2023,105211.7614,6.172543818,290,930,7.032204239,490.6175217,2.287635104,7279.73531,34.55138664
val_2183,KIT-LK-001,val_12,val_3,val_35,11/15/2023,45914.45886,17.46594807,226,534,6.155038712,312.9952135,3.514896652,6320.000781,741.3902511
val_2184,KIT-IK-001,val_1,val_37,val_1,11/15/2023,41139.45754,33.57537705,602,145,3.25996217,610.284615,2.724696667,3789.969541,267.8159931
val_2185,KIT-IK-001,val_8,val_52,val_20,11/16/2023,104176.5254,18.70642973,889,450,4.34018313,799.5301384,2.950279279,11342.38376,787.9487863
val_2186,KIT-IK-001,val_2,val_38,val_5,11/16/2023,32634.30183,8.454889723,880,921,3.097243057,103.8749726,4.9957637,1854.270021,550.3231455
val_2187,KIT-IK-001,val_10,val_34,val_28,11/16/2023,144271.6737,32.76759029,959,715,3.132794312,807.2924273,1.48645387,11700.67138,711.6465347
val_2188,KIT-YB-001,val_2,val_13,val_1,11/16/2023,148606.5155,8.696677063,690,217,4.308138264,569.4398836,2.537080577,9428.332054,203.1809287
val_2189,KIT-LK-001,val_10,val_47,val_1,11/16/2023,68986.01097,26.3410688,222,646,9.317977165,620.0540282,3.120838799,7234.902081,154.9991829
val_2190,KIT-YB-001,val_6,val_27,val_19,11/16/2023,60512.04121,4.011687851,398,734,8.514080809,878.9521619,4.25482514,1704.166285,418.1523959
val_2191,KIT-SU-001,val_0,val_15,val_33,11/16/2023,12316.09973,29.85271842,294,275,5.611763666,709.9875915,2.129569595,6854.109327,356.7829821
val_2192,KIT-IK-001,val_2,val_29,val_5,11/17/2023,116843.6932,6.483995649,63,528,5.299925625,583.5241642,2.575387764,1237.684785,506.1462796
val_2193,KIT-SU-001,val_10,val_7,val_23,11/17/2023,24827.23748,13.91744549,800,348,1.283306695,336.0226503,4.285047094,11196.74609,748.2972023
val_2194,KIT-YB-001,val_1,val_55,val_38,11/17/2023,139990.6551,33.80358764,578,181,5.160665487,510.3101615,3.121484105,3570.144495,908.8492226
val_2195,KIT-LK-001,val_17,val_42,val_30,11/17/2023,148593.6145,20.36293652,971,889,6.613991643,836.5665886,4.42426292,4914.284348,594.3101607
val_2196,KIT-YB-001,val_15,val_19,val_36,11/17/2023,18800.26212,9.38705857,842,320,8.007311864,995.6072249,1.25739176,7713.933612,225.8613666
val_2197,KIT-YB-001,val_14,val_47,val_15,11/17/2023,102609.3794,0.22182548,650,326,4.203817228,756.1521154,2.148318676,421.1956748,295.4128018
val_2198,KIT-LK-001,val_3,val_3,val_45,11/17/2023,70165.80274,0.436264974,43,101,9.274498876,790.162565,3.231013041,6594.88136,905.6527215
val_2199,KIT-IK-001,val_15,val_23,val_6,11/18/2023,81401.3052,9.755651265,443,444,8.561735052,699.418051,1.487944618,8635.092671,209.6372247
val_2200,KIT-YB-001,val_12,val_39,val_29,11/18/2023,27346.41461,18.5345468,475,644,1.74010098,766.9504897,2.927148529,2645.722547,94.92629446
val_2201,KIT-LK-001,val_7,val_1,val_20,11/18/2023,108666.3745,17.07421615,675,973,9.126532491,243.1796527,1.070543823,2017.324255,921.1607434
val_2202,KIT-LK-001,val_0,val_42,val_1,11/18/2023,25408.60178,32.28148077,567,776,3.005463499,423.8329731,3.018647759,5954.276873,26.66478236
val_2203,KIT-YB-001,val_10,val_49,val_45,11/18/2023,132852.3467,26.7904752,781,858,9.309862254,555.9959843,4.681262458,6531.388503,748.90719
val_2204,KIT-SU-001,val_15,val_35,val_33,11/18/2023,68369.20484,32.38080013,22,988,6.676118359,549.4641303,4.793272427,5380.851147,145.6059589
val_2205,KIT-SU-001,val_0,val_12,val_10,11/18/2023,95412.78086,18.00988095,112,699,4.70728221,597.2677922,2.276449582,3688.163834,666.3716878
val_2206,KIT-YB-001,val_1,val_44,val_2,11/19/2023,138307.7705,15.74399114,953,858,4.928060111,973.5347929,1.013825457,5036.012516,186.4374088
val_2207,KIT-YB-001,val_7,val_20,val_32,11/19/2023,110821.956,19.89987274,435,304,6.065097805,855.2705359,4.648595197,3885.057745,897.1493336
val_2208,KIT-YB-001,val_10,val_44,val_26,11/19/2023,81356.75858,13.15068385,823,715,8.594855795,827.8331918,3.268759633,3146.004773,49.86684069
val_2209,KIT-YB-001,val_9,val_37,val_2,11/19/2023,60700.30835,7.536239899,858,629,8.532302653,830.3701441,3.322486829,5770.951919,304.4951998
val_2210,KIT-SU-001,val_8,val_5,val_47,11/19/2023,69589.20074,29.31578743,120,451,4.734127512,793.333202,4.260272157,4868.603194,783.0358531
val_2211,KIT-SU-001,val_5,val_5,val_34,11/19/2023,51580.12241,23.88249911,706,642,8.641245154,679.2035097,2.573407374,5337.618176,567.3166694
val_2212,KIT-YB-001,val_1,val_0,val_22,11/20/2023,141954.4819,11.53290161,174,721,5.247586948,256.5425172,2.680467542,202.7259209,421.8742828
val_2213,KIT-SU-001,val_0,val_4,val_11,11/20/2023,38302.2477,15.73058711,153,411,4.757958349,855.7665879,4.405947868,8373.900925,435.5376128
val_2214,KIT-YB-001,val_1,val_17,val_13,11/20/2023,61697.26925,8.04558465,244,843,3.189280871,279.7308324,2.966155014,753.1183707,502.317582
val_2215,KIT-LK-001,val_13,val_1,val_21,11/20/2023,116844.4767,19.78679917,755,36,8.451370153,724.8885772,3.943232948,2639.080676,994.8742079
val_2216,KIT-YB-001,val_15,val_56,val_2,11/20/2023,54969.08006,12.67086338,93,324,6.58057184,110.9837126,4.620139484,9680.730962,673.6498643
val_2217,KIT-LK-001,val_8,val_54,val_17,11/20/2023,133048.329,30.67002105,668,366,4.88006026,547.2784926,2.574367695,11812.98842,487.0602007
val_2218,KIT-IK-001,val_1,val_10,val_10,11/20/2023,36839.3597,18.58703033,381,831,6.961389881,318.8005858,4.555730555,11899.43701,321.8498537
val_2219,KIT-LK-001,val_8,val_18,val_5,11/21/2023,5186.053836,14.52822619,264,508,8.7491079,704.4572456,2.30959521,7188.318207,503.8033713
val_2220,KIT-IK-001,val_19,val_44,val_6,11/21/2023,94498.29128,26.28676778,240,933,2.780414521,855.2867858,4.718307967,3261.09068,922.6158958
val_2221,KIT-SU-001,val_4,val_39,val_16,11/21/2023,76483.89193,31.69752491,344,951,4.531978621,15.52716564,2.221480872,10051.03909,218.9721377
val_2222,KIT-IK-001,val_9,val_34,val_18,11/21/2023,139992.1829,28.6461846,349,459,4.422703533,114.3219165,1.936900248,7873.846663,345.4792857
val_2223,KIT-SU-001,val_10,val_59,val_16,11/21/2023,63758.28272,17.42311491,314,728,1.684196739,925.516824,3.88328565,11837.092,64.99592058
val_2224,KIT-YB-001,val_6,val_37,val_33,11/21/2023,20770.74356,12.60422813,518,246,4.006614291,239.2709962,4.687994173,6679.402926,629.2307464
val_2225,KIT-SU-001,val_8,val_40,val_25,11/21/2023,49796.95782,23.24210114,994,108,7.856137038,730.7894137,4.072591367,6408.821927,767.0170263
val_2226,KIT-SU-001,val_9,val_30,val_9,11/22/2023,59285.16559,28.62700791,451,491,3.280061261,812.5467055,3.960487536,716.7821299,632.026029
val_2227,KIT-YB-001,val_9,val_31,val_46,11/22/2023,87678.20617,34.25665729,183,301,8.298235344,740.5503309,4.892101554,2493.947348,811.8356895
val_2228,KIT-YB-001,val_14,val_17,val_35,11/22/2023,41537.82342,16.11234301,612,731,9.59728208,32.10732736,3.229772187,8069.67575,770.7485393
val_2229,KIT-LK-001,val_11,val_31,val_22,11/22/2023,82771.84137,23.454757,830,522,3.015734122,735.4236407,4.55047697,11926.51655,972.4659038
val_2230,KIT-IK-001,val_1,val_55,val_2,11/22/2023,136252.8569,10.39999321,600,135,4.686996651,961.57124,1.148378281,5812.385003,452.4400792
val_2231,KIT-SU-001,val_0,val_22,val_43,11/22/2023,63847.68729,3.243722717,531,451,2.182006344,368.7931708,1.528626902,543.3179791,84.07032076
val_2232,KIT-LK-001,val_8,val_7,val_35,11/22/2023,97909.63934,9.006408928,669,402,7.229296739,710.2551175,2.085966758,4914.515839,535.3966339
val_2233,KIT-YB-001,val_18,val_35,val_22,11/23/2023,34720.33878,0.70425667,881,5,5.339799823,276.4697042,4.784499744,1690.483926,771.0120741
val_2234,KIT-SU-001,val_0,val_47,val_7,11/23/2023,120298.3932,17.92808044,76,545,6.29840148,997.4553601,1.787718349,11524.69022,406.9525317
val_2235,KIT-LK-001,val_1,val_57,val_5,11/23/2023,40815.75924,13.18583272,982,936,8.008240059,208.34004,2.532331115,1867.482576,449.2324016
val_2236,KIT-IK-001,val_13,val_32,val_13,11/23/2023,87180.51763,23.80396338,894,897,7.985611981,305.5659797,1.142113479,1590.768051,737.3578269
val_2237,KIT-SU-001,val_9,val_47,val_11,11/23/2023,45386.99673,21.61292839,962,904,5.643780742,167.905588,1.312754784,5601.60507,16.84038059
val_2238,KIT-SU-001,val_4,val_15,val_10,11/23/2023,10576.65133,6.041751919,498,894,8.940887342,955.1772745,3.330592823,6594.576837,657.2813361
val_2239,KIT-YB-001,val_4,val_25,val_19,11/23/2023,48289.57971,23.64899149,855,924,9.387381501,571.4263772,1.390951419,8664.13298,707.2098857
val_2240,KIT-YB-001,val_13,val_25,val_2,11/24/2023,32198.58378,6.721527818,81,97,6.676419768,246.9849601,4.596814065,4542.183421,970.66988
val_2241,KIT-YB-001,val_10,val_19,val_15,11/24/2023,133954.7284,0.40716942,413,428,1.345657617,134.5056658,4.543202697,10784.45081,729.9484044
val_2242,KIT-LK-001,val_12,val_42,val_41,11/24/2023,40291.23614,33.96270467,880,545,7.983691373,874.8068153,3.488858861,7263.509559,130.8872891
val_2243,KIT-IK-001,val_5,val_53,val_41,11/24/2023,146176.2657,1.139079637,271,834,9.027254892,62.65958549,2.58514816,757.8324345,498.3030083
val_2244,KIT-SU-001,val_10,val_19,val_0,11/24/2023,74105.69885,12.09286787,764,373,6.009747723,643.2630159,4.551287509,603.1610903,405.945474
val_2245,KIT-LK-001,val_17,val_8,val_32,11/24/2023,33549.2125,22.38539119,319,709,7.303220784,610.1287139,2.951269406,5731.51556,400.9315227
val_2246,KIT-YB-001,val_6,val_49,val_47,11/24/2023,59005.94791,13.08903389,589,781,4.20439816,771.7949575,1.762458581,5385.248462,785.0905238
val_2247,KIT-YB-001,val_7,val_50,val_27,11/25/2023,27922.95207,13.46607859,653,512,5.518939662,681.8462227,2.382634721,5537.998275,581.1039918
val_2248,KIT-SU-001,val_3,val_56,val_18,11/25/2023,125135.6464,25.35091841,878,241,8.182957453,836.47517,2.452572963,874.8451059,730.8744626
val_2249,KIT-LK-001,val_12,val_15,val_23,11/25/2023,18435.40576,21.15495692,342,77,8.883650466,38.03141894,3.319236128,828.6157936,745.7968585
val_2250,KIT-IK-001,val_0,val_43,val_10,11/25/2023,131092.3988,18.23953513,788,445,2.036946397,430.2913372,2.60482545,917.0556411,688.3374301
val_2251,KIT-LK-001,val_4,val_42,val_19,11/25/2023,7364.598744,31.04382234,435,168,1.154673329,80.96609839,4.273118115,8860.357037,757.7704095
val_2252,KIT-YB-001,val_14,val_47,val_44,11/25/2023,45291.38576,3.962354882,393,644,4.36232694,405.2173173,3.506044539,7297.196418,218.560531
val_2253,KIT-LK-001,val_0,val_48,val_29,11/26/2023,21413.06468,16.54791047,79,238,4.518258545,560.8257492,2.008497807,1810.278006,98.71216055
val_2254,KIT-YB-001,val_19,val_57,val_20,11/26/2023,102947.1991,8.51952264,76,877,7.959973379,593.7748664,2.608323601,5285.691941,161.2586246
val_2255,KIT-YB-001,val_8,val_28,val_5,11/26/2023,77092.09878,1.480913116,771,896,1.077375053,924.7682894,3.892987989,11326.67227,808.751317
val_2256,KIT-IK-001,val_7,val_4,val_43,11/26/2023,140931.2661,34.27037284,104,837,7.876029253,921.7221151,1.968984994,1015.843888,956.0632494
val_2257,KIT-YB-001,val_10,val_11,val_7,11/26/2023,55244.02378,25.74413359,111,666,5.826937994,309.786597,1.36653536,2431.989747,936.8278494
val_2258,KIT-LK-001,val_12,val_53,val_34,11/26/2023,6591.989478,7.723255956,185,115,7.2804285,699.0687224,3.844580898,4797.451992,12.83639266
val_2259,KIT-LK-001,val_9,val_50,val_14,11/26/2023,114368.0299,14.20471208,337,984,5.583327332,712.7073825,2.626630433,2983.685899,995.071501
val_2260,KIT-IK-001,val_17,val_0,val_13,11/27/2023,87135.34713,8.065643683,162,65,8.116524125,957.1519883,1.497114681,2070.67678,886.52999
val_2261,KIT-SU-001,val_19,val_22,val_8,11/27/2023,124201.5781,24.03296395,591,566,4.9336245,83.93421459,2.917877748,11685.3455,198.8494574
val_2262,KIT-YB-001,val_4,val_14,val_18,11/27/2023,64207.71653,12.39555809,822,805,4.112567736,617.1515596,3.241255595,9243.930199,557.4017638
val_2263,KIT-IK-001,val_14,val_19,val_32,11/27/2023,110858.0836,32.21121785,531,84,6.728671466,407.2635691,1.103029368,8804.252308,984.611287
val_2264,KIT-IK-001,val_6,val_38,val_19,11/27/2023,26074.32307,7.422921626,665,497,5.000004633,347.3282316,4.16448047,11201.21021,470.9932689
val_2265,KIT-LK-001,val_19,val_30,val_1,11/27/2023,149929.2199,12.37395121,894,478,3.730837933,617.4941142,2.966044097,2407.121878,953.4418813
val_2266,KIT-IK-001,val_5,val_28,val_12,11/27/2023,26460.22274,32.62714411,895,197,9.22191762,279.5369871,1.102197729,10698.79129,543.8119365
val_2267,KIT-YB-001,val_5,val_26,val_7,11/28/2023,124555.1938,30.98689024,659,111,7.509462451,35.86657469,4.447145023,11795.55728,344.363231
val_2268,KIT-YB-001,val_14,val_38,val_19,11/28/2023,32259.50626,10.40232108,68,910,2.771896965,777.7926568,3.34102693,7118.539362,160.5292584
val_2269,KIT-LK-001,val_15,val_40,val_43,11/28/2023,117484.9437,17.01078998,789,902,7.66095373,86.79758845,4.853009699,10858.18823,104.0757385
val_2270,KIT-YB-001,val_2,val_2,val_46,11/28/2023,129257.2363,30.95293342,758,93,3.271571334,328.1982587,2.12487296,9830.235829,706.6856817
val_2271,KIT-LK-001,val_11,val_8,val_47,11/28/2023,131557.8155,23.53808271,303,278,4.881459821,594.9259029,2.650436963,3951.04317,327.5777816
val_2272,KIT-YB-001,val_6,val_20,val_5,11/28/2023,71619.90781,22.37733291,162,392,2.956798353,623.7359317,3.651751483,4121.655084,407.7324935
val_2273,KIT-IK-001,val_12,val_26,val_23,11/28/2023,64607.53948,23.18743824,132,197,2.019680608,666.2650747,4.655926125,8174.618125,937.2085962
val_2274,KIT-LK-001,val_11,val_59,val_2,11/29/2023,125151.774,32.25014347,276,66,4.591572902,994.5035367,4.1646626,6715.209286,199.8467004
val_2275,KIT-SU-001,val_19,val_53,val_23,11/29/2023,87133.63883,18.19764966,744,512,5.995732557,401.387118,3.572076829,4742.309117,373.2749806
val_2276,KIT-YB-001,val_18,val_38,val_27,11/29/2023,93380.88631,6.525939148,946,442,3.719095276,137.494431,4.182069499,755.2236686,909.5651382
val_2277,KIT-LK-001,val_13,val_2,val_37,11/29/2023,35792.03462,16.65078663,153,807,1.675026991,137.9490731,1.379368597,470.7916067,940.5950656
val_2278,KIT-YB-001,val_13,val_6,val_16,11/29/2023,67200.47362,25.5653129,415,296,3.246735798,510.2486341,3.896716956,1356.257406,802.7514367
val_2279,KIT-IK-001,val_17,val_27,val_1,11/29/2023,55732.60877,17.32627413,835,510,3.210916455,383.7394573,3.314512504,4968.884604,383.1452447
val_2280,KIT-LK-001,val_3,val_35,val_21,11/29/2023,99965.57308,11.10154281,85,314,6.316769884,913.1636854,2.097010471,523.4368289,125.4583714
val_2281,KIT-IK-001,val_14,val_39,val_20,11/30/2023,29874.25036,23.38828094,943,38,3.53933811,510.9318029,1.954196676,1948.426621,789.4096581
val_2282,KIT-YB-001,val_15,val_8,val_29,11/30/2023,61159.91304,15.8679954,18,728,5.803982847,451.9540613,2.153080167,11623.2668,839.0380413
val_2283,KIT-LK-001,val_2,val_53,val_4,11/30/2023,127385.4428,33.70614509,283,743,5.23305668,862.3569733,1.491490947,5516.82595,714.8442372
val_2284,KIT-YB-001,val_17,val_29,val_29,11/30/2023,82193.62872,12.45449117,32,664,3.397220128,796.108343,2.093019593,11212.3631,337.3913493
val_2285,KIT-IK-001,val_13,val_35,val_19,11/30/2023,134458.5746,25.16854494,761,34,7.670954579,713.8789226,1.285011713,2441.524381,652.4260155
val_2286,KIT-IK-001,val_6,val_2,val_35,11/30/2023,35262.85287,19.51650525,427,697,7.008320986,527.3545264,3.690955694,4430.632261,702.271935
val_2287,KIT-SU-001,val_9,val_49,val_47,11/30/2023,66265.54882,2.899254114,437,604,7.122456668,234.6721291,3.049180073,8120.280929,887.4304845
val_2288,KIT-SU-001,val_9,val_32,val_10,12/1/2023,75312.22537,16.54757553,547,441,4.902230679,567.4745716,1.510724034,11880.48903,139.1539734
val_2289,KIT-YB-001,val_18,val_13,val_36,12/1/2023,60384.82739,1.214898227,299,617,3.849367111,115.7651706,3.78878165,8458.127946,263.8249585
val_2290,KIT-LK-001,val_19,val_19,val_6,12/1/2023,102831.7876,27.68614327,757,110,6.316668916,536.8124166,1.71204665,10846.0404,403.6985567
val_2291,KIT-YB-001,val_16,val_21,val_47,12/1/2023,22733.61183,25.76164697,431,208,9.63181303,851.4411522,2.979542937,779.6152293,811.6502818
val_2292,KIT-SU-001,val_13,val_1,val_23,12/1/2023,78150.35833,1.95781196,796,129,4.905641643,515.0129114,4.680423324,3785.120815,893.7012495
val_2293,KIT-IK-001,val_2,val_56,val_35,12/1/2023,21246.4664,17.58937603,647,447,6.987550338,68.47628372,4.04367637,10616.96017,278.4137968
val_2294,KIT-IK-001,val_18,val_48,val_37,12/1/2023,94565.02457,33.6615733,675,896,4.98114702,31.31793187,3.336553911,6373.946618,504.1439569
val_2295,KIT-IK-001,val_2,val_53,val_29,12/2/2023,124622.0959,10.10542955,989,6,9.393414943,860.4888349,3.339677055,2204.404916,607.7123724
val_2296,KIT-IK-001,val_3,val_21,val_18,12/2/2023,3489.558481,31.66975475,507,446,3.382450182,224.2834758,1.256770126,2203.669153,165.4677397
val_2297,KIT-IK-001,val_1,val_33,val_36,12/2/2023,68811.96514,5.45802456,300,283,5.125599506,525.6990167,2.708041582,9152.136766,792.3754614
val_2298,KIT-LK-001,val_18,val_27,val_22,12/2/2023,74159.18698,0.429765392,728,938,5.442870448,776.7889595,2.228487046,2063.91243,470.9014999
val_2299,KIT-SU-001,val_9,val_28,val_31,12/2/2023,108178.0045,18.66214421,706,619,7.557831833,253.2110646,2.898542971,6072.508797,894.6792315
val_2300,KIT-LK-001,val_4,val_35,val_29,12/2/2023,11670.62983,8.525667117,483,222,7.49177992,737.4461821,4.805696655,2339.227356,548.3453724
val_2301,KIT-LK-001,val_1,val_27,val_22,12/3/2023,61200.1068,30.79700223,335,284,7.654977099,75.29255093,4.14606737,2657.756663,833.0628247
val_2302,KIT-LK-001,val_8,val_46,val_5,12/3/2023,117929.4441,23.65248576,931,581,7.596462207,748.6132893,3.43990696,4887.954579,49.08935591
val_2303,KIT-LK-001,val_14,val_3,val_14,12/3/2023,80055.61195,24.10378431,251,47,5.227824391,63.98995109,3.818758733,1593.390785,438.8602155
val_2304,KIT-LK-001,val_19,val_11,val_45,12/3/2023,112602.0051,23.63015802,78,67,2.400080477,277.1395653,3.92239851,7980.094109,419.1403048
val_2305,KIT-YB-001,val_11,val_53,val_24,12/3/2023,54919.46215,23.82772694,632,674,8.833942998,256.7042243,2.825492479,2160.237054,193.93762
val_2306,KIT-LK-001,val_12,val_52,val_30,12/3/2023,138053.1084,26.199597,81,803,3.923498838,891.4149513,4.465429159,9073.761852,561.6375594
val_2307,KIT-IK-001,val_16,val_49,val_12,12/3/2023,12063.1161,23.51209034,762,743,1.992862619,534.4800067,3.469223789,6351.437369,750.502566
val_2308,KIT-SU-001,val_18,val_22,val_33,12/4/2023,14129.07867,29.23277959,843,171,2.159037735,843.0756175,3.952135453,4288.63702,493.3163909
val_2309,KIT-IK-001,val_5,val_27,val_23,12/4/2023,79508.64278,19.62265037,718,863,5.452828984,582.2796164,1.044194925,7448.048433,831.9551483
val_2310,KIT-SU-001,val_19,val_1,val_10,12/4/2023,70888.16543,12.40395019,236,225,4.833405697,806.9050881,3.151669918,5009.937225,292.9796193
val_2311,KIT-IK-001,val_10,val_16,val_7,12/4/2023,95950.89536,16.44628157,943,876,6.971739798,551.3417797,2.456738082,1173.467086,298.3524872
val_2312,KIT-LK-001,val_18,val_43,val_18,12/4/2023,34743.89214,15.52017911,88,296,6.50678973,449.9135372,1.22161323,3847.450874,166.829101
val_2313,KIT-YB-001,val_2,val_20,val_27,12/4/2023,34291.2295,11.77121941,107,496,1.966707646,657.9770896,3.584533578,6391.130612,784.1356734
val_2314,KIT-SU-001,val_1,val_28,val_13,12/4/2023,112491.8804,14.65829066,304,958,3.670738808,286.4489179,4.71504104,1430.116964,147.9960868
val_2315,KIT-LK-001,val_17,val_7,val_11,12/5/2023,44118.89751,13.59753896,541,407,9.066293184,918.7371534,3.931022921,8841.732158,149.766976
val_2316,KIT-SU-001,val_13,val_29,val_12,12/5/2023,109230.1144,4.067681769,711,668,7.900143784,908.1367237,1.319564863,4406.175432,7.027975944
val_2317,KIT-LK-001,val_3,val_43,val_14,12/5/2023,96285.69427,29.10322008,291,586,8.834870823,72.73287408,1.226762833,2616.499576,388.2682069
val_2318,KIT-YB-001,val_17,val_34,val_35,12/5/2023,12957.40942,26.52500745,916,74,1.197888604,916.7879102,2.380128598,295.0042237,436.9036173
val_2319,KIT-IK-001,val_2,val_33,val_23,12/5/2023,106813.8811,11.94634788,817,793,9.208798261,181.864979,1.954191154,1202.168929,451.1153632
val_2320,KIT-LK-001,val_13,val_54,val_22,12/5/2023,131987.5485,33.09059496,231,358,8.749702166,681.2730276,1.110288454,2999.907162,766.1698935
val_2321,KIT-LK-001,val_4,val_14,val_7,12/5/2023,122588.6155,33.23781642,62,475,5.070494115,823.1043807,1.160288132,4530.235262,414.6964247
val_2322,KIT-YB-001,val_1,val_17,val_26,12/6/2023,1824.848951,30.01384641,702,304,7.062292338,241.2385881,2.380585914,2009.044309,4.2613451
val_2323,KIT-LK-001,val_16,val_37,val_46,12/6/2023,81187.22897,1.222174792,175,996,3.447942519,112.6553203,1.534155199,6630.808827,609.4466764
val_2324,KIT-SU-001,val_16,val_28,val_35,12/6/2023,137043.9132,13.1183862,282,551,6.927293926,756.1787284,1.778665419,2493.85355,171.2293143
val_2325,KIT-SU-001,val_2,val_58,val_21,12/6/2023,90009.48829,16.11531252,772,638,8.188941333,442.428845,4.478074757,11465.03353,25.03551752
val_2326,KIT-SU-001,val_1,val_3,val_14,12/6/2023,43903.74756,25.21132663,189,523,5.352002826,486.6834484,4.974711651,6864.629991,777.3737934
val_2327,KIT-IK-001,val_12,val_7,val_16,12/6/2023,29584.42398,22.29146924,354,308,1.254461528,761.8611341,4.218316926,9600.142378,245.834627
val_2328,KIT-IK-001,val_0,val_20,val_1,12/6/2023,102899.6556,23.80757575,928,586,4.747108444,253.7959895,1.931067391,5177.505686,755.2899054
val_2329,KIT-SU-001,val_14,val_27,val_1,12/7/2023,115802.4632,26.8990268,682,794,7.524822231,97.15182737,1.703367459,2617.601631,641.7244253
val_2330,KIT-YB-001,val_18,val_53,val_37,12/7/2023,136931.4224,33.20555293,620,95,7.333805141,957.7397241,3.31390267,5504.753132,883.3110177
val_2331,KIT-LK-001,val_15,val_29,val_40,12/7/2023,135904.6292,19.39249118,999,150,5.376731341,699.6591467,4.135649081,5065.369155,358.1588375
val_2332,KIT-YB-001,val_4,val_26,val_46,12/7/2023,51222.38483,31.66067776,771,164,9.871381679,652.1345783,3.629772001,7559.170146,650.0772695
val_2333,KIT-YB-001,val_3,val_10,val_30,12/7/2023,90779.60126,28.5556972,460,936,2.053412826,332.9421964,4.215007083,10945.31814,568.2239818
val_2334,KIT-IK-001,val_13,val_26,val_44,12/7/2023,15677.11829,11.95976384,665,577,2.424593669,995.7060207,2.947988565,2999.24897,782.7887516
val_2335,KIT-SU-001,val_1,val_31,val_19,12/7/2023,14622.15125,28.51573226,533,340,3.324946143,222.5441324,4.951072034,1339.266618,329.3353329
val_2336,KIT-IK-001,val_10,val_35,val_12,12/8/2023,11184.55074,4.283615465,363,199,8.231904325,178.098843,4.147472367,8640.516876,599.4895259
val_2337,KIT-LK-001,val_8,val_36,val_11,12/8/2023,139108.0648,5.724834912,976,685,7.865364636,318.2839449,1.203765578,204.6303265,540.8734854
val_2338,KIT-YB-001,val_14,val_25,val_11,12/8/2023,23288.64772,34.7347713,593,525,7.954856559,738.9545404,2.456219395,9576.310432,43.58403157
val_2339,KIT-SU-001,val_4,val_9,val_35,12/8/2023,72607.76667,15.11836332,747,625,8.916605642,237.0103543,3.238483665,8789.078758,34.00521643
val_2340,KIT-IK-001,val_15,val_9,val_0,12/8/2023,65244.31854,16.22950724,410,716,4.98619726,312.7614717,1.896790793,9944.493043,903.00322
val_2341,KIT-LK-001,val_13,val_9,val_45,12/8/2023,49053.28089,33.29587419,196,95,3.867156729,529.6272854,2.613403659,1269.365632,640.7621678
val_2342,KIT-IK-001,val_4,val_37,val_37,12/9/2023,80890.73253,12.79202456,122,680,6.403438934,649.9464835,3.518442801,2603.774643,613.1282028
val_2343,KIT-SU-001,val_7,val_51,val_18,12/9/2023,917.2381258,8.446437589,805,722,4.688845605,149.2161263,3.208671859,6709.485356,743.1009797
val_2344,KIT-IK-001,val_1,val_52,val_33,12/9/2023,57332.32608,2.908196463,521,277,5.714565527,654.6392087,4.445799457,4062.119366,15.65582369
val_2345,KIT-LK-001,val_8,val_18,val_6,12/9/2023,72161.93704,18.38716912,516,312,2.261955891,381.0551814,2.050045196,10180.80658,232.0765308
val_2346,KIT-SU-001,val_5,val_4,val_20,12/9/2023,120594.0057,7.149182178,121,592,4.567442582,346.1552388,4.68457305,5608.3813,650.1251903
val_2347,KIT-LK-001,val_2,val_37,val_5,12/9/2023,105294.0327,2.455250008,788,381,5.253706383,79.01802819,2.288577392,5267.924593,718.3873159
val_2348,KIT-LK-001,val_11,val_2,val_5,12/9/2023,127539.3897,28.49481719,263,931,1.78696391,973.9612823,4.681583008,2380.07284,629.6170284
val_2349,KIT-SU-001,val_11,val_37,val_0,12/10/2023,56756.58617,11.63517269,599,96,9.950457309,693.1205466,1.993148669,6831.905547,411.015079
val_2350,KIT-YB-001,val_1,val_22,val_38,12/10/2023,21565.37641,20.36277833,350,169,1.340073333,99.88121623,3.030172229,4282.187632,588.8689636
val_2351,KIT-LK-001,val_3,val_50,val_35,12/10/2023,60457.94136,3.841668264,227,810,9.275640533,366.2368087,4.728960103,5516.263959,699.8911785
val_2352,KIT-YB-001,val_1,val_37,val_42,12/10/2023,144477.4153,17.79427563,163,681,1.721783487,80.06790966,2.109994519,3401.276835,406.3953118
val_2353,KIT-SU-001,val_13,val_44,val_47,12/10/2023,32541.97531,22.18803592,815,861,8.733678798,541.5320958,4.395009261,7384.434762,563.9950555
val_2354,KIT-YB-001,val_6,val_24,val_46,12/10/2023,26625.92676,15.85525366,95,23,5.934175993,700.1464144,3.004923609,10089.14112,78.98504699
val_2355,KIT-IK-001,val_1,val_50,val_47,12/10/2023,141678.4228,11.94436721,2,134,2.767013812,56.55212021,2.679181057,442.5534844,169.553742
val_2356,KIT-SU-001,val_3,val_31,val_0,12/11/2023,142513.5012,11.0212352,306,837,3.0819555,922.1682989,3.654756048,2924.8115,772.5741792
val_2357,KIT-IK-001,val_19,val_37,val_37,12/11/2023,22810.90974,4.006554601,888,813,4.164475262,374.1351442,1.794204441,8192.706337,380.004734
val_2358,KIT-LK-001,val_5,val_21,val_34,12/11/2023,115533.2028,4.226054099,702,826,8.146204515,234.7932265,3.635319999,8538.343689,778.0365987
val_2359,KIT-LK-001,val_13,val_26,val_7,12/11/2023,64746.50438,17.45022647,819,898,2.324315936,129.8560192,1.706505445,3672.453536,674.2852197
val_2360,KIT-LK-001,val_9,val_50,val_6,12/11/2023,74086.24954,5.031258035,204,230,3.180082818,145.6269389,3.843465809,3576.956272,362.6078314
val_2361,KIT-YB-001,val_3,val_23,val_46,12/11/2023,75053.8779,7.976089301,971,97,7.234101376,849.7965545,3.442598865,9012.381648,770.8519299
val_2362,KIT-SU-001,val_6,val_1,val_42,12/11/2023,145271.5484,5.935655,117,296,6.525921902,480.0497744,1.559438669,6788.636576,126.3582467
val_2363,KIT-YB-001,val_0,val_22,val_15,12/12/2023,28106.83658,28.12645577,35,998,4.787421145,798.4488433,1.402736268,4789.584962,160.5888153
val_2364,KIT-LK-001,val_14,val_23,val_3,12/12/2023,116073.0284,15.85015395,477,517,1.544826059,227.0781098,3.429412948,854.0103151,409.1532957
val_2365,KIT-IK-001,val_6,val_25,val_16,12/12/2023,1348.2792,19.43011569,438,4,6.026489103,317.9527189,1.485943326,7905.616816,655.7994434
val_2366,KIT-SU-001,val_9,val_4,val_0,12/12/2023,94477.21098,20.48694355,291,744,3.062991374,412.6147695,3.500375616,3656.737706,297.7645563
val_2367,KIT-IK-001,val_3,val_7,val_32,12/12/2023,98075.35752,13.99419357,169,843,6.508902943,454.5181278,4.996086709,7009.693027,323.2233072
val_2368,KIT-IK-001,val_16,val_19,val_18,12/12/2023,113179.0783,10.58540056,321,122,3.47064319,97.67929837,1.491903557,8724.110203,861.7180817
val_2369,KIT-SU-001,val_4,val_25,val_2,12/12/2023,138931.3732,13.50910375,374,558,9.822978659,45.00263329,2.895243532,5666.624618,899.8862117
val_2370,KIT-SU-001,val_11,val_1,val_47,12/13/2023,113198.3483,18.81184727,601,745,6.315345733,995.8956125,4.697613714,3188.642057,912.5371416
val_2371,KIT-YB-001,val_17,val_23,val_39,12/13/2023,109955.5259,12.67848867,360,958,6.14174992,666.5429961,4.748408877,2726.997531,21.97912682
val_2372,KIT-SU-001,val_14,val_19,val_43,12/13/2023,38441.23369,4.954234168,244,607,8.53091546,54.76960658,1.119644277,8518.050884,798.4095875
val_2373,KIT-SU-001,val_12,val_2,val_47,12/13/2023,148929.5365,31.99630559,598,338,9.938483053,772.565138,4.232031025,10720.2025,761.8147555
val_2374,KIT-LK-001,val_17,val_15,val_0,12/13/2023,70527.11723,25.68773722,583,911,8.012547935,361.1139648,1.95418326,11763.70372,258.1466852
val_2375,KIT-LK-001,val_3,val_16,val_37,12/13/2023,62908.79029,2.506191144,437,361,6.345059464,796.4604151,3.98627358,9678.583462,226.6310663
val_2376,KIT-LK-001,val_19,val_8,val_37,12/13/2023,75530.6972,31.71835826,110,633,8.771723126,949.8020723,2.420012572,7311.914,34.85630096
val_2377,KIT-YB-001,val_11,val_45,val_37,12/14/2023,59411.44014,6.132188613,966,841,2.630881576,26.57321033,1.899555882,10399.03963,822.0688021
val_2378,KIT-LK-001,val_8,val_4,val_12,12/14/2023,89248.8169,3.601010386,520,530,7.878064342,964.2927441,2.882886943,4797.983653,607.5289013
val_2379,KIT-SU-001,val_5,val_34,val_18,12/14/2023,52768.87617,6.227948041,278,711,7.119089865,165.7608232,1.703674738,10609.81223,15.84223269
val_2380,KIT-SU-001,val_14,val_39,val_44,12/14/2023,36371.75492,32.66957992,726,842,6.069259725,297.2325676,2.696781771,5276.815717,225.2594029
val_2381,KIT-LK-001,val_19,val_48,val_3,12/14/2023,139235.2378,7.901040854,419,601,8.800805447,626.945347,2.579276281,7224.985421,830.773039
val_2382,KIT-LK-001,val_13,val_32,val_30,12/14/2023,139210.3578,27.58731901,164,420,7.386914245,715.9285493,4.851448404,2205.097336,602.1209687
val_2383,KIT-YB-001,val_0,val_32,val_38,12/14/2023,74688.68921,22.57773024,701,645,7.450601145,170.2313386,3.168493895,6066.946273,855.7827836
val_2384,KIT-SU-001,val_9,val_45,val_38,12/15/2023,144341.0279,18.23416313,92,401,9.187673152,136.8261478,3.788280561,4229.622163,146.7054728
val_2385,KIT-IK-001,val_14,val_51,val_28,12/15/2023,62649.7154,12.92265857,276,683,7.294708559,286.5460931,1.699756244,4524.764718,952.5944822
val_2386,KIT-IK-001,val_7,val_12,val_36,12/15/2023,58413.14084,3.434106885,663,81,3.298815233,325.5993171,4.989208603,7258.569295,207.433083
val_2387,KIT-SU-001,val_15,val_47,val_43,12/15/2023,137577.4673,24.93078627,724,47,2.652626941,318.2221088,2.990722667,10606.2069,303.5180889
val_2388,KIT-IK-001,val_14,val_27,val_36,12/15/2023,95121.09195,13.93839532,992,475,5.618771434,171.3118102,1.300923301,9946.208805,926.0842201
val_2389,KIT-LK-001,val_1,val_5,val_5,12/15/2023,114496.3468,18.81751768,709,117,3.114209412,970.807593,3.437143314,4317.767692,312.9069737
val_2390,KIT-YB-001,val_11,val_36,val_11,12/16/2023,62205.20282,2.001311195,231,731,7.296722495,798.072066,2.272585216,8859.335407,595.1959592
val_2391,KIT-IK-001,val_3,val_58,val_14,12/16/2023,61346.74884,27.20263648,712,181,8.584386263,980.0206522,2.175729699,6661.959972,344.0956366
val_2392,KIT-IK-001,val_9,val_8,val_16,12/16/2023,12953.90388,24.29104865,752,500,3.626344079,103.6576933,2.268074267,4309.937094,739.6852659
val_2393,KIT-LK-001,val_7,val_0,val_17,12/16/2023,145028.2107,18.61965287,675,176,9.221269698,75.57790363,2.801666796,10915.08209,311.3868184
val_2394,KIT-SU-001,val_16,val_54,val_10,12/16/2023,34579.86554,17.47149849,746,922,7.722132646,535.9745501,2.148501679,2102.859796,441.2857055
val_2395,KIT-YB-001,val_17,val_35,val_32,12/16/2023,74392.92601,11.9286705,818,843,9.893268206,614.4678776,4.114710573,9700.765625,83.77573432
val_2396,KIT-IK-001,val_9,val_13,val_5,12/16/2023,17634.23564,12.11565556,568,1,2.788338826,635.1570898,1.715836929,2704.316028,920.9418943
val_2397,KIT-IK-001,val_10,val_47,val_37,12/17/2023,97219.5652,2.582613969,995,394,5.153923602,93.25705637,1.567757107,10730.94857,906.0303559
val_2398,KIT-SU-001,val_12,val_23,val_31,12/17/2023,58935.87981,24.09763306,645,943,6.762771247,843.7958331,1.417888618,8711.790246,804.1979042
val_2399,KIT-LK-001,val_13,val_19,val_46,12/17/2023,115265.4502,1.765058577,55,489,7.866257967,489.7136108,2.641442741,5686.325166,873.0943892
val_2400,KIT-LK-001,val_12,val_17,val_0,12/17/2023,79492.60885,0.249373521,172,845,9.207394182,368.1389439,1.451501446,1112.374706,602.7406378
val_2401,KIT-YB-001,val_15,val_35,val_14,12/17/2023,19857.15762,1.278145263,497,89,9.021430287,504.4380748,1.100234066,2325.967826,85.46327424
val_2402,KIT-LK-001,val_19,val_8,val_43,12/17/2023,2105.706035,7.279972017,435,429,3.125097248,40.46014437,2.177621574,2146.520203,70.59126772
val_2403,KIT-YB-001,val_16,val_21,val_23,12/17/2023,32261.078,20.04281088,813,871,4.80224006,215.0765719,4.920119204,9186.35835,786.0802988
val_2404,KIT-SU-001,val_2,val_18,val_26,12/18/2023,108789.801,23.90434019,673,194,7.464744001,998.490029,1.043668435,7539.761566,517.0832329
val_2405,KIT-YB-001,val_9,val_3,val_1,12/18/2023,124362.8621,14.84169572,0,10,2.190828188,552.5591376,1.255474407,2767.893989,277.0043014
val_2406,KIT-SU-001,val_9,val_45,val_36,12/18/2023,51529.58783,14.42062673,456,735,9.634287146,78.54090915,3.332540989,4538.537253,37.46655806
val_2407,KIT-LK-001,val_10,val_0,val_12,12/18/2023,80620.79815,20.27214892,545,83,7.722574897,292.8353974,2.991515679,3850.111857,984.044188
val_2408,KIT-SU-001,val_10,val_57,val_46,12/18/2023,36381.98692,20.96959937,981,301,8.459576955,184.774737,1.417246857,7899.391323,96.69562442
val_2409,KIT-IK-001,val_14,val_5,val_17,12/18/2023,132126.2645,29.60591591,660,812,9.166999469,924.7005672,4.578899409,4098.586801,364.2648532
val_2410,KIT-YB-001,val_8,val_21,val_9,12/18/2023,144798.4683,28.70426815,180,892,2.6015668,806.2103918,3.697726468,9269.512948,680.2003488
val_2411,KIT-IK-001,val_5,val_5,val_28,12/19/2023,113064.5335,28.85871192,191,130,4.799178881,546.9035686,2.978738653,8400.613106,623.0976784
val_2412,KIT-SU-001,val_9,val_22,val_22,12/19/2023,13788.56473,29.57721336,316,497,6.865028033,951.7816677,3.174927744,3062.733491,126.3781596
val_2413,KIT-IK-001,val_17,val_36,val_22,12/19/2023,65849.2278,30.81810095,401,794,8.402150113,372.8694538,4.184689673,4021.166804,620.4525216
val_2414,KIT-LK-001,val_6,val_5,val_45,12/19/2023,148580.5994,19.52502422,108,391,7.642039677,864.9677002,1.392320647,6683.639416,336.4012427
val_2415,KIT-IK-001,val_0,val_31,val_17,12/19/2023,34793.03198,20.9118173,790,350,2.0937799,467.542009,4.732667754,10912.75024,170.6052252
val_2416,KIT-YB-001,val_19,val_46,val_19,12/19/2023,100735.5147,25.5074647,67,543,6.811047609,848.631968,1.450538305,1515.494893,617.0710995
val_2417,KIT-SU-001,val_3,val_27,val_29,12/19/2023,140815.2405,7.125462936,66,776,3.646483206,900.6882674,2.83419197,4431.363504,900.4480893
val_2418,KIT-YB-001,val_12,val_6,val_8,12/20/2023,116093.9065,12.74404385,127,40,4.658480285,462.9644716,1.990328508,7270.287663,751.5233133
val_2419,KIT-SU-001,val_16,val_41,val_39,12/20/2023,91524.59327,31.96032373,135,50,9.948068813,178.0013974,3.660849673,4029.643114,162.4697155
val_2420,KIT-YB-001,val_5,val_11,val_11,12/20/2023,76252.42125,18.39213259,564,106,2.413502303,192.3738548,4.359319973,3616.717815,174.1178397
val_2421,KIT-IK-001,val_6,val_1,val_11,12/20/2023,139357.7472,2.002209104,818,341,1.939424808,288.8629642,3.466686325,5296.972925,469.3318887
val_2422,KIT-SU-001,val_5,val_26,val_0,12/20/2023,59512.63838,14.3134805,943,278,4.682297143,222.9412342,1.895911379,2472.832875,21.13016035
val_2423,KIT-YB-001,val_2,val_16,val_16,12/20/2023,135239.7155,5.795464273,810,481,8.777152463,388.2536447,4.117515535,7320.568356,20.74495897
val_2424,KIT-YB-001,val_3,val_1,val_27,12/20/2023,64942.41289,12.59878279,686,301,2.459874449,506.6811264,4.770647025,10564.1652,251.9131686
val_2425,KIT-LK-001,val_3,val_46,val_33,12/21/2023,113603.4811,19.16516342,590,626,1.719575425,87.1136127,1.643951345,10946.92989,106.700946
val_2426,KIT-LK-001,val_9,val_35,val_43,12/21/2023,137399.2279,17.77874678,309,322,4.769640408,909.6432187,2.014042715,5762.685492,546.7180116
val_2427,KIT-LK-001,val_10,val_54,val_37,12/21/2023,82821.11484,17.26832225,416,837,6.690682668,2.431833645,3.118391816,3662.653885,43.4397078
val_2428,KIT-YB-001,val_0,val_28,val_15,12/21/2023,46827.03733,0.838195371,873,309,2.392232588,138.2903458,3.9590898,4712.278754,243.5299242
val_2429,KIT-SU-001,val_16,val_26,val_39,12/21/2023,8122.514589,15.68964977,105,244,8.241299641,8.410276038,1.507945419,2894.597072,58.20346997
val_2430,KIT-LK-001,val_13,val_50,val_9,12/21/2023,121484.3645,1.207939102,826,861,8.613243009,986.5282564,1.202603314,7262.850389,530.4624574
val_2431,KIT-IK-001,val_1,val_4,val_10,12/21/2023,93490.48314,14.289155,812,659,5.703363333,410.650282,3.267835136,1789.66415,352.6164452
val_2432,KIT-YB-001,val_16,val_21,val_17,12/22/2023,39825.32435,22.7155969,57,48,1.274174717,196.0256913,4.188905861,3954.468993,83.02917898
val_2433,KIT-YB-001,val_0,val_47,val_25,12/22/2023,131673.0421,4.581475146,241,151,5.644920525,118.6715404,2.190516026,2212.985235,354.3660861
val_2434,KIT-SU-001,val_11,val_17,val_9,12/22/2023,138085.2632,32.10369138,310,48,2.927640223,370.4118873,3.33193862,2622.200379,0.64873246
val_2435,KIT-LK-001,val_9,val_53,val_43,12/22/2023,133131.3289,22.14179985,914,795,5.014873075,975.8991109,4.213806534,8123.177795,825.4537911
val_2436,KIT-YB-001,val_10,val_17,val_12,12/22/2023,90426.9258,7.772432519,439,628,7.837635055,548.7251308,1.115288589,11914.32921,363.7275545
val_2437,KIT-LK-001,val_19,val_24,val_18,12/22/2023,146498.9503,13.91425084,776,934,1.489769745,354.217524,2.344656203,8169.941883,665.8966135
val_2438,KIT-IK-001,val_18,val_53,val_29,12/23/2023,131283.4419,3.572372763,601,328,1.001368265,364.5408501,2.212788637,3080.470684,708.7634713
val_2439,KIT-LK-001,val_5,val_14,val_20,12/23/2023,16086.93054,0.967802411,81,47,2.201041752,117.3365501,3.89223104,5010.361347,554.9160423
val_2440,KIT-LK-001,val_11,val_58,val_19,12/23/2023,147175.3434,32.07197951,667,459,1.408323914,517.0072169,3.664876047,7609.749566,588.8428977
val_2441,KIT-SU-001,val_19,val_2,val_47,12/23/2023,82546.55271,23.69640497,636,79,3.3437807,424.1922017,4.307229203,10435.21146,428.6197448
val_2442,KIT-LK-001,val_14,val_15,val_20,12/23/2023,138045.3676,27.33168433,871,144,4.638412507,728.8511886,3.194576913,8628.171844,407.4476643
val_2443,KIT-YB-001,val_17,val_35,val_5,12/23/2023,114171.0445,21.8516151,921,788,8.017376326,191.9476446,1.911560036,1915.415887,305.9508392
val_2444,KIT-SU-001,val_8,val_35,val_35,12/23/2023,97311.21797,31.75544036,587,379,1.272945058,137.3375584,2.732414963,7326.301132,71.23751778
val_2445,KIT-YB-001,val_5,val_54,val_33,12/24/2023,49337.52106,31.37797497,880,881,4.158911387,581.4606562,2.584201618,2526.680546,349.465434
val_2446,KIT-YB-001,val_10,val_57,val_10,12/24/2023,4540.988526,2.223917627,139,514,9.364996193,742.0074641,3.670992454,4617.058134,462.5156668
val_2447,KIT-YB-001,val_16,val_40,val_40,12/24/2023,41872.06974,6.793555429,613,648,6.187421504,497.5002607,4.815692288,11584.88995,133.7331757
val_2448,KIT-YB-001,val_18,val_39,val_18,12/24/2023,103030.1383,13.97348832,578,834,8.440870918,790.0330753,2.830812405,10726.56231,908.0434653
val_2449,KIT-YB-001,val_13,val_19,val_7,12/24/2023,129535.6786,12.0699165,172,461,5.351626868,841.0864904,3.555374829,3229.924338,8.379069177
val_2450,KIT-SU-001,val_14,val_48,val_8,12/24/2023,850.8162688,18.4899241,539,320,1.87516196,916.6296627,1.710779686,8796.787883,223.7841572
val_2451,KIT-YB-001,val_10,val_38,val_34,12/24/2023,31592.07918,9.4753067,680,769,2.682452018,378.17906,3.297579086,4088.328436,679.8092624
val_2452,KIT-YB-001,val_6,val_1,val_10,12/25/2023,101123.6235,27.9515773,415,831,7.82274101,904.3452233,3.913652458,292.7270203,823.4698491
val_2453,KIT-LK-001,val_8,val_49,val_22,12/25/2023,42903.4481,0.460785915,666,300,8.776967726,709.0538777,4.05498191,10231.36887,473.7451884
val_2454,KIT-YB-001,val_9,val_21,val_35,12/25/2023,21684.57668,27.74465527,745,823,5.207876312,624.9124654,4.894501939,9905.419152,588.6092144
val_2455,KIT-YB-001,val_16,val_28,val_40,12/25/2023,12749.44668,13.88928563,589,992,5.432109622,553.7742679,4.95025333,3671.085455,273.0019078
val_2456,KIT-YB-001,val_11,val_29,val_23,12/25/2023,95862.91003,0.378698304,398,193,5.051100619,19.7197251,3.061846711,9310.69846,954.3352631
val_2457,KIT-YB-001,val_15,val_49,val_43,12/25/2023,89431.54265,29.67783656,266,848,1.165268014,560.3304823,4.442389498,571.5504353,644.1642513
val_2458,KIT-IK-001,val_0,val_16,val_14,12/25/2023,128862.729,15.7470565,661,86,1.859588584,778.9912223,3.948509528,6569.450935,131.4660556
val_2459,KIT-LK-001,val_15,val_23,val_41,12/26/2023,47568.23125,25.42048718,901,888,9.926992683,988.3676233,3.098395587,11782.68865,736.4283764
val_2460,KIT-IK-001,val_10,val_2,val_12,12/26/2023,20939.43344,30.77001561,462,891,1.37812271,433.1146682,1.120273746,9504.044928,127.7721777
val_2461,KIT-IK-001,val_19,val_20,val_3,12/26/2023,119973.6858,1.394083461,503,855,4.140721516,990.1578352,4.908066856,6991.632607,403.3592498
val_2462,KIT-YB-001,val_9,val_5,val_34,12/26/2023,148233.7958,9.323239399,913,349,7.216176156,171.088636,4.86090601,4516.692738,491.2168093
val_2463,KIT-LK-001,val_9,val_34,val_36,12/26/2023,54378.23632,4.337427342,297,933,4.823478497,958.1999783,3.072570217,8877.04438,722.4126274
val_2464,KIT-YB-001,val_2,val_53,val_44,12/26/2023,129869.7673,3.610753582,808,554,9.843974289,589.6551058,2.377746274,11709.82046,996.3275569
val_2465,KIT-IK-001,val_16,val_27,val_44,12/26/2023,114500.5479,33.10830999,255,64,1.294648207,662.5695922,1.447138975,2467.025843,371.4877793
val_2466,KIT-SU-001,val_14,val_54,val_4,12/27/2023,136782.0016,28.2338144,258,850,8.871030638,573.6801637,1.220531702,784.4941795,675.7367014
val_2467,KIT-LK-001,val_17,val_58,val_29,12/27/2023,63943.68525,12.89243557,281,909,2.212698436,982.8463944,4.21362369,4651.753825,672.3949229
val_2468,KIT-SU-001,val_1,val_3,val_33,12/27/2023,15644.57497,24.11779789,52,303,2.843398818,44.29732089,2.637758926,6299.105218,184.1892573
val_2469,KIT-IK-001,val_4,val_30,val_28,12/27/2023,18194.25285,32.19669553,461,248,5.754734036,410.4649691,3.251323394,3093.57653,642.8485984
val_2470,KIT-SU-001,val_17,val_31,val_0,12/27/2023,114598.1639,7.884309587,354,569,8.843092068,875.2323326,2.205907247,7475.416012,879.4182559
val_2471,KIT-IK-001,val_0,val_23,val_2,12/27/2023,129568.11,0.692445668,231,359,4.726729615,167.0928221,3.455982299,3809.244097,555.7343676
val_2472,KIT-LK-001,val_10,val_49,val_32,12/27/2023,68824.00277,28.87897027,757,639,3.642164912,569.5940126,4.035076589,11786.6471,479.7766129
val_2473,KIT-IK-001,val_8,val_23,val_41,12/28/2023,9405.847941,25.34990185,517,370,4.615048053,523.5776299,4.571570227,3331.094753,647.5496628
val_2474,KIT-SU-001,val_18,val_3,val_8,12/28/2023,10472.55303,5.776953185,195,217,1.849089935,807.4300765,2.984337302,9675.161676,806.8484115
val_2475,KIT-SU-001,val_17,val_32,val_2,12/28/2023,89990.75233,17.23967542,192,232,8.544108913,918.2529467,2.200739654,11582.71387,225.2764366
val_2476,KIT-IK-001,val_17,val_12,val_19,12/28/2023,137834.3404,5.7830992,810,658,9.23693589,258.8350054,1.307223687,6094.629391,163.1034645
val_2477,KIT-SU-001,val_5,val_21,val_15,12/28/2023,60237.7353,21.17096239,271,438,7.081972048,693.1440557,4.41605309,2551.180475,651.2356311
val_2478,KIT-YB-001,val_11,val_30,val_47,12/28/2023,97767.66237,22.7354341,395,15,5.002026647,547.6879872,4.414270891,10706.48486,34.58367071
val_2479,KIT-SU-001,val_14,val_43,val_44,12/29/2023,81530.16146,9.828558221,119,506,6.52735718,662.7863479,2.413535792,4947.617571,825.2723906
val_2480,KIT-YB-001,val_19,val_16,val_26,12/29/2023,133518.7977,27.37313202,805,788,5.966801266,200.3778186,1.829041492,6620.668772,302.0737892
val_2481,KIT-YB-001,val_0,val_22,val_45,12/29/2023,124941.9479,16.68115294,357,148,1.463996372,272.6733899,3.693560923,778.6728038,110.979782
val_2482,KIT-SU-001,val_19,val_4,val_10,12/29/2023,30302.60975,24.78125531,705,244,4.549791996,549.8464282,4.02663812,4307.635133,764.6730837
val_2483,KIT-LK-001,val_7,val_23,val_47,12/29/2023,101792.6932,22.46542911,406,359,6.911458145,2.945579708,3.887287896,6760.270028,222.8921045
val_2484,KIT-LK-001,val_2,val_34,val_21,12/29/2023,127201.7263,15.88641084,802,928,8.630191709,716.425274,1.285130138,8377.231257,401.4265359
val_2485,KIT-SU-001,val_12,val_37,val_22,12/29/2023,139572.2826,10.38656072,404,348,4.230756961,161.5681966,4.936915187,11423.52512,413.8675485
val_2486,KIT-SU-001,val_15,val_17,val_2,12/30/2023,88694.10751,7.309793254,896,838,8.373449003,931.3018537,3.178081154,7085.259065,820.2317785
val_2487,KIT-YB-001,val_2,val_3,val_8,12/30/2023,26798.72966,26.15885233,725,675,7.812243605,860.6071869,3.433382755,3402.502496,264.4236292
val_2488,KIT-LK-001,val_0,val_34,val_9,12/30/2023,83955.69657,22.539633,481,993,9.363791235,623.3511464,1.181296462,6774.590666,633.1990592
val_2489,KIT-YB-001,val_17,val_39,val_23,12/30/2023,100039.9422,9.976779107,483,581,9.904877872,891.0576705,1.047213577,1036.873417,998.6429647
val_2490,KIT-LK-001,val_18,val_5,val_9,12/30/2023,41237.1147,33.85505121,620,317,1.375590306,987.2450568,1.505333666,1947.549401,599.3537916
val_2491,KIT-LK-001,val_3,val_30,val_4,12/30/2023,145963.7216,28.39979479,693,716,4.937236285,774.9564953,2.563916535,4351.715793,140.9738608
val_2492,KIT-IK-001,val_18,val_5,val_29,12/30/2023,34784.27457,4.61271868,707,90,7.96204173,626.6324712,4.779096888,462.6308908,283.2641965
val_2493,KIT-SU-001,val_18,val_27,val_41,12/31/2023,136747.202,5.857206785,33,784,8.408499074,449.2817495,3.912086396,1088.82586,535.1210956
val_2494,KIT-LK-001,val_19,val_38,val_3,12/31/2023,64064.52325,19.13286382,265,234,1.745688007,813.5623003,4.996914799,286.6469609,322.3008169
val_2495,KIT-IK-001,val_4,val_43,val_26,12/31/2023,582.8476425,3.762808357,437,667,6.459315384,704.4357939,3.719498107,2345.116725,516.5557204
val_2496,KIT-IK-001,val_11,val_42,val_46,12/31/2023,81721.71647,33.75896258,537,580,9.086073096,472.6399904,1.39903708,9941.378675,543.2225765
val_2497,KIT-LK-001,val_19,val_45,val_19,12/31/2023,94428.73695,22.4032145,89,241,3.043531641,500.0346774,3.777985331,4346.559966,735.5317839
val_2498,KIT-LK-001,val_18,val_14,val_8,12/31/2023,130469.8213,2.502856478,199,481,4.12623165,228.9359598,3.56532039,10848.93422,622.9477788
val_2499,KIT-YB-001,val_12,val_50,val_3,12/31/2023,81314.20415,15.63330342,462,502,4.55363157,788.5900723,4.545235999,10642.26463,697.9430447
val_2500,KIT-LK-001,val_3,val_20,val_44,1/1/2024,14572.34263,7.924503058,447,767,4.550839778,878.3307831,3.176976395,10388.78405,218.3065735
val_2501,KIT-LK-001,val_1,val_22,val_19,1/1/2024,139058.6271,17.26768561,615,467,6.055356424,16.48357773,1.982293777,2700.043391,423.2115385
val_2502,KIT-YB-001,val_5,val_47,val_5,1/1/2024,85020.54124,8.796487391,69,58,1.547257828,111.8989033,3.93086836,4240.236604,825.129856
val_2503,KIT-SU-001,val_1,val_19,val_41,1/1/2024,41093.9132,29.14650617,797,74,8.012707969,991.2357429,4.013615332,5726.291987,752.2216462
val_2504,KIT-LK-001,val_3,val_4,val_38,1/1/2024,134879.3632,25.2942525,301,665,2.105893715,178.1075284,3.056823395,5292.797328,182.0390581
val_2505,KIT-YB-001,val_1,val_42,val_33,1/1/2024,18576.56412,31.74891968,550,895,8.319843694,736.528475,1.379305572,1142.822706,63.96590966
val_2506,KIT-SU-001,val_15,val_39,val_4,1/1/2024,15073.68443,7.088924993,948,435,1.153849252,480.8427237,2.655102073,3018.888437,653.1680597
val_2507,KIT-IK-001,val_11,val_34,val_3,1/2/2024,80483.85952,13.61164986,379,91,8.08323383,521.3512081,4.359691876,7518.564331,444.0775189
val_2508,KIT-IK-001,val_10,val_8,val_10,1/2/2024,93920.19206,28.23023584,313,171,4.197404081,108.3775342,2.214521487,8183.170135,410.4738938
val_2509,KIT-LK-001,val_16,val_37,val_7,1/2/2024,76888.39553,13.2098617,264,977,6.902724593,137.8477411,3.92661294,4502.923027,25.01876746
val_2510,KIT-YB-001,val_8,val_11,val_25,1/2/2024,139384.311,13.39227573,653,704,2.612548211,577.9105173,2.01403785,3704.549397,381.6552321
val_2511,KIT-SU-001,val_8,val_33,val_18,1/2/2024,39791.71479,34.51413783,958,31,5.833086594,377.6297552,2.314834404,7115.579247,178.7020883
val_2512,KIT-LK-001,val_4,val_30,val_36,1/2/2024,148540.1438,27.0260389,560,259,3.692002265,797.4620888,2.348187358,8028.914047,34.35233765
val_2513,KIT-IK-001,val_8,val_46,val_4,1/2/2024,3392.7255,30.15644941,198,730,1.035322009,971.9780959,1.542139432,8589.613512,398.8971631
val_2514,KIT-YB-001,val_3,val_58,val_34,1/3/2024,18220.8322,14.3626547,947,632,7.526269133,812.3168557,2.404657891,9769.345557,824.8159738
val_2515,KIT-SU-001,val_11,val_11,val_44,1/3/2024,28258.60775,20.5899646,42,287,2.180582992,405.9160171,3.894464909,7089.730444,891.3707937
val_2516,KIT-SU-001,val_19,val_6,val_6,1/3/2024,12396.57119,15.87926426,410,696,9.457337947,482.1806027,2.605241055,4670.712353,238.1831658
val_2517,KIT-IK-001,val_10,val_33,val_31,1/3/2024,66013.57103,15.87021658,126,905,5.893520536,156.6880159,2.198943767,4305.094236,274.9730741
val_2518,KIT-SU-001,val_5,val_57,val_24,1/3/2024,129873.1403,4.643929922,33,901,1.015068847,695.6916553,3.802839144,605.2213856,98.56852548
val_2519,KIT-IK-001,val_13,val_9,val_4,1/3/2024,123203.5194,29.50622323,998,824,9.504306913,447.3584379,3.061915142,5113.039907,909.2986145
val_2520,KIT-SU-001,val_16,val_29,val_14,1/3/2024,111841.15,13.79087669,85,354,2.195053293,857.3837232,2.743460736,10451.61087,65.21382907
val_2521,KIT-IK-001,val_9,val_24,val_37,1/4/2024,1607.705589,20.44748891,907,25,8.505470624,652.0296256,4.184623827,7606.421391,937.2760565
val_2522,KIT-YB-001,val_5,val_19,val_41,1/4/2024,129923.051,30.02610025,545,391,3.963500546,170.5432412,2.527779572,7198.167614,641.446884
val_2523,KIT-IK-001,val_14,val_39,val_17,1/4/2024,59776.61425,27.1170084,320,21,6.112558274,410.9829534,3.177391233,2840.999401,786.4983984
val_2524,KIT-LK-001,val_3,val_17,val_5,1/4/2024,109879.8443,7.098681601,863,570,8.521527283,676.948993,1.127099375,7233.721648,219.9845606
val_2525,KIT-YB-001,val_19,val_29,val_11,1/4/2024,109174.3433,21.72419552,3,603,1.45142344,857.9222854,2.357664642,2328.853916,607.5157955
val_2526,KIT-SU-001,val_6,val_50,val_40,1/4/2024,27039.39357,17.45144191,691,342,7.120522057,350.8064936,1.947613338,4224.072134,108.7969205
val_2527,KIT-IK-001,val_7,val_22,val_27,1/5/2024,77551.52971,9.253294876,767,149,2.33724121,669.494259,4.542999023,7096.973883,658.6659699
val_2528,KIT-IK-001,val_14,val_1,val_20,1/5/2024,138964.0534,1.621855042,364,525,7.447563344,173.5928285,1.084210654,735.5177132,600.3603348
val_2529,KIT-IK-001,val_0,val_53,val_0,1/5/2024,39825.7702,22.11673752,300,14,2.446336074,904.7127157,3.800181564,3874.677834,823.8935229
val_2530,KIT-IK-001,val_4,val_16,val_37,1/5/2024,107396.6633,27.33895104,9,276,1.197492992,575.1698033,4.0247955,1244.582745,644.913474
val_2531,KIT-IK-001,val_2,val_46,val_22,1/5/2024,143728.6304,32.97180073,22,968,2.398943202,768.600222,2.330005036,2134.626136,971.5277776
val_2532,KIT-IK-001,val_7,val_45,val_26,1/5/2024,54414.36076,12.5534348,44,915,6.631640094,396.8514478,2.028392489,4355.328222,490.3318278
val_2533,KIT-YB-001,val_11,val_31,val_40,1/5/2024,58451.23407,14.09275687,457,633,9.871541129,940.5411849,1.659338767,8375.28424,551.9090697
val_2534,KIT-LK-001,val_3,val_5,val_26,1/6/2024,68158.09513,5.872595939,531,374,9.731097922,720.106818,2.108416452,3355.621128,75.85229975
val_2535,KIT-SU-001,val_6,val_57,val_44,1/6/2024,121451.3666,34.46463761,424,10,7.711221299,153.6574369,4.655760824,436.9493052,108.246752
val_2536,KIT-YB-001,val_15,val_40,val_26,1/6/2024,66173.0659,29.76562747,703,650,8.421224101,550.1855399,1.173347989,4908.792222,173.5014476
val_2537,KIT-SU-001,val_18,val_25,val_16,1/6/2024,73193.77042,33.52460977,362,491,8.865680766,271.7519718,2.826861435,2808.023515,118.3951015
val_2538,KIT-SU-001,val_0,val_51,val_44,1/6/2024,33736.46472,17.43808041,791,714,5.755183871,833.3595611,2.05752443,9383.725553,137.3074591
val_2539,KIT-YB-001,val_12,val_47,val_30,1/6/2024,148257.5873,7.50039217,654,157,3.057422417,782.824402,3.783483759,9899.207155,260.4712956
val_2540,KIT-LK-001,val_0,val_45,val_36,1/6/2024,133906.946,20.14682247,937,831,6.949861628,494.5452002,2.335610165,8117.46189,278.4480632
val_2541,KIT-YB-001,val_10,val_10,val_10,1/7/2024,90238.0198,13.14879867,726,805,2.274335646,301.9266247,2.383845205,7433.311763,695.5679269
val_2542,KIT-SU-001,val_17,val_37,val_32,1/7/2024,144103.7307,12.30568219,128,428,8.491245943,852.6869658,1.233178327,8821.371172,486.4331363
val_2543,KIT-SU-001,val_15,val_17,val_26,1/7/2024,103206.1661,3.066277084,559,28,4.708819284,850.4843285,4.641986107,4636.674484,927.0488669
val_2544,KIT-LK-001,val_4,val_4,val_5,1/7/2024,143886.2921,2.745592672,657,466,3.398425983,505.2358908,3.086349287,7883.541125,342.9363054
val_2545,KIT-IK-001,val_5,val_20,val_12,1/7/2024,24649.61208,13.38218964,14,371,8.591122044,717.2569102,1.275946905,5152.780491,63.41275301
val_2546,KIT-LK-001,val_15,val_6,val_43,1/7/2024,34205.88233,32.43170933,44,761,2.000732641,285.5006462,4.00689505,5271.979133,844.1882956
val_2547,KIT-YB-001,val_16,val_6,val_27,1/7/2024,132834.7783,25.36122512,22,238,9.773437673,348.8498938,4.120134541,9507.031168,842.6735553
val_2548,KIT-LK-001,val_5,val_43,val_37,1/8/2024,63271.22155,26.66743859,171,18,9.553706357,944.0560118,2.844559418,9534.71378,363.288353
val_2549,KIT-LK-001,val_0,val_30,val_8,1/8/2024,55988.07676,8.353315541,882,981,6.479092686,736.2768376,4.916513056,4925.295043,70.4067607
val_2550,KIT-SU-001,val_8,val_23,val_10,1/8/2024,113273.1358,25.76163047,240,241,7.40914562,72.12053298,1.904000329,11258.38255,880.8754502
val_2551,KIT-IK-001,val_12,val_11,val_45,1/8/2024,94733.6862,14.3399056,186,78,1.334344905,457.7334206,4.376855981,6590.186701,933.5381502
val_2552,KIT-YB-001,val_8,val_46,val_20,1/8/2024,51938.70417,2.266793244,446,857,4.933747296,395.7448804,4.385725011,5948.644057,997.1681235
val_2553,KIT-LK-001,val_18,val_38,val_42,1/8/2024,59980.15784,13.93951215,398,720,8.961549585,230.9892574,3.084905971,6118.258526,391.0491606
val_2554,KIT-LK-001,val_16,val_35,val_38,1/8/2024,61553.37187,4.767631803,994,268,1.103699392,994.9418007,3.16043153,9396.506655,127.1313791
val_2555,KIT-SU-001,val_15,val_11,val_16,1/9/2024,19386.53355,29.90874131,103,478,3.615579347,135.7910008,1.449115394,11616.99764,377.7888306
val_2556,KIT-IK-001,val_0,val_7,val_45,1/9/2024,34818.31246,29.44223344,841,689,4.18456595,314.2669815,1.532851376,8342.672144,585.567256
val_2557,KIT-SU-001,val_17,val_7,val_37,1/9/2024,80860.7771,10.2039187,229,817,7.075716739,848.7185935,2.691136845,4227.219125,43.26986659
val_2558,KIT-YB-001,val_15,val_1,val_6,1/9/2024,117383.1593,21.49489614,310,373,7.343550827,132.274668,4.672409151,6298.264865,274.214826
val_2559,KIT-IK-001,val_7,val_58,val_4,1/9/2024,63147.71852,12.8588382,485,214,1.586706555,376.1388925,1.85810044,3825.000514,941.9456326
val_2560,KIT-IK-001,val_11,val_22,val_6,1/9/2024,57811.24354,5.567070867,976,14,2.957637639,634.1925605,2.900012845,7913.385755,44.18566747
val_2561,KIT-LK-001,val_16,val_39,val_35,1/9/2024,97752.16495,22.79937444,235,856,8.429475698,336.8957589,1.256976027,11990.78681,150.9483342
val_2562,KIT-LK-001,val_18,val_58,val_6,1/10/2024,24009.45265,26.65171119,344,815,2.726359753,408.8207196,2.196934224,10406.26491,581.0239139
val_2563,KIT-SU-001,val_11,val_56,val_13,1/10/2024,57422.1735,27.16035139,659,951,3.578804514,550.113421,2.488020904,5778.396627,957.7341523
val_2564,KIT-LK-001,val_0,val_19,val_20,1/10/2024,31616.36731,5.392876389,670,748,2.460198874,952.6868945,4.851521572,4237.777215,940.3177333
val_2565,KIT-IK-001,val_12,val_29,val_6,1/10/2024,97921.11203,18.03773244,367,213,7.788847467,870.9069082,1.772157552,5542.274138,257.5202297
val_2566,KIT-IK-001,val_13,val_27,val_15,1/10/2024,17298.42023,1.031697631,131,240,1.243958125,111.9629008,1.402873039,3931.627944,613.7595041
val_2567,KIT-IK-001,val_1,val_2,val_32,1/10/2024,67449.51153,3.337898517,789,242,3.717217243,569.4295164,1.215011309,11901.30617,965.0101918
val_2568,KIT-LK-001,val_16,val_46,val_46,1/11/2024,89629.21754,3.020580127,901,458,5.790836303,653.2967425,3.088173961,2582.522534,629.6795385
val_2569,KIT-IK-001,val_4,val_34,val_22,1/11/2024,125134.4787,2.190239616,602,964,1.054183828,325.7618304,3.077808287,9755.174143,221.5674241
val_2570,KIT-YB-001,val_17,val_22,val_35,1/11/2024,108820.4158,11.81517335,873,691,9.585875021,264.1970206,1.783399005,5089.285084,693.6428562
val_2571,KIT-YB-001,val_11,val_33,val_25,1/11/2024,141458.0366,12.64725011,254,434,8.823602382,597.7331601,1.990072044,7889.830072,511.2358016
val_2572,KIT-SU-001,val_6,val_44,val_22,1/11/2024,102141.8219,24.4858879,864,738,6.825846087,414.9781377,2.275403009,11089.38208,493.778705
val_2573,KIT-IK-001,val_1,val_0,val_24,1/11/2024,52703.85042,11.6798143,809,836,4.952177533,905.06489,1.037799884,7186.626306,488.3764431
val_2574,KIT-IK-001,val_0,val_38,val_46,1/11/2024,35142.72044,5.085773985,903,403,2.397762176,163.5544408,4.268223018,7478.594697,112.5275931
val_2575,KIT-SU-001,val_14,val_51,val_2,1/12/2024,8959.069347,33.15127196,933,843,5.982754121,41.08386262,4.091088045,624.8958306,789.4353674
val_2576,KIT-IK-001,val_7,val_43,val_24,1/12/2024,41999.3487,30.66657886,345,18,3.152871752,899.6162993,2.281015797,1720.147138,346.955691
val_2577,KIT-LK-001,val_16,val_37,val_2,1/12/2024,20958.87898,4.523056288,120,311,6.742156262,896.1248728,3.297192867,6578.087321,184.7523601
val_2578,KIT-SU-001,val_4,val_5,val_42,1/12/2024,55699.10427,12.82469876,749,170,2.31027483,416.7701789,2.312719584,4573.592411,440.8583334
val_2579,KIT-SU-001,val_18,val_44,val_28,1/12/2024,105535.4318,6.049345854,670,178,7.454073269,753.8891332,1.107167032,7387.829258,643.0449817
val_2580,KIT-IK-001,val_18,val_45,val_2,1/12/2024,103959.0866,33.57707767,648,202,3.906146424,845.7151407,3.359155706,4734.098531,553.44168
val_2581,KIT-SU-001,val_2,val_29,val_29,1/12/2024,48065.88119,12.58802021,631,366,5.517835506,254.890247,3.886479823,2264.544753,819.0982929
val_2582,KIT-LK-001,val_12,val_34,val_20,1/13/2024,76528.57941,3.614486457,40,725,2.45643047,654.4440606,2.335399025,9601.734037,843.3120063
val_2583,KIT-LK-001,val_18,val_37,val_2,1/13/2024,32907.34969,25.49417079,670,592,3.306491453,737.1499219,1.965487477,10172.67098,620.5880149
val_2584,KIT-IK-001,val_6,val_7,val_46,1/13/2024,75695.01942,24.96776956,484,441,5.051905843,357.4922388,2.056915784,11622.77996,551.707137
val_2585,KIT-SU-001,val_1,val_15,val_18,1/13/2024,76757.2405,8.587999059,31,497,5.123631602,945.994791,2.39638452,2568.546591,566.7307507
val_2586,KIT-IK-001,val_17,val_47,val_1,1/13/2024,45543.87742,11.38687241,856,183,9.998000108,967.1526069,2.870237788,3875.31046,393.1056939
val_2587,KIT-YB-001,val_9,val_58,val_29,1/13/2024,39290.43554,14.64265763,28,737,4.018793073,486.7278756,4.019675639,3513.384471,469.2700994
val_2588,KIT-SU-001,val_0,val_16,val_18,1/13/2024,146946.3824,9.515960062,233,755,1.759400493,75.9998918,1.796035468,11175.30573,526.7121156
val_2589,KIT-YB-001,val_16,val_24,val_31,1/14/2024,80799.96491,10.25329224,295,549,5.717967561,918.9686323,3.8253901,7249.401942,800.8711456
val_2590,KIT-YB-001,val_13,val_54,val_7,1/14/2024,84530.45642,28.09534564,783,815,3.896431644,522.9744237,4.858190506,11084.7019,745.865682
val_2591,KIT-YB-001,val_1,val_9,val_39,1/14/2024,1665.21651,26.36440106,80,806,8.899989929,138.8271324,1.721095832,10705.93,195.5812031
val_2592,KIT-IK-001,val_5,val_15,val_20,1/14/2024,27685.19685,24.30349658,384,805,2.892683574,732.0972663,3.030396848,3094.34437,977.8270896
val_2593,KIT-YB-001,val_0,val_3,val_20,1/14/2024,53814.98329,24.09971978,366,104,8.700967732,687.1536118,2.445105242,5248.333596,965.347378
val_2594,KIT-IK-001,val_19,val_14,val_38,1/14/2024,144914.121,18.36149119,415,86,6.972195685,139.8583065,3.401820287,5080.750095,279.2212092
val_2595,KIT-SU-001,val_0,val_38,val_26,1/14/2024,26698.63928,12.41206047,873,439,2.691905135,274.8554334,4.523386043,5945.442757,998.8526505
val_2596,KIT-SU-001,val_15,val_20,val_0,1/15/2024,45841.81184,25.2749641,325,57,4.647224448,864.2613132,4.545370725,11972.85925,525.1076437
val_2597,KIT-LK-001,val_10,val_59,val_27,1/15/2024,148528.4706,4.249597266,354,16,5.431892681,969.5852307,2.772200661,2250.528095,226.735704
val_2598,KIT-IK-001,val_11,val_53,val_31,1/15/2024,72425.74203,5.109253581,409,130,5.696191513,405.25207,4.029400299,9314.753184,720.4977605
val_2599,KIT-IK-001,val_16,val_53,val_14,1/15/2024,48101.96243,4.594029237,393,120,4.5738542,134.5862247,3.045218749,2885.96071,47.9557882
val_2600,KIT-IK-001,val_17,val_43,val_8,1/15/2024,95336.65861,25.6985882,955,326,6.261650303,351.980095,4.088028245,8924.790744,687.6356673
val_2601,KIT-YB-001,val_2,val_42,val_2,1/15/2024,74697.19154,20.78562278,267,331,7.450671843,507.6172975,4.537444764,2592.003448,835.0032283
val_2602,KIT-YB-001,val_0,val_30,val_40,1/15/2024,143638.6392,15.8655812,113,820,5.55565423,300.4239269,3.847228057,6419.585368,350.5468358
val_2603,KIT-IK-001,val_2,val_59,val_0,1/16/2024,12937.65967,16.77285068,422,902,6.421897962,611.3002547,1.243026773,8079.740351,334.6253156
val_2604,KIT-LK-001,val_13,val_5,val_28,1/16/2024,118686.9141,28.99906459,83,170,8.736357978,7.923533373,1.981177248,5296.171497,272.4231173
val_2605,KIT-YB-001,val_11,val_43,val_40,1/16/2024,42223.41358,4.434456308,798,380,5.479766283,816.4764175,4.143116049,11600.72391,407.4947727
val_2606,KIT-YB-001,val_1,val_8,val_16,1/16/2024,121097.065,13.53690096,893,508,4.746693029,844.6561693,1.078577838,8525.489193,573.4384167
val_2607,KIT-LK-001,val_4,val_20,val_9,1/16/2024,127234.1909,26.65378395,831,273,3.229758014,783.5050983,3.071755988,2056.477883,762.0591426
val_2608,KIT-LK-001,val_10,val_15,val_34,1/16/2024,127458.8173,23.0928101,805,331,2.182284078,303.4346689,3.441678375,4591.269386,886.6164489
val_2609,KIT-YB-001,val_14,val_36,val_30,1/16/2024,130071.007,15.34310591,421,671,3.630313657,632.3718775,4.279984382,3905.021046,548.5592233
val_2610,KIT-SU-001,val_6,val_47,val_0,1/17/2024,107860.0623,8.007074095,699,425,4.655472801,365.2151054,4.226466717,3686.920451,474.9890956
val_2611,KIT-IK-001,val_18,val_4,val_27,1/17/2024,21789.41993,33.13615422,397,704,7.878319233,389.2746155,1.292721044,2698.677626,374.6834422
val_2612,KIT-YB-001,val_19,val_36,val_0,1/17/2024,8259.437728,14.39559383,855,74,2.956859096,709.1002643,3.71878118,2391.479298,595.3480688
val_2613,KIT-SU-001,val_15,val_13,val_19,1/17/2024,51444.40395,30.74865814,195,481,7.319314639,843.5406399,4.161201917,10467.89339,144.86729
val_2614,KIT-SU-001,val_9,val_4,val_14,1/17/2024,74512.94386,27.26850071,140,310,1.711305106,830.9916367,1.421759259,11874.14423,466.9557566
val_2615,KIT-IK-001,val_17,val_25,val_40,1/17/2024,45741.82466,30.18124515,976,288,2.425521094,231.0875769,2.941653901,2088.345883,508.7890766
val_2616,KIT-SU-001,val_14,val_34,val_46,1/18/2024,111459.9366,0.7888854,360,468,3.936956962,658.0287369,3.597433029,9536.833256,629.2927749
val_2617,KIT-SU-001,val_10,val_12,val_33,1/18/2024,108505.2999,16.81322169,311,302,5.228397672,267.0694967,2.369595067,2885.06655,68.52013937
val_2618,KIT-SU-001,val_8,val_23,val_35,1/18/2024,145802.7129,9.228297173,669,758,2.628355663,628.4406903,2.482129172,6355.703658,429.6800904
val_2619,KIT-LK-001,val_16,val_57,val_1,1/18/2024,60385.67703,9.735943162,342,185,2.008278448,367.2048433,1.411509076,2526.211939,761.7692411
val_2620,KIT-YB-001,val_11,val_20,val_3,1/18/2024,117966.2853,9.590443217,748,893,6.092429169,789.9587096,4.097462231,3399.101956,784.0412472
val_2621,KIT-YB-001,val_3,val_59,val_37,1/18/2024,111309.3956,13.74811578,430,362,4.70789139,937.4682746,1.948475952,5046.189867,543.2075539
val_2622,KIT-YB-001,val_19,val_50,val_20,1/18/2024,148318.0528,14.49252064,784,527,4.743030965,289.9811137,2.739686649,8519.522738,871.8889702
val_2623,KIT-LK-001,val_1,val_22,val_24,1/19/2024,116155.4801,22.26460064,80,168,3.771520205,868.814326,3.065526348,5793.575,754.7671999
val_2624,KIT-LK-001,val_13,val_34,val_33,1/19/2024,42894.39234,10.65268642,728,920,4.341227805,740.000547,1.348999418,9758.643536,797.2942828
val_2625,KIT-IK-001,val_13,val_42,val_16,1/19/2024,2783.22367,9.692644685,328,643,2.656671367,566.0231865,2.724526046,1339.790755,792.9687797
val_2626,KIT-YB-001,val_11,val_27,val_32,1/19/2024,145240.8401,12.74916545,423,770,3.435254521,524.9699385,1.609456111,6947.824022,728.5967247
val_2627,KIT-LK-001,val_1,val_24,val_34,1/19/2024,107552.3221,24.09070435,931,895,5.880456257,319.3054196,1.930092376,1459.131571,856.2375453
val_2628,KIT-SU-001,val_9,val_19,val_11,1/19/2024,121984.6909,0.205956912,482,996,5.700626649,203.2850633,2.425146844,1590.065493,96.87803744
val_2629,KIT-LK-001,val_17,val_8,val_32,1/19/2024,119090.0011,26.19309291,74,254,9.153346733,83.38621037,2.958921894,3845.062105,503.7575375
val_2630,KIT-SU-001,val_4,val_1,val_8,1/20/2024,110496.283,11.99611257,458,329,8.492859268,712.4489804,2.736819807,1438.725896,825.4384305
val_2631,KIT-LK-001,val_13,val_20,val_14,1/20/2024,112845.4331,20.25314411,240,242,1.063912862,222.4412193,1.286317944,9350.412341,109.3062037
val_2632,KIT-LK-001,val_17,val_47,val_37,1/20/2024,139453.9986,26.70097577,475,502,3.067875231,495.3877701,2.401477755,6187.224506,155.1952757
val_2633,KIT-YB-001,val_19,val_14,val_47,1/20/2024,137159.6366,17.97706383,217,899,8.989256727,889.8149117,1.156882812,7805.758303,401.60967
val_2634,KIT-IK-001,val_10,val_10,val_3,1/20/2024,57194.3985,22.72086345,643,738,3.832779058,671.1063873,2.003147799,863.8991224,564.0573604
val_2635,KIT-SU-001,val_6,val_19,val_31,1/20/2024,5128.747783,32.21393741,235,568,5.299350848,169.2347938,1.340439749,2852.711823,723.9064414
val_2636,KIT-SU-001,val_13,val_35,val_27,1/20/2024,6282.898228,1.239346279,465,474,7.074864335,734.4538323,1.66955023,6374.840726,560.8273708
val_2637,KIT-SU-001,val_9,val_12,val_29,1/21/2024,67272.4355,12.3636035,955,730,5.890214314,214.833881,3.009962013,1167.728322,216.6311253
val_2638,KIT-IK-001,val_12,val_13,val_37,1/21/2024,125329.4397,32.45452474,638,467,1.043811737,779.9094404,4.709241574,2094.903779,847.8969325
val_2639,KIT-SU-001,val_14,val_6,val_3,1/21/2024,127217.8784,29.34255807,709,890,2.859071189,77.71221719,1.779058885,458.2017672,264.9818076
val_2640,KIT-IK-001,val_14,val_19,val_35,1/21/2024,60956.24239,21.66561375,773,559,1.903957061,141.7091499,3.923225989,10955.56463,858.0236997
val_2641,KIT-IK-001,val_4,val_13,val_13,1/21/2024,45590.93799,8.179742709,920,665,2.508807316,934.1903773,1.174807264,5288.619345,495.0715959
val_2642,KIT-LK-001,val_15,val_49,val_7,1/21/2024,76236.91594,11.70254972,887,680,2.326318236,280.2845726,2.343396789,731.2411946,40.47662737
val_2643,KIT-LK-001,val_10,val_54,val_21,1/21/2024,124965.2094,30.05688189,858,743,6.605009349,150.635803,2.605539901,5633.803501,479.5507523
val_2644,KIT-YB-001,val_18,val_22,val_1,1/22/2024,95656.16989,24.49984671,341,478,4.659081695,214.9078384,1.433407077,10673.05604,654.0564067
val_2645,KIT-LK-001,val_13,val_5,val_30,1/22/2024,21400.96914,10.14062799,625,387,1.59896154,361.099733,3.547093088,2441.399584,879.9593095
val_2646,KIT-YB-001,val_17,val_5,val_27,1/22/2024,54653.97458,4.802143463,818,415,1.740613832,837.6158837,1.582693268,3006.807753,582.1306822
val_2647,KIT-IK-001,val_19,val_19,val_24,1/22/2024,83536.17432,27.37080763,560,939,9.553207605,152.5212536,4.202711135,11790.35236,991.4363135
val_2648,KIT-SU-001,val_19,val_27,val_1,1/22/2024,80970.23348,20.25261885,127,109,2.39285773,15.75071457,3.36610135,10276.13378,380.74095
val_2649,KIT-IK-001,val_14,val_31,val_36,1/22/2024,124679.786,33.72764901,509,704,3.284560946,864.9914784,3.965172088,6672.625666,245.7035672
val_2650,KIT-IK-001,val_11,val_18,val_1,1/22/2024,139859.6787,14.34589296,216,961,6.168654336,299.6586857,1.656932512,2394.948207,443.3607555
val_2651,KIT-LK-001,val_2,val_21,val_12,1/23/2024,15519.23258,12.34613834,690,71,2.683952593,76.91714164,2.26839999,2790.392893,658.4263381
val_2652,KIT-SU-001,val_7,val_17,val_19,1/23/2024,34048.93476,10.31831378,860,618,2.777764532,27.76671395,3.821900025,10365.20708,94.98129317
val_2653,KIT-LK-001,val_9,val_31,val_33,1/23/2024,59127.45814,16.96942877,702,595,1.653288927,899.5773114,2.813380666,8171.312321,90.00635542
val_2654,KIT-SU-001,val_15,val_41,val_19,1/23/2024,44811.51318,11.43099156,551,334,9.827390321,523.1403922,3.529366051,4341.139512,624.2971454
val_2655,KIT-YB-001,val_11,val_2,val_39,1/23/2024,61539.429,2.747032873,600,94,6.454454778,610.4991418,2.653833689,506.4207932,383.8281961
val_2656,KIT-SU-001,val_8,val_28,val_44,1/23/2024,6587.823678,11.06209121,539,678,5.767695711,616.0560784,3.688846866,1805.053762,783.2229298
val_2657,KIT-IK-001,val_2,val_38,val_36,1/23/2024,10368.98389,7.817230479,449,522,8.998035198,522.1938372,3.566110893,8804.906229,263.6940525
val_2658,KIT-IK-001,val_14,val_40,val_1,1/24/2024,125835.041,28.57539787,227,752,6.349826482,769.2612797,2.19802272,7855.230497,433.4431681
val_2659,KIT-LK-001,val_8,val_33,val_37,1/24/2024,15835.97672,8.398620153,676,88,3.367749377,906.0860022,4.526720957,4433.628223,515.0183266
val_2660,KIT-YB-001,val_0,val_31,val_9,1/24/2024,123699.2292,16.16873067,349,935,5.250324718,641.0773365,3.929553893,7185.111967,942.3502548
val_2661,KIT-SU-001,val_5,val_40,val_42,1/24/2024,46323.54427,23.61129083,156,627,5.298208101,843.8841402,1.272883872,9110.394031,7.341646338
val_2662,KIT-LK-001,val_17,val_22,val_46,1/24/2024,46728.8938,5.393095171,800,443,4.582716291,9.615817528,1.150815933,7797.154935,216.9937779
val_2663,KIT-SU-001,val_2,val_34,val_4,1/24/2024,15561.6807,18.68863046,552,456,7.782674415,480.1882139,3.864491655,3026.225472,92.02963255
val_2664,KIT-YB-001,val_8,val_19,val_4,1/25/2024,2482.875532,29.68210592,520,952,1.987145173,604.0475736,3.528126783,11427.75175,991.3165031
val_2665,KIT-LK-001,val_10,val_26,val_33,1/25/2024,53615.64696,20.52601016,519,553,2.432932966,201.2315477,4.697824135,478.8151351,132.2103871
val_2666,KIT-SU-001,val_1,val_7,val_6,1/25/2024,125385.8575,16.98704808,77,580,4.349766401,160.2969039,3.701875786,6764.052307,823.1964231
val_2667,KIT-LK-001,val_3,val_21,val_46,1/25/2024,138033.3419,29.39298554,535,649,1.640557042,136.2437224,1.832769505,2835.056286,520.0619089
val_2668,KIT-LK-001,val_18,val_8,val_25,1/25/2024,9707.040641,33.16436707,544,312,9.886559873,284.8200862,1.168164879,8548.742836,782.4347772
val_2669,KIT-LK-001,val_11,val_13,val_27,1/25/2024,5120.755539,28.7702919,511,250,5.462149622,823.4110681,3.12962724,6829.304045,301.7112293
val_2670,KIT-IK-001,val_4,val_25,val_41,1/25/2024,24240.69271,14.41264881,7,751,1.450955524,27.64875938,2.985186858,2509.297935,475.4641335
val_2671,KIT-LK-001,val_3,val_30,val_10,1/26/2024,115060.3264,21.48691949,751,319,6.471065752,602.4277763,4.749517004,6169.478252,977.881504
val_2672,KIT-LK-001,val_8,val_56,val_26,1/26/2024,31129.97352,18.52713099,614,34,8.029941197,68.15386604,3.833484279,6332.924421,95.1999906
val_2673,KIT-SU-001,val_14,val_1,val_47,1/26/2024,35006.15097,10.75514007,758,482,4.669446253,593.1963057,4.600205711,5159.558807,620.6547812
val_2674,KIT-YB-001,val_14,val_53,val_1,1/26/2024,133396.9333,15.34914049,504,10,5.324789906,252.2078395,4.026266651,697.6324867,958.3280442
val_2675,KIT-SU-001,val_3,val_19,val_8,1/26/2024,131304.8813,29.05848392,329,566,7.305400023,157.3424565,3.642483234,2639.971531,126.6737898
val_2676,KIT-IK-001,val_14,val_43,val_7,1/26/2024,100708.2383,10.65669853,834,644,3.104360094,465.8327735,3.252528309,11632.03447,840.0380333
val_2677,KIT-IK-001,val_17,val_40,val_16,1/26/2024,25020.06018,31.15658559,351,924,6.378974983,231.1063401,3.320141928,2424.184805,276.1196606
val_2678,KIT-YB-001,val_4,val_58,val_6,1/27/2024,57481.80385,34.70174031,453,607,6.678507933,378.2670882,3.02982766,5613.404565,200.6615418
val_2679,KIT-IK-001,val_0,val_6,val_8,1/27/2024,35808.52222,10.87550189,16,352,8.241792977,633.0506759,4.355878285,3669.676091,166.4916704
val_2680,KIT-YB-001,val_19,val_58,val_40,1/27/2024,100940.9145,4.471284301,162,642,9.019644763,936.2299804,1.938527807,9130.801712,735.6262445
val_2681,KIT-IK-001,val_10,val_3,val_22,1/27/2024,117099.6926,33.50966734,113,592,9.467993281,617.821409,4.660763184,7021.44274,35.80208583
val_2682,KIT-IK-001,val_15,val_52,val_17,1/27/2024,21748.99144,6.153067557,423,741,2.136937523,507.0682176,3.23797175,8641.817732,420.5140263
val_2683,KIT-IK-001,val_6,val_39,val_20,1/27/2024,134744.397,27.04694055,262,923,8.346408223,557.0000856,2.749728926,7716.325959,696.9362682
val_2684,KIT-SU-001,val_5,val_28,val_46,1/27/2024,69692.47312,1.561149057,332,97,7.078876977,472.0929835,1.844106398,6143.649605,139.6290161
val_2685,KIT-SU-001,val_4,val_23,val_23,1/28/2024,119353.3752,8.397665427,766,718,4.33655317,562.8106456,2.104252378,11535.34846,224.0793067
val_2686,KIT-IK-001,val_4,val_5,val_22,1/28/2024,8219.822477,9.253404824,683,805,9.305300557,570.1774033,3.336618292,8497.562448,152.4774219
val_2687,KIT-IK-001,val_9,val_48,val_44,1/28/2024,54406.88746,10.54377912,798,328,8.741053139,492.1950506,1.606897271,8328.143629,26.10637657
val_2688,KIT-LK-001,val_2,val_43,val_1,1/28/2024,2709.751681,32.19177086,816,403,7.969229684,788.3720071,1.013241329,8347.667573,456.5071399
val_2689,KIT-SU-001,val_16,val_56,val_22,1/28/2024,107913.4673,6.300777881,248,415,1.517358917,390.7453161,2.036903171,5708.153896,496.756807
val_2690,KIT-SU-001,val_10,val_43,val_35,1/28/2024,12377.92005,6.24263595,616,373,2.593061463,108.5473515,2.216417183,7783.70035,945.6995031
val_2691,KIT-SU-001,val_18,val_57,val_24,1/28/2024,51073.72576,24.2702878,870,879,9.26496267,643.0521666,4.765259577,7333.143525,728.075795
val_2692,KIT-IK-001,val_10,val_53,val_41,1/29/2024,117371.4278,33.34063532,305,326,9.840127798,796.0963611,3.327296803,10681.83178,970.1539053
val_2693,KIT-YB-001,val_6,val_25,val_42,1/29/2024,112470.4885,13.74709567,376,438,3.495735944,780.0177694,2.623060445,11750.43791,756.9068442
val_2694,KIT-SU-001,val_10,val_42,val_16,1/29/2024,96223.29825,27.10487723,531,585,3.49648304,252.1316365,4.932000065,5899.860779,978.7616651
val_2695,KIT-YB-001,val_3,val_15,val_39,1/29/2024,104256.0855,1.280049059,798,252,6.492744075,647.0209668,2.469617767,7289.729067,248.2038162
val_2696,KIT-IK-001,val_16,val_47,val_11,1/29/2024,97859.0831,28.87741741,147,698,1.685635178,998.5876416,4.832555782,3625.118061,167.5975617
val_2697,KIT-LK-001,val_14,val_36,val_11,1/29/2024,96370.75587,25.37421216,467,523,6.35783923,104.5650736,4.765862854,10176.11342,391.3059459
val_2698,KIT-LK-001,val_2,val_26,val_46,1/29/2024,52773.36869,31.40222468,242,170,9.718201812,522.7553057,3.759586125,8586.005087,491.7769588
val_2699,KIT-SU-001,val_11,val_37,val_0,1/30/2024,4710.772759,22.38340907,713,186,3.672575838,305.3874446,3.100938559,11103.02869,824.6589866
val_2700,KIT-YB-001,val_10,val_16,val_16,1/30/2024,66552.96455,32.95851522,242,27,7.684705401,791.2232408,4.286979754,7339.076886,541.448426
val_2701,KIT-YB-001,val_4,val_37,val_30,1/30/2024,7296.217913,13.76703785,356,582,5.724106684,324.727698,2.295641106,8562.079142,952.4713183
val_2702,KIT-YB-001,val_2,val_28,val_19,1/30/2024,70595.67557,25.69209428,346,801,3.585801984,733.5834268,2.471434122,1322.723704,288.5239787
val_2703,KIT-LK-001,val_15,val_19,val_40,1/30/2024,69879.80702,25.44963445,70,992,4.712308728,160.4542981,1.827538085,7359.399214,578.9148187
val_2704,KIT-LK-001,val_5,val_58,val_12,1/30/2024,27218.86982,9.547553552,668,660,5.959737446,66.96746349,2.021605012,4646.071073,651.6536194
val_2705,KIT-IK-001,val_10,val_3,val_26,1/31/2024,117747.1137,32.23616796,254,970,7.854317587,104.1023309,1.545830071,6195.486229,155.866643
val_2706,KIT-YB-001,val_4,val_45,val_6,1/31/2024,105779.2966,27.31535233,491,989,5.867154949,260.2918139,4.402723929,4053.554939,785.5132791
val_2707,KIT-YB-001,val_13,val_12,val_10,1/31/2024,84151.16133,30.34904207,697,614,9.326262575,849.5142824,1.004992544,3589.527642,639.3997557
val_2708,KIT-LK-001,val_0,val_13,val_8,1/31/2024,138923.3327,12.81816683,787,375,2.052538369,150.4337819,2.697903294,9884.484768,191.909603
val_2709,KIT-SU-001,val_7,val_9,val_35,1/31/2024,43434.47342,29.47566647,918,887,9.619279087,33.390478,2.456870108,6779.934447,413.5143388
val_2710,KIT-YB-001,val_10,val_6,val_9,1/31/2024,39673.81711,11.16118083,126,633,5.955862729,853.4608307,2.550697671,3187.89651,640.7537068
val_2711,KIT-YB-001,val_8,val_7,val_32,1/31/2024,27923.65443,33.76115654,628,815,4.526337233,374.8822567,4.375047124,9247.225986,733.3939494
val_2712,KIT-SU-001,val_12,val_49,val_16,2/1/2024,81893.74827,1.033360346,328,226,1.684459578,588.7339763,4.284247857,1082.667191,417.368943
val_2713,KIT-IK-001,val_3,val_55,val_27,2/1/2024,31200.89881,21.74772665,769,951,3.666233963,83.79853944,3.653588036,3659.17982,722.4875183
val_2714,KIT-LK-001,val_8,val_35,val_41,2/1/2024,130399.889,4.105934995,389,429,4.941410699,907.3445436,3.756437533,4168.398727,260.6758881
val_2715,KIT-SU-001,val_15,val_0,val_41,2/1/2024,45994.31069,25.21191443,14,873,9.433600402,504.4431023,4.21413241,2295.524251,305.0027753
val_2716,KIT-IK-001,val_6,val_51,val_0,2/1/2024,73894.18603,12.85635297,856,375,7.807827992,89.56958946,2.540179895,10143.74432,11.76929933
val_2717,KIT-YB-001,val_3,val_36,val_37,2/1/2024,79661.85936,30.49829265,760,900,1.531404485,633.8112486,2.802140609,8152.003184,487.55836
val_2718,KIT-YB-001,val_16,val_31,val_45,2/1/2024,46493.15884,30.57004738,330,673,3.951041056,365.5657151,1.978927581,8109.589006,188.3357533
val_2719,KIT-YB-001,val_15,val_56,val_32,2/2/2024,110893.7333,13.0095276,836,229,5.422890853,353.4070526,1.952212355,7193.946818,602.0504654
val_2720,KIT-LK-001,val_13,val_24,val_8,2/2/2024,103964.904,28.38736584,410,148,8.65076655,408.2185905,4.738471335,4663.8499,965.6572191
val_2721,KIT-IK-001,val_15,val_21,val_31,2/2/2024,114241.2487,23.90356333,413,158,7.987847392,508.1233258,4.042595901,7976.342669,999.6502251
val_2722,KIT-LK-001,val_15,val_46,val_30,2/2/2024,91085.11023,15.04452912,300,374,2.945239454,619.3259656,2.811953933,8888.152954,374.4046189
val_2723,KIT-YB-001,val_14,val_31,val_31,2/2/2024,69297.25269,12.14462825,494,44,1.454136074,146.4128836,1.155975413,6554.077297,733.6257056
val_2724,KIT-YB-001,val_10,val_43,val_20,2/2/2024,67613.10593,7.518611615,995,549,2.191378556,754.3662966,3.971203613,5754.533177,960.7071808
val_2725,KIT-LK-001,val_0,val_41,val_25,2/2/2024,107621.917,2.399654159,52,659,5.529607119,27.14346307,4.794063248,2837.588044,523.4217865
val_2726,KIT-YB-001,val_11,val_50,val_31,2/3/2024,56866.76854,18.20410603,593,745,1.80889845,699.1728577,4.706955099,1191.173029,333.9307453
val_2727,KIT-YB-001,val_5,val_19,val_22,2/3/2024,65870.33728,18.99341069,174,934,3.247819868,183.2974796,3.856649956,687.364842,155.7868323
val_2728,KIT-IK-001,val_15,val_4,val_37,2/3/2024,24968.83232,15.65184931,123,801,8.392129298,446.8240503,3.590952702,8628.089417,176.0634513
val_2729,KIT-IK-001,val_9,val_28,val_34,2/3/2024,102104.7532,33.28078185,56,994,4.617577905,561.5510813,1.483360053,4314.036981,854.09023
val_2730,KIT-YB-001,val_18,val_38,val_14,2/3/2024,12000.25001,0.676416081,273,604,9.965318451,647.3798242,1.342652211,8559.217496,258.9960094
val_2731,KIT-SU-001,val_11,val_49,val_29,2/3/2024,148581.5681,29.79061261,732,853,7.803844786,791.0353949,2.060811895,6193.293437,270.665222
val_2732,KIT-IK-001,val_11,val_16,val_36,2/3/2024,21988.76779,28.06858636,736,775,3.384264417,516.1965113,3.254972032,5473.259691,746.6605097
val_2733,KIT-SU-001,val_18,val_44,val_23,2/4/2024,57755.27022,26.60458332,800,831,1.068133084,880.1271518,4.652855629,7621.338837,836.8068143
val_2734,KIT-SU-001,val_9,val_49,val_34,2/4/2024,36048.20462,18.46705287,145,411,5.744867276,955.0510959,4.484386832,2362.466579,208.4420688
val_2735,KIT-YB-001,val_7,val_48,val_6,2/4/2024,43953.38983,6.824367162,108,519,7.352701981,976.0468599,2.224250813,11760.04764,688.6284917
val_2736,KIT-SU-001,val_7,val_48,val_18,2/4/2024,48706.76077,30.22820203,983,914,5.227147412,319.561472,2.464968309,4096.671044,446.5944726
val_2737,KIT-LK-001,val_17,val_59,val_33,2/4/2024,107891.3275,26.11189398,922,452,9.158541944,32.17418045,2.241376016,9276.385632,276.7427351
val_2738,KIT-IK-001,val_15,val_39,val_42,2/4/2024,26924.01634,29.18217826,700,606,7.911558344,715.7967701,3.120685135,3124.838132,520.2349776
val_2739,KIT-LK-001,val_3,val_22,val_31,2/4/2024,39946.55306,8.40540755,840,640,5.682422105,251.8976981,4.235700474,5721.585376,777.4897979
val_2740,KIT-YB-001,val_9,val_26,val_31,2/5/2024,15630.3105,19.49224976,805,185,1.170315222,767.6865138,4.132470918,6091.852551,99.49147855
val_2741,KIT-YB-001,val_7,val_44,val_16,2/5/2024,50053.26981,14.67538152,576,22,4.044222182,5.000545522,4.54522606,3818.569846,71.12422253
val_2742,KIT-IK-001,val_12,val_14,val_33,2/5/2024,141215.6406,22.46056595,476,695,5.44967323,777.1832024,3.086879797,4313.746269,911.7334785
val_2743,KIT-YB-001,val_1,val_36,val_17,2/5/2024,57326.29291,26.39074774,979,795,3.252109073,70.14406686,3.632620429,5336.395886,963.4057029
val_2744,KIT-IK-001,val_14,val_34,val_2,2/5/2024,116712.0765,6.245294822,676,583,8.538867293,879.3470321,4.81562112,10067.07742,528.5629175
val_2745,KIT-LK-001,val_14,val_39,val_11,2/5/2024,69524.73873,6.256530478,883,658,4.820240418,651.3122705,3.702211072,6100.595669,143.6147014
val_2746,KIT-SU-001,val_4,val_25,val_29,2/5/2024,67715.1528,1.717519283,207,66,2.834204479,161.7121521,1.668241525,1245.187726,78.55829738
val_2747,KIT-IK-001,val_3,val_44,val_46,2/6/2024,123683.6561,5.670039334,222,170,8.011894558,507.8219416,2.30741476,2756.786525,155.9972854
val_2748,KIT-IK-001,val_12,val_4,val_23,2/6/2024,4509.508309,8.558028391,630,738,6.474554031,505.2013699,1.302777898,11835.07702,282.6280784
val_2749,KIT-YB-001,val_5,val_44,val_41,2/6/2024,129800.5316,2.723646553,954,636,2.773706022,879.038581,1.44198566,1260.491947,683.857398
val_2750,KIT-LK-001,val_18,val_48,val_37,2/6/2024,73038.66351,12.57804523,621,198,5.794714433,532.3367271,2.967339603,7843.199279,110.2447265
val_2751,KIT-YB-001,val_15,val_53,val_26,2/6/2024,52993.51419,23.69578707,443,600,7.250691137,550.4769221,3.954279228,2691.655465,136.9382198
val_2752,KIT-LK-001,val_19,val_55,val_38,2/6/2024,136071.8252,27.79894485,24,35,5.035899928,318.9998731,1.755770425,5296.779671,713.032811
val_2753,KIT-IK-001,val_10,val_20,val_19,2/7/2024,51308.97309,12.23440595,155,788,3.721438407,728.5042873,2.280061576,4412.832814,257.4054992
val_2754,KIT-YB-001,val_18,val_2,val_21,2/7/2024,146665.7546,3.117106449,231,26,7.207018126,50.29820216,2.346204866,11730.69431,216.0561363
val_2755,KIT-IK-001,val_0,val_39,val_35,2/7/2024,140485.2966,26.62615695,200,838,7.18539477,967.9530854,4.360490686,6705.013489,582.646401
val_2756,KIT-YB-001,val_5,val_5,val_30,2/7/2024,40554.52023,13.81319236,703,223,1.152436857,606.2508988,1.736142551,3148.981574,78.78824903
val_2757,KIT-IK-001,val_0,val_16,val_25,2/7/2024,51420.10661,8.949680308,684,253,3.107127781,845.6652899,1.136152002,7322.193734,629.1062731
val_2758,KIT-LK-001,val_13,val_42,val_20,2/7/2024,121919.0481,16.58004595,380,926,6.816844503,781.0668805,3.495365687,1042.484986,19.22375068
val_2759,KIT-LK-001,val_10,val_35,val_46,2/7/2024,29743.7073,33.95127681,988,815,3.017303057,218.1524439,3.107406223,11134.44113,233.0268449
val_2760,KIT-LK-001,val_5,val_36,val_3,2/8/2024,109926.7588,13.16786632,394,336,9.663893665,289.0760623,1.010838243,4262.062203,450.4976506
val_2761,KIT-SU-001,val_6,val_45,val_2,2/8/2024,19808.09648,33.58896699,445,182,2.46511843,278.0112316,4.058768637,10623.77233,630.9419715
val_2762,KIT-IK-001,val_12,val_9,val_22,2/8/2024,31238.02625,9.010286757,526,109,7.733944551,225.5180606,2.695452527,9748.622595,203.8472862
val_2763,KIT-SU-001,val_3,val_47,val_1,2/8/2024,75325.61853,3.872957649,573,394,9.984903642,15.90729218,3.19128679,2404.106863,879.1972629
val_2764,KIT-LK-001,val_10,val_35,val_16,2/8/2024,112009.3182,5.669822344,191,581,4.119206201,826.9514509,3.683253078,11555.13067,919.0254815
val_2765,KIT-SU-001,val_12,val_25,val_27,2/8/2024,111044.5822,27.12760455,300,493,6.428146411,537.8524802,1.205381433,11901.79111,480.7237821
val_2766,KIT-LK-001,val_4,val_27,val_19,2/8/2024,91533.8797,18.90893645,688,897,1.951407728,591.1840551,1.690175857,9702.432793,272.4115533
val_2767,KIT-SU-001,val_4,val_30,val_9,2/9/2024,41180.84475,20.45089431,846,805,6.596411417,491.7033931,2.85256761,5527.627019,110.4840931
val_2768,KIT-IK-001,val_7,val_33,val_13,2/9/2024,62598.99069,33.87625221,423,260,9.887705019,124.3635895,1.687602108,8136.024141,938.6943652
val_2769,KIT-YB-001,val_11,val_20,val_29,2/9/2024,37309.03285,17.76834049,115,901,9.755732524,436.1028887,1.466330459,1151.692776,133.5735611
val_2770,KIT-IK-001,val_5,val_13,val_45,2/9/2024,41914.10504,4.272326935,852,462,4.706003707,293.6332118,2.299856873,11069.20405,298.6897404
val_2771,KIT-YB-001,val_7,val_10,val_37,2/9/2024,48821.99109,25.20433016,582,17,8.385584097,892.0585466,2.706645675,2816.74272,328.9586547
val_2772,KIT-YB-001,val_10,val_20,val_26,2/9/2024,90027.7328,7.43322747,436,852,8.43939732,701.2081209,4.399483916,8657.156874,268.3576078
val_2773,KIT-SU-001,val_3,val_15,val_6,2/9/2024,31535.43584,20.43752292,586,737,3.945399601,162.6573904,3.37975142,9658.072575,2.056648682
val_2774,KIT-SU-001,val_11,val_30,val_11,2/10/2024,6864.143118,29.93238104,823,355,8.404728726,701.9173316,4.717587861,11640.99196,207.1008289
val_2775,KIT-IK-001,val_2,val_54,val_21,2/10/2024,104021.9704,16.80242143,1,878,2.461641231,548.3677587,2.828786231,9920.940573,748.5096343
val_2776,KIT-SU-001,val_2,val_6,val_11,2/10/2024,3760.056891,11.13712151,360,906,9.809912769,81.67731876,2.88967115,9852.907444,205.4021873
val_2777,KIT-YB-001,val_4,val_18,val_33,2/10/2024,145632.3303,20.22902123,941,955,8.777530635,69.55110424,2.24579717,8523.527216,764.0744599
val_2778,KIT-SU-001,val_5,val_2,val_17,2/10/2024,52867.68378,4.617904937,301,913,5.595339206,147.4373316,1.326244901,7004.430354,415.8905572
val_2779,KIT-SU-001,val_0,val_58,val_40,2/10/2024,1483.915162,10.90322916,975,268,4.467898512,810.4974262,1.688032045,694.2240119,81.019915
val_2780,KIT-IK-001,val_19,val_42,val_12,2/10/2024,132745.5041,17.74416898,281,558,9.513537692,829.9490433,1.27083195,11677.89572,826.9792932
val_2781,KIT-IK-001,val_6,val_14,val_23,2/11/2024,90170.77773,9.044460494,467,173,1.640135129,608.18071,3.813796546,5497.856442,635.1517595
val_2782,KIT-YB-001,val_16,val_24,val_34,2/11/2024,122700.1481,1.566182629,70,682,5.485506116,15.62631808,2.396002859,9602.101566,612.1257459
val_2783,KIT-IK-001,val_18,val_43,val_9,2/11/2024,65536.19499,20.56290608,726,499,5.382522104,317.1216359,1.12606865,4651.966516,150.2222563
val_2784,KIT-IK-001,val_16,val_57,val_36,2/11/2024,53450.19151,14.1634083,239,880,4.431922281,400.9087039,4.008796718,5581.509433,623.3500968
val_2785,KIT-LK-001,val_16,val_34,val_28,2/11/2024,98450.82174,13.79323703,849,901,2.013648214,284.385287,2.019366634,5655.733474,796.5494993
val_2786,KIT-IK-001,val_2,val_16,val_31,2/11/2024,61197.1308,34.8890853,129,318,3.262431852,581.1276139,4.574085594,11882.09837,996.3731676
val_2787,KIT-LK-001,val_7,val_41,val_21,2/11/2024,83653.1854,4.09008431,116,315,9.848064197,62.21126481,4.292333972,2693.908623,670.8391606
val_2788,KIT-YB-001,val_14,val_41,val_44,2/12/2024,42034.52028,5.565312196,469,32,8.271562497,19.96994223,2.215037504,6120.835309,432.1782428
val_2789,KIT-IK-001,val_11,val_38,val_37,2/12/2024,50230.48831,30.69391125,84,505,8.544548413,587.8668156,1.942866444,2025.346913,818.8748995
val_2790,KIT-YB-001,val_0,val_2,val_9,2/12/2024,12787.5191,4.733105735,329,385,5.585784357,264.5303612,4.972320382,6030.639542,50.38078479
val_2791,KIT-YB-001,val_11,val_42,val_26,2/12/2024,117315.112,32.13327456,689,996,6.95642888,686.5292293,4.27858462,6642.38778,419.286253
val_2792,KIT-LK-001,val_16,val_1,val_43,2/12/2024,52653.19863,23.58423797,505,818,5.545053377,777.5928374,4.706498859,1812.476453,732.201552
val_2793,KIT-SU-001,val_16,val_54,val_13,2/12/2024,146262.3722,18.58006909,560,456,7.096234643,611.057167,1.068148421,8439.411021,359.4416445
val_2794,KIT-IK-001,val_7,val_52,val_25,2/13/2024,39333.94421,9.888343717,90,568,8.771215819,989.695472,3.393320747,9970.252384,58.9170938
val_2795,KIT-IK-001,val_4,val_33,val_36,2/13/2024,71520.3757,12.70967718,680,628,3.183352332,642.9268338,2.066568664,9829.126153,110.9396476
val_2796,KIT-IK-001,val_6,val_38,val_13,2/13/2024,46177.06398,28.94321903,91,903,9.558039442,772.7503323,2.498921081,8804.822963,167.1893657
val_2797,KIT-YB-001,val_5,val_4,val_24,2/13/2024,104241.8435,2.201158279,572,996,9.222506351,641.0173337,1.364301647,1862.430878,831.2776872
val_2798,KIT-YB-001,val_6,val_52,val_26,2/13/2024,121350.705,26.94549152,791,418,4.773621648,805.4417085,3.993462425,7533.314978,720.832689
val_2799,KIT-YB-001,val_6,val_16,val_8,2/13/2024,73308.10421,29.00815985,727,367,9.791327942,390.6019018,3.102576192,8440.616712,763.8660137
val_2800,KIT-LK-001,val_9,val_15,val_8,2/13/2024,55355.66983,24.76764843,353,713,8.942717332,434.3576494,4.168092035,9160.378756,909.3301297
val_2801,KIT-YB-001,val_0,val_42,val_27,2/14/2024,111840.3222,2.096762333,155,273,1.360696551,335.1874883,1.46594492,8570.93559,302.6050897
val_2802,KIT-IK-001,val_5,val_56,val_8,2/14/2024,29122.52909,26.04439123,831,140,1.379027502,576.4779333,4.989092527,7619.866834,743.075503
val_2803,KIT-SU-001,val_6,val_29,val_45,2/14/2024,90120.21756,25.36610369,215,283,7.365561213,374.6429551,2.394224756,8787.363885,364.5790908
val_2804,KIT-YB-001,val_3,val_30,val_25,2/14/2024,110176.8568,0.655666886,496,316,8.053047714,987.8619592,4.805773863,10257.41609,785.6861383
val_2805,KIT-SU-001,val_17,val_32,val_33,2/14/2024,40755.8069,31.25146111,237,617,3.238182277,603.0037351,3.705824838,6917.962696,695.8941991
val_2806,KIT-YB-001,val_13,val_17,val_19,2/14/2024,98527.05135,4.800414721,29,736,5.48862984,335.7008554,1.435335871,1914.501822,989.7982461
val_2807,KIT-YB-001,val_18,val_35,val_14,2/14/2024,110416.3087,33.63521959,416,162,5.853235749,508.166031,4.12795642,9828.292096,757.0703863
val_2808,KIT-YB-001,val_11,val_57,val_23,2/15/2024,18053.78611,2.662816222,550,45,5.010361846,780.6128967,3.242653713,7999.997729,5.905430492
val_2809,KIT-LK-001,val_2,val_22,val_34,2/15/2024,48924.16891,8.484120124,760,164,1.622101863,806.1172531,1.754812377,8302.011781,699.810397
val_2810,KIT-IK-001,val_18,val_46,val_19,2/15/2024,61242.75417,24.22042826,726,912,2.970064919,637.1015108,1.748946951,3671.643281,101.642532
val_2811,KIT-LK-001,val_9,val_46,val_13,2/15/2024,116505.6309,4.975997744,832,260,8.330596652,2.330519825,4.812618953,1965.986651,546.0955916
val_2812,KIT-SU-001,val_13,val_51,val_6,2/15/2024,85342.01737,6.636870983,814,528,1.657781962,868.6130971,4.994251918,9412.515005,157.3216975
val_2813,KIT-YB-001,val_7,val_43,val_26,2/15/2024,67709.44023,0.588773199,401,541,6.599265869,909.8020141,3.304462882,783.1554361,494.7278103
val_2814,KIT-IK-001,val_9,val_55,val_32,2/15/2024,48156.48108,28.96150664,341,278,6.7074238,871.6491081,1.748613491,4947.700115,792.6254918
val_2815,KIT-LK-001,val_9,val_42,val_25,2/16/2024,1107.1744,1.509082065,602,845,9.608411194,671.1160077,2.361035092,6204.566919,289.110571
val_2816,KIT-IK-001,val_5,val_58,val_12,2/16/2024,3522.903599,22.21354095,480,65,9.887061158,27.09945187,1.847832834,405.6805077,152.6859709
val_2817,KIT-YB-001,val_11,val_42,val_11,2/16/2024,36446.71075,20.46429502,295,529,9.505382733,950.7802575,3.42996431,7244.674992,314.4946696
val_2818,KIT-SU-001,val_14,val_50,val_18,2/16/2024,17945.24557,17.99116107,31,414,5.871892918,67.80752061,2.601111638,1611.591961,173.6535566
val_2819,KIT-LK-001,val_0,val_53,val_16,2/16/2024,18378.19626,13.25548882,476,783,1.3759815,149.4842443,2.512272354,3049.088769,183.5618816
val_2820,KIT-IK-001,val_2,val_59,val_9,2/16/2024,90609.5738,10.62477724,469,197,3.495705507,627.9011009,4.205672237,11924.10916,697.2251812
val_2821,KIT-LK-001,val_16,val_35,val_45,2/16/2024,91015.57082,33.50177386,941,958,5.279459892,461.8093693,4.854273185,6811.215343,704.3237217
val_2822,KIT-IK-001,val_11,val_42,val_15,2/17/2024,7193.430361,27.53046798,813,793,1.35207858,754.7580699,1.788103245,11625.61355,529.141299
val_2823,KIT-YB-001,val_19,val_58,val_12,2/17/2024,89293.32014,32.31109443,269,740,1.333875991,633.1442795,2.657695142,6013.086791,252.2214882
val_2824,KIT-LK-001,val_12,val_22,val_29,2/17/2024,22299.87981,25.73964876,110,495,3.916207502,4.189976636,3.14611965,9680.412174,529.6496111
val_2825,KIT-LK-001,val_13,val_7,val_38,2/17/2024,56895.24735,29.04951046,788,643,4.486102517,642.8149469,1.983490373,648.2824672,948.5431248
val_2826,KIT-IK-001,val_17,val_53,val_22,2/17/2024,148457.737,33.75330468,487,207,6.227599341,858.2199334,2.607600236,3636.873683,383.6924585
val_2827,KIT-LK-001,val_13,val_37,val_32,2/17/2024,78539.8018,15.98683057,42,8,9.395718846,852.1464019,1.223187,3542.04386,423.5647827
val_2828,KIT-YB-001,val_6,val_25,val_4,2/17/2024,5611.107998,31.75999032,754,746,4.520592393,157.4080497,1.164885727,1023.633337,494.2629074
val_2829,KIT-LK-001,val_10,val_43,val_25,2/18/2024,52474.90115,1.698980862,345,448,1.432815205,347.3615787,4.145442236,11434.79969,178.4115471
val_2830,KIT-YB-001,val_4,val_1,val_3,2/18/2024,100799.2747,3.953950307,171,352,5.86039261,119.5294052,2.356374408,6155.214037,244.7135758
val_2831,KIT-LK-001,val_6,val_28,val_6,2/18/2024,34077.38375,17.26502686,659,268,4.22166203,751.4823349,3.829698554,7197.065097,690.9430943
val_2832,KIT-YB-001,val_13,val_15,val_28,2/18/2024,144685.1609,15.99826912,785,621,9.109932185,627.5604982,1.331655913,6341.441845,161.5747349
val_2833,KIT-IK-001,val_2,val_17,val_9,2/18/2024,64081.40783,15.44981519,776,512,4.88348262,484.4336378,3.682667501,3133.056222,604.5111025
val_2834,KIT-LK-001,val_13,val_58,val_1,2/18/2024,3652.552358,18.89426948,274,675,3.896176785,299.7589666,3.613480182,11106.77628,385.8901863
val_2835,KIT-YB-001,val_11,val_33,val_8,2/18/2024,81314.64161,18.93537319,592,952,7.51492231,787.0981645,4.285819609,8094.126602,306.2829832
val_2836,KIT-YB-001,val_6,val_8,val_37,2/19/2024,101590.3488,30.49565289,466,836,5.439276533,791.4334199,1.818429926,1658.492214,549.7503248
val_2837,KIT-LK-001,val_0,val_21,val_28,2/19/2024,68670.68097,12.23776588,870,320,5.995891718,491.1801077,3.20446906,5649.110929,225.6854623
val_2838,KIT-YB-001,val_14,val_14,val_18,2/19/2024,139261.5405,11.20518526,189,242,2.368606739,124.4207168,4.60473177,217.3898683,309.6675881
val_2839,KIT-IK-001,val_16,val_54,val_46,2/19/2024,135338.859,24.62595433,821,160,4.376734366,465.3590262,1.879532515,8161.969763,524.536604
val_2840,KIT-LK-001,val_14,val_17,val_18,2/19/2024,21274.53094,22.76699743,346,569,1.417816541,896.0668133,1.499458778,6378.285649,657.2927372
val_2841,KIT-IK-001,val_8,val_21,val_42,2/19/2024,12452.25102,29.07867504,618,826,7.793909196,584.0853918,2.379060414,10869.52603,836.3520014
val_2842,KIT-SU-001,val_13,val_20,val_16,2/20/2024,47190.19512,10.96287882,502,253,3.210234965,754.0007824,4.861384271,11378.57276,824.6585045
val_2843,KIT-SU-001,val_8,val_10,val_1,2/20/2024,91415.83301,0.422518726,348,991,2.084641848,294.6679675,1.629562733,1358.491206,497.739183
val_2844,KIT-IK-001,val_7,val_46,val_5,2/20/2024,90438.49949,33.05341621,231,429,6.305608277,343.1634978,1.477338206,1256.059386,74.21833908
val_2845,KIT-IK-001,val_6,val_34,val_13,2/20/2024,41110.64341,1.739043702,364,780,6.214866892,117.120804,4.990988785,10809.27248,188.061338
val_2846,KIT-IK-001,val_4,val_26,val_8,2/20/2024,142689.5317,23.86445043,608,298,3.842178126,342.8050764,2.572625444,6242.801623,0.468761826
val_2847,KIT-YB-001,val_19,val_23,val_7,2/20/2024,46446.09165,11.39975331,615,138,9.661160601,169.6135019,1.596995205,5742.198873,185.5997503
val_2848,KIT-IK-001,val_13,val_40,val_18,2/20/2024,120727.8157,14.93895033,623,513,6.719691795,538.9798341,3.234478082,6935.311381,30.7364804
val_2849,KIT-IK-001,val_3,val_5,val_46,2/21/2024,124881.037,29.36354065,657,551,9.33754498,393.8054913,1.055429873,5703.538517,714.7347452
val_2850,KIT-IK-001,val_17,val_55,val_9,2/21/2024,15216.03533,14.80136617,51,478,3.70536115,835.7516876,2.702299852,7448.363985,546.1555344
val_2851,KIT-YB-001,val_3,val_33,val_11,2/21/2024,35266.66037,5.224129178,394,405,5.966227533,382.7281205,1.144874944,11399.01702,35.73097698
val_2852,KIT-IK-001,val_11,val_13,val_47,2/21/2024,32671.13044,26.45434096,315,650,4.72168656,212.338362,3.261354287,7350.596871,617.6464094
val_2853,KIT-IK-001,val_3,val_32,val_9,2/21/2024,137987.8719,0.903360794,397,634,4.719550166,84.23486861,3.499080243,3984.675151,814.1502821
val_2854,KIT-YB-001,val_7,val_51,val_39,2/21/2024,52990.18613,9.760707997,382,151,1.429905898,252.5713619,1.014110764,2717.93077,28.53528702
val_2855,KIT-LK-001,val_13,val_10,val_29,2/21/2024,125552.4643,18.92496169,176,669,2.976727489,697.3633134,3.050820806,11600.16738,127.0498251
val_2856,KIT-IK-001,val_19,val_31,val_44,2/22/2024,71963.69133,15.4341766,965,332,8.823929043,626.2308671,4.77981586,7036.914065,471.2042864
val_2857,KIT-SU-001,val_19,val_35,val_26,2/22/2024,68854.24711,21.7839462,0,807,8.648697712,619.9459402,2.592356699,6886.679833,42.30647288
val_2858,KIT-IK-001,val_17,val_48,val_28,2/22/2024,135561.493,13.47089971,596,498,1.945882089,858.1707229,4.818011355,593.2981944,21.27714974
val_2859,KIT-IK-001,val_4,val_34,val_10,2/22/2024,66414.76038,13.79234799,461,240,1.163332429,252.809402,4.853884449,11036.96849,582.4172006
val_2860,KIT-IK-001,val_1,val_44,val_27,2/22/2024,111855.3616,12.33327265,704,180,1.918411927,470.7925948,1.960999436,5741.314842,562.5775343
val_2861,KIT-SU-001,val_18,val_46,val_32,2/22/2024,63944.43652,31.07701232,831,965,6.749212605,168.1844286,3.309515429,11997.05047,806.651452
val_2862,KIT-LK-001,val_18,val_53,val_47,2/22/2024,15729.52562,0.801918586,649,719,3.158406152,218.7948463,4.321249708,2180.810712,77.89951979
val_2863,KIT-LK-001,val_5,val_21,val_4,2/23/2024,8437.671777,32.89954046,767,214,7.863617909,370.9184659,3.836629207,4049.220209,897.1937907
val_2864,KIT-YB-001,val_0,val_42,val_7,2/23/2024,31631.90646,12.6661143,274,502,1.052462303,707.0799,4.040516501,2678.88976,18.63249738
val_2865,KIT-IK-001,val_12,val_14,val_0,2/23/2024,108479.0714,12.8979199,994,124,7.441953267,833.7093966,2.043715288,4671.394711,301.3610714
val_2866,KIT-YB-001,val_1,val_50,val_37,2/23/2024,56360.63316,25.46107111,87,835,8.977516972,307.2139971,4.672854138,11724.28635,48.67091252
val_2867,KIT-SU-001,val_0,val_57,val_3,2/23/2024,68389.08342,13.71203051,670,829,1.40325827,397.7642975,1.942576574,5094.379312,244.261507
val_2868,KIT-LK-001,val_18,val_17,val_43,2/23/2024,15730.52158,21.65923981,146,804,8.806554447,887.6606622,3.579230476,9959.786406,815.1697013
val_2869,KIT-YB-001,val_9,val_33,val_17,2/23/2024,93644.12117,31.64634763,234,463,9.260819302,780.2400976,4.538846786,9112.165304,125.1389795
val_2870,KIT-SU-001,val_2,val_49,val_13,2/24/2024,120615.5075,29.64769205,826,166,5.82256135,690.335038,2.437976703,3715.800852,201.8797277
val_2871,KIT-YB-001,val_13,val_1,val_46,2/24/2024,93890.14498,18.13476038,678,490,3.560758458,407.1433977,3.208533318,7042.867668,611.3677786
val_2872,KIT-IK-001,val_7,val_42,val_34,2/24/2024,147699.8052,25.13949405,634,510,6.065327342,341.0590342,3.762050348,10250.15751,21.66244815
val_2873,KIT-SU-001,val_10,val_49,val_26,2/24/2024,2943.038031,13.85672913,829,319,3.795280099,723.429682,4.713950764,7413.681401,602.4212346
val_2874,KIT-IK-001,val_17,val_52,val_42,2/24/2024,2842.639174,27.20633666,278,378,9.398889246,93.32647341,2.792146526,3326.171833,894.3757045
val_2875,KIT-LK-001,val_4,val_11,val_36,2/24/2024,75250.83767,6.122383599,641,46,5.892685718,543.4663008,3.412815183,10385.41095,69.55617335
val_2876,KIT-IK-001,val_12,val_45,val_30,2/24/2024,40328.0048,1.787985994,202,523,8.188339909,60.80523237,1.567176414,6762.750456,5.90468175
val_2877,KIT-IK-001,val_16,val_47,val_15,2/25/2024,103133.3056,19.01749712,482,193,6.489731849,623.3375984,1.260891158,11764.10374,405.9509934
val_2878,KIT-YB-001,val_8,val_0,val_47,2/25/2024,119084.918,7.693786231,405,841,3.595665221,568.4114311,1.085738154,7936.384069,849.0603058
val_2879,KIT-YB-001,val_19,val_42,val_34,2/25/2024,15814.16836,25.55966281,619,762,5.501167538,59.79271055,2.906335665,5496.468759,935.1931685
val_2880,KIT-LK-001,val_8,val_37,val_45,2/25/2024,137642.0613,3.726058103,65,604,8.919021983,419.8651078,3.182876431,5343.687706,801.1692236
val_2881,KIT-LK-001,val_9,val_58,val_46,2/25/2024,4973.479202,0.495630808,25,224,4.445856553,192.4499206,1.345429071,10585.24656,649.3320868
val_2882,KIT-IK-001,val_17,val_2,val_26,2/25/2024,103416.3872,23.71447657,31,668,4.071986525,798.1222144,1.724386666,11771.00689,426.5564082
val_2883,KIT-SU-001,val_12,val_57,val_17,2/26/2024,57982.86456,17.62782044,265,993,9.607874209,913.2827744,2.065203826,5042.166181,788.9743682
val_2884,KIT-YB-001,val_17,val_34,val_45,2/26/2024,100282.1623,33.33013616,576,631,4.006548753,314.6778503,4.565098837,2123.624029,756.6922431
val_2885,KIT-LK-001,val_15,val_16,val_47,2/26/2024,15096.63008,8.812499154,157,787,8.73550969,29.31894611,1.397041234,669.3638801,183.6243012
val_2886,KIT-LK-001,val_14,val_23,val_5,2/26/2024,140593.5078,4.489312889,992,901,2.604526481,897.65456,2.958762272,4003.993657,715.7788361
val_2887,KIT-YB-001,val_4,val_45,val_30,2/26/2024,140642.5468,1.004095127,413,849,8.125524659,844.5223015,4.156269305,4235.350127,792.5781817
val_2888,KIT-IK-001,val_7,val_59,val_28,2/26/2024,78150.42172,15.65980774,303,162,6.537714853,796.8487367,4.480693241,5225.184925,900.8759283
val_2889,KIT-IK-001,val_17,val_19,val_35,2/26/2024,76682.88784,3.708427612,893,874,2.081769209,356.3788302,3.77254175,1911.304617,729.618345
val_2890,KIT-SU-001,val_12,val_59,val_46,2/27/2024,95403.82408,27.19239165,175,766,1.57550649,79.70657026,2.062207729,6013.407781,732.3920881
val_2891,KIT-LK-001,val_5,val_37,val_12,2/27/2024,87220.30811,2.705105645,188,719,3.684765651,974.8710013,1.485673791,11331.70829,901.6164084
val_2892,KIT-YB-001,val_6,val_11,val_46,2/27/2024,81760.21174,32.2422674,381,228,6.917104097,493.4105922,1.631592814,2943.431501,194.2743485
val_2893,KIT-SU-001,val_15,val_35,val_30,2/27/2024,88584.07676,19.02171653,71,466,4.241023543,356.6112269,4.081100727,8280.129308,550.0350377
val_2894,KIT-YB-001,val_3,val_48,val_3,2/27/2024,128865.2107,24.43374382,682,904,3.440371216,777.210578,2.186132853,648.1928301,893.4993948
val_2895,KIT-IK-001,val_2,val_3,val_24,2/27/2024,91854.48355,4.755915282,777,917,6.236776271,670.7011011,2.351488045,7796.955013,631.6485915
val_2896,KIT-IK-001,val_15,val_4,val_6,2/27/2024,29777.23604,3.314785337,353,115,9.572993064,41.8655791,1.702095359,11262.71617,931.3429915
val_2897,KIT-LK-001,val_5,val_0,val_45,2/28/2024,137129.85,12.50819542,868,426,2.096674589,958.397679,2.738580798,3531.66315,50.42828581
val_2898,KIT-IK-001,val_15,val_34,val_36,2/28/2024,32786.11248,18.31112197,7,606,6.801231806,556.0637264,2.338168029,9831.576417,213.9567794
val_2899,KIT-YB-001,val_10,val_3,val_43,2/28/2024,25191.67337,20.22746791,531,95,9.21161939,188.2385689,2.428067446,1172.897609,221.3450233
val_2900,KIT-SU-001,val_19,val_55,val_28,2/28/2024,149560.1454,11.67663835,730,246,5.869904136,15.96965978,1.135160945,4427.180484,78.53046669
val_2901,KIT-YB-001,val_10,val_7,val_19,2/28/2024,32405.79582,9.688647872,376,597,9.677676521,552.2375672,2.850277473,279.082534,622.7248297
val_2902,KIT-IK-001,val_17,val_4,val_20,2/28/2024,15463.95712,34.35308687,947,656,6.381051216,594.0402479,1.447564841,4390.29155,401.4531623
val_2903,KIT-IK-001,val_17,val_15,val_45,2/28/2024,84520.07802,9.688634814,430,105,7.053418364,99.62465252,3.142707694,3856.111053,242.4681016
val_2904,KIT-LK-001,val_4,val_45,val_7,2/29/2024,124165.4647,4.999786808,918,423,8.121520257,544.9280579,3.676734667,8374.516489,727.7349213
val_2905,KIT-SU-001,val_19,val_54,val_42,2/29/2024,9582.23262,12.70919632,659,656,2.797512237,431.7235508,3.184426148,3675.221979,676.1709592
val_2906,KIT-SU-001,val_14,val_15,val_20,2/29/2024,73770.5742,10.77472174,231,991,6.041728951,437.6269338,1.585880771,9912.517738,39.21614592
val_2907,KIT-YB-001,val_2,val_31,val_28,2/29/2024,10741.0999,14.876385,832,998,6.52837086,975.2616344,3.465980889,3639.187848,439.5030403
val_2908,KIT-SU-001,val_0,val_46,val_32,2/29/2024,64589.32212,21.90523803,30,310,2.081328985,295.8857157,2.651193403,2835.170398,720.2222948
val_2909,KIT-SU-001,val_5,val_47,val_3,2/29/2024,51922.03925,21.18954808,189,675,5.099606184,884.160567,2.437572175,6035.414401,103.3697814
val_2910,KIT-LK-001,val_0,val_9,val_7,2/29/2024,21000.84801,24.50048801,780,553,7.936105337,344.519193,1.595105584,7946.204232,794.9511161
val_2911,KIT-LK-001,val_7,val_50,val_7,3/1/2024,139687.643,5.652640457,903,210,1.366356096,179.5017037,4.977323413,10686.98202,616.0508467
val_2912,KIT-YB-001,val_19,val_52,val_37,3/1/2024,95415.60343,1.798863867,388,508,4.721428065,152.2659888,2.570689208,9799.405305,718.1302963
val_2913,KIT-SU-001,val_9,val_44,val_3,3/1/2024,126536.9169,27.72018103,658,137,2.311458794,940.6380546,2.825482394,6389.146364,250.4012792
val_2914,KIT-IK-001,val_0,val_31,val_29,3/1/2024,135938.7071,7.756911858,698,120,2.581737378,23.29194871,1.37752947,11743.83756,747.7002721
val_2915,KIT-SU-001,val_9,val_23,val_5,3/1/2024,139562.707,11.18514214,739,356,5.613170631,219.1606387,3.701892453,3698.893033,173.6963036
val_2916,KIT-YB-001,val_4,val_53,val_36,3/1/2024,112343.1351,16.05765406,906,261,1.26533637,340.4739762,2.13063419,11993.66587,860.3414221
val_2917,KIT-LK-001,val_17,val_51,val_46,3/1/2024,46388.77313,25.12746162,86,145,4.824610491,656.7999121,3.960660428,4745.180592,205.9966599
val_2918,KIT-IK-001,val_1,val_31,val_19,3/2/2024,124425.4265,5.892738166,192,51,1.23134645,375.800708,1.26850846,3296.416949,268.226605
val_2919,KIT-IK-001,val_15,val_44,val_10,3/2/2024,78267.34527,31.60359882,919,570,9.330040937,20.41357356,2.187349359,4717.013006,670.8546412
val_2920,KIT-SU-001,val_8,val_23,val_21,3/2/2024,41112.26131,11.38915123,545,5,8.946585705,516.9596949,3.982618886,7112.648213,333.5481075
val_2921,KIT-LK-001,val_0,val_44,val_33,3/2/2024,58173.18459,34.39666171,528,783,2.904744037,884.4656892,2.584029469,5792.437957,309.0496265
val_2922,KIT-YB-001,val_13,val_5,val_34,3/2/2024,45532.91785,10.13235719,403,72,1.592239314,886.5710336,1.137142419,792.2131545,62.54924239
val_2923,KIT-SU-001,val_9,val_54,val_30,3/2/2024,70197.50398,25.45272495,362,658,3.255720903,991.5952455,4.158169458,4400.880014,820.1052627
val_2924,KIT-LK-001,val_15,val_30,val_27,3/2/2024,117309.6031,13.3080851,245,148,1.255527194,342.3925298,4.862389953,6003.476117,459.3623249
val_2925,KIT-LK-001,val_12,val_35,val_30,3/3/2024,72987.66761,29.31325321,399,617,7.613099167,122.4628005,2.506055709,8026.863393,393.0508202
val_2926,KIT-SU-001,val_15,val_11,val_10,3/3/2024,40544.85742,16.29174942,73,142,6.165049871,69.53853302,3.48637994,11445.99089,245.5364839
val_2927,KIT-IK-001,val_9,val_31,val_9,3/3/2024,13566.75966,30.49450963,293,436,5.894556063,867.091692,2.490604101,11479.6658,555.224159
val_2928,KIT-YB-001,val_0,val_0,val_44,3/3/2024,128435.535,26.43706416,994,660,8.667749969,748.2137898,3.219930059,6265.593001,559.5809205
val_2929,KIT-YB-001,val_2,val_53,val_27,3/3/2024,62896.60671,20.59379513,163,172,8.283812129,627.5736906,3.954254312,6915.274008,2.352693202
val_2930,KIT-SU-001,val_9,val_44,val_41,3/3/2024,66567.42053,8.899649552,732,132,4.679934206,496.7603497,3.531650123,8436.791953,85.60278162
val_2931,KIT-LK-001,val_7,val_27,val_30,3/4/2024,114676.3747,9.243396623,34,638,6.493032028,457.3406618,2.258842506,10056.85723,612.9240178
val_2932,KIT-IK-001,val_15,val_50,val_21,3/4/2024,127534.1111,34.70148879,734,641,4.976271399,493.951893,1.780754198,8993.681413,283.9713938
val_2933,KIT-SU-001,val_8,val_48,val_27,3/4/2024,76916.16374,32.40350229,264,419,6.616087297,363.8446382,3.177336874,8702.037228,983.8093652
val_2934,KIT-SU-001,val_17,val_7,val_33,3/4/2024,95038.99115,5.016959964,703,122,2.363723692,474.6771616,3.637991626,5477.842727,248.5809818
val_2935,KIT-YB-001,val_3,val_3,val_8,3/4/2024,36253.92673,7.30144516,497,305,3.700722126,210.3294834,3.29798511,10453.60697,152.0488525
val_2936,KIT-SU-001,val_7,val_15,val_22,3/4/2024,140292.6579,3.917140641,776,217,3.266952326,117.767952,1.512563214,8018.055893,44.63856769
val_2937,KIT-YB-001,val_15,val_0,val_34,3/4/2024,85404.22958,7.206555388,667,659,2.507203125,211.2951648,2.420185031,2078.540147,686.5198312
val_2938,KIT-YB-001,val_2,val_34,val_4,3/5/2024,108080.9311,10.30026772,558,300,4.724542794,970.9639826,3.97859466,7260.844508,290.6183817
val_2939,KIT-IK-001,val_6,val_31,val_3,3/5/2024,17574.85163,29.34941723,734,378,7.538494579,990.6864929,1.586994398,3864.5963,273.9673415
val_2940,KIT-YB-001,val_15,val_32,val_7,3/5/2024,95719.68238,3.512342335,966,261,4.564510056,751.5114685,4.533526031,2596.188016,110.4350336
val_2941,KIT-YB-001,val_11,val_4,val_28,3/5/2024,55657.99247,30.8977957,596,168,9.843720754,837.1912079,2.866130859,7856.421267,52.47232012
val_2942,KIT-IK-001,val_15,val_55,val_11,3/5/2024,67784.41479,34.02316857,174,812,3.718816099,103.5663612,4.164649747,7778.550531,230.3605026
val_2943,KIT-SU-001,val_10,val_58,val_20,3/5/2024,102483.2238,10.00455438,116,483,9.533168038,123.0266077,2.363222494,11465.66565,396.6180739
val_2944,KIT-SU-001,val_17,val_35,val_6,3/5/2024,119550.9677,16.07693783,548,571,2.741983168,92.65464127,2.436862402,11719.41018,662.0623618
val_2945,KIT-YB-001,val_17,val_0,val_12,3/6/2024,52730.10313,18.6206274,431,289,3.886971275,63.19566791,4.868113546,5023.698582,101.1969426
val_2946,KIT-YB-001,val_19,val_23,val_0,3/6/2024,131048.9094,7.357988783,609,87,2.476733221,747.3415971,3.26940028,2306.522466,366.1657249
val_2947,KIT-SU-001,val_2,val_43,val_38,3/6/2024,33239.05048,25.65885799,668,734,3.141191356,56.40307204,1.40762703,1857.40692,992.41311
val_2948,KIT-IK-001,val_11,val_44,val_22,3/6/2024,84653.28587,20.38395823,187,722,2.414004134,949.0405638,4.830663358,11696.24903,681.1226681
val_2949,KIT-SU-001,val_2,val_14,val_8,3/6/2024,23114.18931,4.103771954,743,47,6.623445801,654.0370451,2.499402454,4871.471219,999.1941052
val_2950,KIT-IK-001,val_4,val_49,val_25,3/6/2024,43742.84097,31.38018448,992,887,2.805536354,170.8762668,3.840895062,4244.83844,79.40816405
val_2951,KIT-IK-001,val_6,val_58,val_44,3/6/2024,134364.0147,10.71630568,324,853,1.766189369,817.5225791,1.514246721,7529.529087,404.8748631
val_2952,KIT-SU-001,val_12,val_30,val_39,3/7/2024,2227.738023,5.637406624,929,849,3.397786559,823.693762,4.421290927,876.30314,230.2291443
val_2953,KIT-SU-001,val_8,val_22,val_42,3/7/2024,137383.8727,34.36853318,929,461,7.105600614,563.8887825,4.836291061,7831.736979,941.5623318
val_2954,KIT-SU-001,val_17,val_31,val_19,3/7/2024,49596.10407,3.781233096,418,694,4.857681714,90.98398737,2.531393387,10533.85785,905.2866806
val_2955,KIT-YB-001,val_5,val_1,val_17,3/7/2024,104521.4153,2.277444625,796,15,2.40542276,400.7781311,1.578867242,8746.378827,569.0156965
val_2956,KIT-IK-001,val_12,val_31,val_15,3/7/2024,14211.88502,8.466844638,933,599,1.571051701,548.5373126,3.230586749,5125.946121,307.1289371
val_2957,KIT-IK-001,val_15,val_1,val_14,3/7/2024,96370.08362,11.31041913,852,133,7.564192358,743.7957341,1.647148798,1570.473924,544.8564183
val_2958,KIT-SU-001,val_19,val_2,val_44,3/7/2024,136464.4613,15.29633278,389,910,7.336986969,298.5037348,2.768558495,3046.663872,871.1222608
val_2959,KIT-SU-001,val_4,val_33,val_6,3/8/2024,83502.68785,24.04392359,667,946,5.153722418,873.1571485,3.490629629,3332.01292,573.8670067
val_2960,KIT-SU-001,val_14,val_30,val_40,3/8/2024,54637.16399,12.92682577,593,150,5.749740925,250.737971,1.557195152,4742.088593,765.2638524
val_2961,KIT-IK-001,val_1,val_59,val_43,3/8/2024,119139.8542,19.66480965,414,537,3.164435745,998.1984908,4.792074688,1773.493767,687.764539
val_2962,KIT-LK-001,val_10,val_30,val_40,3/8/2024,107052.4509,0.402237612,640,592,5.368031453,115.0553032,3.822356037,6992.716364,97.53457659
val_2963,KIT-YB-001,val_8,val_58,val_30,3/8/2024,18095.03786,13.59450893,935,769,7.557459529,832.9495996,2.445121067,4522.474223,757.8702113
val_2964,KIT-SU-001,val_19,val_48,val_41,3/8/2024,100022.3798,33.0849099,26,489,7.943793556,132.2168811,2.662751034,6057.175819,208.5900955
val_2965,KIT-YB-001,val_15,val_20,val_1,3/8/2024,99866.04899,27.16466536,902,883,4.064453842,759.3130522,4.392472688,3564.610075,870.5473879
val_2966,KIT-SU-001,val_18,val_55,val_39,3/9/2024,112912.2145,25.97985981,368,345,7.109655003,862.3012285,2.904016899,5555.587662,309.6501953
val_2967,KIT-YB-001,val_17,val_28,val_24,3/9/2024,47787.87634,10.79715598,829,320,5.37835981,312.9185304,4.948322517,8609.268579,564.2575131
val_2968,KIT-SU-001,val_8,val_35,val_46,3/9/2024,60491.05826,17.18853083,107,729,7.654022321,101.3339272,1.248697098,1241.039268,285.7432283
val_2969,KIT-SU-001,val_14,val_6,val_4,3/9/2024,144025.6895,29.58941788,892,547,7.217025871,999.9091585,2.085347668,6219.111957,8.528717099
val_2970,KIT-SU-001,val_0,val_12,val_44,3/9/2024,86231.80966,30.82941731,448,81,7.75321029,971.0522426,3.073788181,7496.27451,780.1349166
val_2971,KIT-SU-001,val_11,val_31,val_27,3/9/2024,76521.49408,24.92689742,917,650,2.483950384,756.8210921,1.543379373,8078.578002,714.8673798
val_2972,KIT-LK-001,val_0,val_16,val_4,3/9/2024,148034.029,16.0876418,428,279,3.899098666,386.4903619,2.424911658,11088.94906,923.6477637
val_2973,KIT-LK-001,val_14,val_35,val_24,3/10/2024,34818.86597,2.746143575,747,842,3.384853697,134.400644,3.079910392,9417.234724,572.5048888
val_2974,KIT-YB-001,val_19,val_4,val_1,3/10/2024,59991.56805,4.353495138,596,837,5.023619687,418.0502918,2.043964209,8920.137825,188.1479206
val_2975,KIT-SU-001,val_13,val_15,val_3,3/10/2024,114102.5925,0.21019368,200,420,5.184212138,720.3425775,1.658429236,10442.39857,170.8368565
val_2976,KIT-LK-001,val_16,val_39,val_25,3/10/2024,107108.5369,12.70015198,249,854,7.005764787,152.3639693,2.073382094,10990.19734,389.2979795
val_2977,KIT-IK-001,val_4,val_36,val_39,3/10/2024,145021.7461,1.01376193,539,952,6.126464206,16.80037533,1.330287174,10104.32028,330.6574643
val_2978,KIT-YB-001,val_19,val_59,val_5,3/10/2024,98317.90095,15.33875832,487,730,6.218873857,904.0352588,1.783739275,7445.139878,408.0165179
val_2979,KIT-IK-001,val_11,val_53,val_12,3/11/2024,47307.6985,20.99444849,616,607,6.69686356,699.9898549,1.244060849,10148.54805,224.9604653
val_2980,KIT-YB-001,val_13,val_48,val_18,3/11/2024,59948.96907,20.93662889,807,933,3.456007352,693.8401287,4.810124879,4051.662577,988.646787
val_2981,KIT-YB-001,val_15,val_0,val_25,3/11/2024,13912.08214,19.52435363,774,874,3.035184578,947.1857572,1.644056409,11433.32743,85.7069438
val_2982,KIT-IK-001,val_12,val_36,val_0,3/11/2024,138596.1786,8.070745957,58,478,2.936696987,520.705339,1.005072482,2246.852946,739.1607936
val_2983,KIT-IK-001,val_6,val_13,val_30,3/11/2024,19735.8694,18.26777378,495,83,8.015034147,318.0769542,4.829532306,2904.73479,567.6340886
val_2984,KIT-LK-001,val_12,val_16,val_23,3/11/2024,82082.70675,34.29829038,148,601,1.875355384,909.4256453,4.034327959,2070.601411,555.6173074
val_2985,KIT-SU-001,val_13,val_12,val_46,3/11/2024,60508.57113,15.67269899,513,463,3.844834353,985.8115711,2.068084164,9368.759601,613.3353344
val_2986,KIT-LK-001,val_17,val_27,val_14,3/12/2024,20566.43015,30.63231068,536,366,3.52245676,20.45992022,4.515672135,5327.040284,904.0458726
val_2987,KIT-SU-001,val_9,val_7,val_23,3/12/2024,44302.34192,13.47290935,996,179,6.327331786,330.672878,4.486500074,8908.758653,675.1511562
val_2988,KIT-IK-001,val_10,val_31,val_3,3/12/2024,95218.56788,21.88194644,388,717,9.317724261,362.4056053,3.963976475,6218.766242,270.8696466
val_2989,KIT-YB-001,val_10,val_9,val_44,3/12/2024,5172.097921,16.96799395,452,912,8.907351854,111.2278076,3.368892148,4958.650596,269.2456559
val_2990,KIT-YB-001,val_2,val_30,val_40,3/12/2024,144915.4352,24.16406218,512,598,1.948485893,221.5732529,3.338863716,10777.24553,828.1089482
val_2991,KIT-LK-001,val_1,val_37,val_17,3/12/2024,136409.7949,31.42874882,130,235,5.861892051,24.45759678,4.875610094,5299.304785,478.073483
val_2992,KIT-LK-001,val_0,val_10,val_22,3/12/2024,13147.91623,15.54334607,59,1,1.33477651,696.416157,2.860591383,7497.117005,704.8719855
val_2993,KIT-LK-001,val_13,val_6,val_41,3/13/2024,130318.8555,26.55750115,710,713,8.131655561,106.9051502,4.234253045,10331.45521,375.915031
val_2994,KIT-SU-001,val_8,val_48,val_14,3/13/2024,49621.39717,30.91237982,300,157,4.372463866,887.6275792,1.449964691,2708.633875,738.1850152
val_2995,KIT-YB-001,val_17,val_44,val_11,3/13/2024,10591.91505,27.67615021,362,62,2.933783075,583.9754553,3.803310932,4952.143502,424.1018415
val_2996,KIT-LK-001,val_14,val_15,val_11,3/13/2024,46263.86873,1.054548761,993,197,5.356917293,356.1590463,4.958260568,1909.882258,493.1541307
val_2997,KIT-IK-001,val_2,val_53,val_33,3/13/2024,121428.6804,0.206599942,248,201,4.915929905,808.8870455,1.039912269,6603.723091,928.4346833
val_2998,KIT-YB-001,val_2,val_13,val_10,3/13/2024,100041.8021,30.92699675,905,339,9.488155169,650.6704164,2.031607295,9516.901537,494.8708143
val_2999,KIT-LK-001,val_7,val_55,val_4,3/13/2024,36164.6603,25.58010675,629,320,1.298680415,753.0228047,4.139783759,849.3796359,224.827307
val_3000,KIT-LK-001,val_18,val_6,val_7,3/14/2024,108016.8832,33.54299472,265,197,9.549857388,877.7763687,3.935245891,911.9038499,531.427003
val_3001,KIT-SU-001,val_0,val_39,val_47,3/14/2024,106319.2566,10.37838731,955,782,3.109341195,807.6650328,3.936783021,8946.062307,8.542595468
val_3002,KIT-LK-001,val_3,val_1,val_41,3/14/2024,111557.7738,27.62129519,622,827,2.305289453,779.1425832,4.929855022,8573.182705,278.9417592
val_3003,KIT-LK-001,val_0,val_11,val_45,3/14/2024,81328.17182,28.09296828,313,251,7.676414268,729.8434464,1.383420886,4945.897068,604.1512843
val_3004,KIT-IK-001,val_8,val_24,val_13,3/14/2024,122932.375,30.03496184,451,368,5.703192363,377.4884083,3.700375596,4456.178425,70.94768144
val_3005,KIT-IK-001,val_19,val_5,val_21,3/14/2024,96383.65158,24.2825714,372,817,9.060826669,651.8311409,3.564747079,3527.992162,455.3952512
val_3006,KIT-SU-001,val_13,val_27,val_23,3/14/2024,19247.18186,5.013118136,846,953,5.883733905,565.6988833,1.8230465,928.7798005,598.8500297
val_3007,KIT-LK-001,val_9,val_13,val_25,3/15/2024,121633.2702,23.89680734,465,789,5.549208503,963.4458865,1.851701111,6259.881702,226.5035617
val_3008,KIT-LK-001,val_2,val_5,val_1,3/15/2024,48903.3317,21.23603258,36,553,2.855456907,500.9355334,3.600848842,7469.687982,217.8210255
val_3009,KIT-LK-001,val_7,val_57,val_28,3/15/2024,105902.6904,11.81178882,688,993,9.547964086,221.8178202,3.618077876,10411.29441,668.7946701
val_3010,KIT-IK-001,val_10,val_58,val_1,3/15/2024,101432.1901,7.459749512,757,727,6.980411965,457.7283546,3.400285171,6593.963723,974.1965063
val_3011,KIT-YB-001,val_5,val_57,val_13,3/15/2024,50718.92189,31.00147806,396,677,6.414118492,414.6501113,2.847570978,1993.085149,307.3452808
val_3012,KIT-SU-001,val_14,val_9,val_14,3/15/2024,24671.70694,5.139738025,922,29,8.110501735,468.5163616,3.748804259,3836.501869,207.7176033
val_3013,KIT-SU-001,val_19,val_22,val_32,3/15/2024,104396.2341,14.8924868,425,638,1.911438882,581.0304301,2.287558131,9463.279359,984.0173218
val_3014,KIT-LK-001,val_4,val_19,val_43,3/16/2024,127428.9913,21.87338859,264,288,8.797721018,948.0225051,1.943210437,7494.643402,834.6550696
val_3015,KIT-IK-001,val_5,val_19,val_33,3/16/2024,125815.5819,34.01851581,701,602,5.504344397,281.0803285,3.381689645,9299.115209,935.993002
val_3016,KIT-IK-001,val_2,val_24,val_20,3/16/2024,94162.47386,23.54997706,127,573,8.219917529,969.1288154,3.469123076,5079.137505,46.09781638
val_3017,KIT-YB-001,val_14,val_30,val_25,3/16/2024,34497.38683,10.80976132,986,109,7.413677383,779.5826231,4.24903651,996.7033652,933.6048364
val_3018,KIT-LK-001,val_9,val_29,val_24,3/16/2024,47773.39011,2.311035315,684,461,5.061339191,182.9209268,2.664298563,10727.10349,838.3297615
val_3019,KIT-SU-001,val_5,val_17,val_7,3/16/2024,113316.8383,11.25606868,316,513,7.927388415,280.4406065,4.056490434,4320.758069,299.6838446
val_3020,KIT-YB-001,val_4,val_58,val_45,3/17/2024,61922.66249,10.38897226,81,47,7.486220268,909.3252498,4.67084642,1183.931425,624.2195854
val_3021,KIT-LK-001,val_1,val_58,val_44,3/17/2024,110008.3641,28.70396597,585,852,1.033496946,801.3430816,2.702648642,7125.277184,172.1637323
val_3022,KIT-YB-001,val_9,val_19,val_11,3/17/2024,46762.77389,13.3051425,587,938,7.383226944,143.3607993,3.170316671,8978.74938,417.7098996
val_3023,KIT-YB-001,val_13,val_13,val_5,3/17/2024,1444.577857,3.626001984,795,20,5.579098287,584.5685865,4.641048726,5840.443576,602.4448083
val_3024,KIT-YB-001,val_4,val_31,val_7,3/17/2024,90721.76467,30.4752157,283,120,8.555237698,276.9932576,2.201000468,7443.569647,110.3185609
val_3025,KIT-SU-001,val_0,val_22,val_30,3/17/2024,90336.99509,0.828288484,212,126,8.28680015,629.7503431,3.890626939,5123.646187,966.4892822
val_3026,KIT-YB-001,val_9,val_59,val_1,3/17/2024,94319.42508,0.304726964,413,441,2.535836626,173.5820075,3.30888191,9801.437136,929.1583833
val_3027,KIT-LK-001,val_13,val_25,val_4,3/18/2024,40593.75255,16.72141287,819,601,1.195828009,351.9129156,2.655996269,9447.849969,867.3709576
val_3028,KIT-IK-001,val_6,val_2,val_31,3/18/2024,121755.1071,2.608866092,908,241,2.766928854,388.5284726,4.45678947,8695.65943,128.5554413
val_3029,KIT-SU-001,val_5,val_7,val_7,3/18/2024,73376.29241,6.363145982,355,847,7.670127441,537.7087585,1.626912799,434.5688917,669.1592083
val_3030,KIT-YB-001,val_3,val_4,val_3,3/18/2024,114476.9924,34.48790346,47,310,8.842162499,239.3169757,1.14160246,6292.990171,890.4296853
val_3031,KIT-SU-001,val_14,val_22,val_0,3/18/2024,91858.47292,29.5839021,111,307,7.305166146,727.7463524,1.82856947,9467.085793,137.6246144
val_3032,KIT-YB-001,val_17,val_18,val_33,3/18/2024,62702.58681,26.78851112,544,588,8.385289257,809.2667132,4.505076747,3089.499048,647.2976526
val_3033,KIT-LK-001,val_15,val_51,val_17,3/18/2024,102104.2136,23.54359825,24,872,6.285167887,639.9896909,2.374400794,3258.574363,204.1806932
val_3034,KIT-SU-001,val_10,val_53,val_13,3/19/2024,86459.11472,1.863977626,724,249,5.558686091,903.0815054,3.735874084,10870.12537,689.8498514
val_3035,KIT-SU-001,val_14,val_8,val_30,3/19/2024,76851.31444,29.28962317,33,337,9.733276212,790.4951928,1.923357743,10132.24515,647.5213838
val_3036,KIT-YB-001,val_7,val_56,val_8,3/19/2024,97459.79862,16.59735386,424,339,1.725311427,44.01442497,2.963573375,11859.98018,871.6100156
val_3037,KIT-YB-001,val_0,val_35,val_25,3/19/2024,13347.87697,3.621535092,798,465,4.792188415,84.72123156,3.0914263,6069.575044,485.7192666
val_3038,KIT-YB-001,val_7,val_18,val_23,3/19/2024,136584.0329,10.66613519,468,429,3.502515094,659.9686243,1.981499262,1665.984344,758.8649229
val_3039,KIT-YB-001,val_14,val_24,val_32,3/19/2024,50594.76589,17.66849057,675,953,2.098458769,721.8754804,2.549612834,297.39009,191.8252813
val_3040,KIT-IK-001,val_12,val_26,val_29,3/19/2024,34091.59806,0.67657199,334,146,6.450192978,967.9049409,2.047086069,8532.371352,642.6266809
val_3041,KIT-LK-001,val_19,val_10,val_32,3/20/2024,115883.5555,8.984197662,794,418,3.369253393,3.332542725,1.402700222,9836.736015,876.8374178
val_3042,KIT-LK-001,val_19,val_52,val_10,3/20/2024,35067.67212,11.89014228,427,254,5.166680916,236.9605094,2.726611675,5253.77882,722.9920207
val_3043,KIT-SU-001,val_4,val_0,val_6,3/20/2024,149367.5587,16.33993862,753,600,2.229297474,831.7509535,3.254508699,5224.404017,878.5890389
val_3044,KIT-LK-001,val_0,val_4,val_25,3/20/2024,63363.63496,0.268959874,953,781,4.5098786,891.5335732,1.360234989,10115.19357,629.7862076
val_3045,KIT-IK-001,val_5,val_16,val_2,3/20/2024,44845.3491,19.87740318,381,936,2.802293599,464.4321973,2.431572508,2395.370033,551.4099473
val_3046,KIT-YB-001,val_17,val_8,val_21,3/20/2024,9778.728358,7.077653138,232,438,9.072433743,483.7554649,2.850795045,948.6099831,915.0435765
val_3047,KIT-YB-001,val_16,val_3,val_30,3/20/2024,6749.724516,20.98431847,933,264,5.701565433,853.6193417,4.730104839,11595.19772,323.4036168
val_3048,KIT-IK-001,val_1,val_23,val_39,3/21/2024,14723.51389,8.522430688,681,964,8.195892266,459.9686801,3.441288442,6600.267589,748.3552788
val_3049,KIT-SU-001,val_3,val_22,val_31,3/21/2024,1252.407907,14.21460177,878,92,5.371536991,787.4283132,4.769062366,9314.034373,693.0496456
val_3050,KIT-YB-001,val_11,val_7,val_47,3/21/2024,49399.95192,21.90233093,378,131,1.381458799,948.7301348,3.097531721,11465.9675,814.2576274
val_3051,KIT-LK-001,val_13,val_48,val_26,3/21/2024,46912.93282,23.0487267,348,958,7.250982038,261.846235,4.213031757,9762.955837,497.6305067
val_3052,KIT-IK-001,val_19,val_52,val_21,3/21/2024,64798.71594,1.264730121,124,887,1.430410889,274.3999111,1.385007115,5717.783734,493.6041948
val_3053,KIT-IK-001,val_15,val_43,val_11,3/21/2024,35321.97702,18.82059427,773,560,4.555363857,938.6027062,3.2576717,7847.805546,34.18675264
val_3054,KIT-LK-001,val_4,val_31,val_32,3/21/2024,9879.803113,28.61913009,845,328,5.922454192,424.2992923,2.411740851,7660.499846,931.4000955
val_3055,KIT-LK-001,val_0,val_56,val_38,3/22/2024,11138.79793,7.383521985,820,966,8.018454839,15.72713635,3.913720747,11121.24949,387.3128448
val_3056,KIT-LK-001,val_12,val_21,val_15,3/22/2024,27730.88311,18.71320459,291,959,9.087397899,502.489733,4.510380537,1864.726982,552.0208503
val_3057,KIT-SU-001,val_11,val_25,val_3,3/22/2024,47830.13427,15.77698956,488,867,2.84332403,616.7601484,3.849036411,8409.419147,198.2220139
val_3058,KIT-LK-001,val_18,val_0,val_0,3/22/2024,22624.81151,29.7777348,493,772,6.972149337,244.7377661,1.353134129,10381.30617,616.2099275
val_3059,KIT-IK-001,val_11,val_42,val_30,3/22/2024,55085.11463,15.468955,120,595,5.232058512,727.4103853,3.484220416,4437.171346,346.1139491
val_3060,KIT-IK-001,val_10,val_5,val_31,3/22/2024,138371.9129,33.04564976,0,372,7.907641378,232.9426454,3.976408116,8557.90934,585.0549997
val_3061,KIT-LK-001,val_6,val_39,val_5,3/22/2024,39609.64992,22.9045094,334,471,9.458593771,119.649324,1.119365942,3148.185463,735.3377801
val_3062,KIT-YB-001,val_1,val_46,val_1,3/23/2024,25675.69789,19.7361361,510,543,5.796704027,249.3656755,1.678912143,1238.785583,609.9900706
val_3063,KIT-SU-001,val_17,val_13,val_31,3/23/2024,99884.04982,10.35880003,989,480,3.580939134,533.9098476,3.721147736,499.7860162,30.62845389
val_3064,KIT-YB-001,val_16,val_36,val_19,3/23/2024,73886.71518,20.95909138,874,862,8.186582775,855.7881757,2.259660948,6453.158978,806.0793068
val_3065,KIT-SU-001,val_3,val_18,val_20,3/23/2024,7564.475363,4.767375502,716,166,5.740622925,529.3321946,1.248735293,809.6823169,560.8675438
val_3066,KIT-SU-001,val_14,val_23,val_12,3/23/2024,118277.196,14.68529452,963,83,8.940505557,848.9855214,4.557679433,7190.643325,238.3969629
val_3067,KIT-LK-001,val_7,val_31,val_34,3/23/2024,107443.7743,10.09809251,775,454,6.094658255,64.18638915,4.808701303,4631.189242,323.6636414
val_3068,KIT-LK-001,val_8,val_14,val_35,3/24/2024,146606.1051,23.52562232,526,207,9.434106582,372.5864148,2.493890218,281.0471666,811.0392341
val_3069,KIT-SU-001,val_16,val_47,val_2,3/24/2024,140776.8396,26.78706016,912,822,1.157829569,435.1784951,4.971506389,2872.424351,936.2837504
val_3070,KIT-SU-001,val_16,val_23,val_4,3/24/2024,87845.1199,32.51628415,920,849,7.650629463,801.7257279,4.426317014,8913.209006,813.4641877
val_3071,KIT-IK-001,val_3,val_27,val_26,3/24/2024,103060.1834,7.929106823,202,989,4.118841625,610.6468138,3.223430364,4669.792692,886.255037
val_3072,KIT-LK-001,val_6,val_48,val_28,3/24/2024,61721.27019,30.9893243,282,386,7.017583367,785.0366323,3.988945451,8761.55022,489.8768939
val_3073,KIT-LK-001,val_16,val_13,val_6,3/24/2024,133325.8444,29.63911168,969,961,9.481120918,338.5567451,4.744970003,9816.682555,416.7619447
val_3074,KIT-YB-001,val_18,val_27,val_7,3/24/2024,83144.91937,30.21261881,5,101,6.885200594,934.0327725,3.909282026,9603.934932,818.8288417
val_3075,KIT-YB-001,val_1,val_59,val_32,3/25/2024,49169.92329,25.96855998,518,963,7.704868384,813.6565237,2.349935185,8113.1322,394.5724396
val_3076,KIT-IK-001,val_16,val_23,val_21,3/25/2024,1918.97804,9.516706236,383,246,2.422454056,915.4855483,1.772095431,9009.74997,705.8571585
val_3077,KIT-SU-001,val_9,val_6,val_5,3/25/2024,88174.23986,30.74995169,745,19,2.534662422,262.7960685,2.727009322,6923.587349,613.0468756
val_3078,KIT-YB-001,val_11,val_17,val_29,3/25/2024,79052.36663,21.06428648,959,826,6.160837478,6.569227765,1.746666946,5684.167639,152.8810422
val_3079,KIT-YB-001,val_1,val_57,val_3,3/25/2024,121875.6381,25.97328729,318,516,4.875440259,615.4811703,1.086094089,928.1820024,308.6694072
val_3080,KIT-SU-001,val_13,val_45,val_11,3/25/2024,28457.19163,7.342955989,220,413,2.000354896,492.5789214,2.82378056,11706.24024,212.4694633
val_3081,KIT-SU-001,val_13,val_48,val_34,3/25/2024,122402.4895,5.677886636,329,200,7.555018146,778.9541603,2.317021878,10114.87635,125.4767538
val_3082,KIT-IK-001,val_13,val_15,val_10,3/26/2024,2784.899733,9.834436901,716,416,7.29060946,97.493899,1.381121574,8128.72029,420.1787941
val_3083,KIT-YB-001,val_15,val_50,val_3,3/26/2024,88303.34997,17.99570303,359,615,1.824182018,595.4466198,4.485844122,7800.317538,198.4130637
val_3084,KIT-IK-001,val_18,val_23,val_46,3/26/2024,59829.43399,14.69855334,643,143,1.437911083,198.8983786,1.49178562,7006.348572,71.45653262
val_3085,KIT-IK-001,val_16,val_47,val_10,3/26/2024,50062.31794,31.08875965,348,946,4.409319898,514.5988702,3.521592958,1314.156993,206.9558676
val_3086,KIT-SU-001,val_14,val_52,val_24,3/26/2024,65277.74709,0.65304391,741,724,6.696407724,158.3213365,3.277263043,3968.967475,618.8902539
val_3087,KIT-YB-001,val_19,val_12,val_39,3/26/2024,33926.92719,2.985684075,62,877,9.042107662,912.3425501,4.915962648,4207.49355,808.4293876
val_3088,KIT-IK-001,val_13,val_56,val_47,3/26/2024,27922.13514,11.52426314,342,44,4.910550158,183.2771336,2.01535586,9565.69594,462.9208185
val_3089,KIT-IK-001,val_13,val_37,val_38,3/27/2024,120863.4792,6.037081689,309,867,1.756926884,575.0766756,1.9420089,7338.519648,609.3370121
val_3090,KIT-SU-001,val_10,val_43,val_16,3/27/2024,34549.86588,14.35492144,598,866,8.564194493,5.609660849,3.508797427,4898.132593,650.456406
val_3091,KIT-SU-001,val_15,val_45,val_40,3/27/2024,110677.3132,25.1722399,648,366,2.124098698,156.4385149,3.233020695,4071.446412,651.445162
val_3092,KIT-IK-001,val_1,val_10,val_0,3/27/2024,106848.4014,34.77094194,727,570,6.736521612,499.3341953,4.24723543,10275.74542,986.8591803
val_3093,KIT-SU-001,val_10,val_44,val_15,3/27/2024,5493.362148,7.232201203,902,501,4.721080542,40.96165386,1.692263171,9470.494375,608.9692478
val_3094,KIT-SU-001,val_8,val_12,val_9,3/27/2024,132220.3268,9.455917283,797,826,9.186131202,542.7826566,2.20247102,9794.562344,546.2373848
val_3095,KIT-SU-001,val_18,val_16,val_25,3/27/2024,118508.5919,26.952105,41,282,7.344198196,184.3340279,1.020012801,4865.840865,866.7358393
val_3096,KIT-SU-001,val_1,val_6,val_42,3/28/2024,119512.0538,9.667329814,678,920,1.001283364,726.5392314,3.88633056,5855.051296,620.9473935
val_3097,KIT-IK-001,val_12,val_10,val_37,3/28/2024,121474.0623,24.69049905,16,554,4.354857447,868.2914891,2.301866267,6964.67528,458.1401181
val_3098,KIT-SU-001,val_3,val_58,val_47,3/28/2024,87591.70775,20.50541888,413,0,2.6227817,758.5459925,1.944356705,2463.410757,742.4176303
val_3099,KIT-SU-001,val_17,val_19,val_6,3/28/2024,149010.4396,29.95031464,592,303,3.551783514,63.39034825,3.41972788,4474.906228,224.2343931
val_3100,KIT-IK-001,val_17,val_23,val_36,3/28/2024,27283.245,1.360119766,319,142,4.590601856,496.3461984,2.006815924,5995.284197,672.5498274
val_3101,KIT-SU-001,val_4,val_28,val_34,3/28/2024,11314.22168,34.29519421,700,809,5.872465911,111.1768748,1.226999909,8110.427886,767.2248771
val_3102,KIT-YB-001,val_17,val_42,val_21,3/28/2024,105773.0371,33.7559233,796,409,8.185435162,409.0575665,1.945019708,5504.097692,638.5640519
val_3103,KIT-LK-001,val_9,val_34,val_4,3/29/2024,44443.61699,0.979095255,608,464,1.777854115,839.5470265,4.39888304,2024.331826,187.7363894
val_3104,KIT-YB-001,val_19,val_32,val_5,3/29/2024,91430.86698,17.58292787,525,350,4.969930306,41.16032076,3.381461708,5216.262632,515.0036082
val_3105,KIT-IK-001,val_14,val_50,val_43,3/29/2024,59059.39113,14.16962845,974,701,8.656463965,251.6520044,2.884653674,6470.157865,809.9423995
val_3106,KIT-SU-001,val_0,val_29,val_14,3/29/2024,50361.8617,9.044877662,652,994,4.889622131,826.5700267,2.965645873,7879.136365,402.7413959
val_3107,KIT-YB-001,val_4,val_46,val_30,3/29/2024,134040.6694,34.22834206,229,873,5.67365505,405.9275588,4.987853936,10274.91112,927.7709363
val_3108,KIT-YB-001,val_8,val_54,val_45,3/29/2024,21735.49706,6.276096245,657,990,8.007453665,235.3555951,1.125963686,2943.467901,48.15362641
val_3109,KIT-LK-001,val_4,val_40,val_23,3/30/2024,28753.35533,9.371696332,481,300,7.416049812,949.4104401,1.644862542,6804.791994,665.0634534
val_3110,KIT-SU-001,val_2,val_2,val_10,3/30/2024,100342.2075,0.486159482,23,665,5.589979654,155.7303153,4.462027931,5125.01997,232.8614895
val_3111,KIT-SU-001,val_19,val_15,val_23,3/30/2024,117498.8514,20.39176486,916,622,9.703837643,788.6079178,3.139328419,8306.007051,648.7183655
val_3112,KIT-IK-001,val_17,val_37,val_11,3/30/2024,124916.0666,30.15579263,796,302,1.325921963,178.0776048,4.980247806,10516.37332,949.3446166
val_3113,KIT-YB-001,val_8,val_28,val_8,3/30/2024,35056.88259,21.84257016,618,846,1.490592322,963.0520934,3.735692274,5829.689938,574.9810098
val_3114,KIT-IK-001,val_4,val_17,val_38,3/30/2024,132375.956,22.87593146,673,920,4.846262367,786.0711971,3.893700726,10161.24926,436.9106997
val_3115,KIT-SU-001,val_3,val_20,val_16,3/30/2024,91627.82314,2.507948861,577,951,2.420643858,276.4284987,3.319066828,223.8528128,858.6544263
val_3116,KIT-IK-001,val_18,val_4,val_32,3/31/2024,123571.1536,25.07529123,343,988,2.948575176,983.6142138,1.069404362,10964.24534,463.6039882
val_3117,KIT-YB-001,val_6,val_14,val_34,3/31/2024,10744.03006,14.43335377,933,163,2.350742808,114.4596412,4.632040019,9504.175669,564.2440872
val_3118,KIT-LK-001,val_0,val_46,val_26,3/31/2024,53855.70323,16.68519371,553,147,7.231320518,859.5968827,3.092013174,1779.285199,307.0783061
val_3119,KIT-YB-001,val_7,val_0,val_25,3/31/2024,78967.16568,20.55854182,339,682,4.791416568,699.429387,1.036212491,8168.570146,549.3383294
val_3120,KIT-IK-001,val_9,val_50,val_8,3/31/2024,86755.07637,34.14267986,685,726,8.507572599,173.8843604,1.83957457,6267.923518,715.8059934
val_3121,KIT-IK-001,val_12,val_20,val_25,3/31/2024,15311.19733,26.2367773,157,435,3.253458593,546.371396,2.401519738,11654.27704,509.2939294
val_3122,KIT-SU-001,val_6,val_48,val_36,3/31/2024,81029.40757,24.00066273,319,163,6.610837605,11.92481159,2.144749359,3791.30322,210.8428479
val_3123,KIT-YB-001,val_18,val_15,val_9,4/1/2024,99990.22175,15.22987761,129,285,2.920976457,573.1276816,1.111050381,7386.282355,19.6448385
val_3124,KIT-SU-001,val_12,val_49,val_11,4/1/2024,54558.46532,1.398877975,85,128,1.13035761,582.2035574,2.120946801,6369.731954,217.9902703
val_3125,KIT-LK-001,val_19,val_34,val_33,4/1/2024,75360.51702,18.9462266,822,157,7.200265436,408.5262153,4.585224723,2809.310092,850.258409
val_3126,KIT-LK-001,val_7,val_51,val_47,4/1/2024,44238.68004,23.19866682,437,188,2.309679383,824.4157855,3.355349296,9801.317697,959.2426976
val_3127,KIT-LK-001,val_13,val_3,val_18,4/1/2024,130639.7906,24.70580103,857,585,7.244295898,930.747025,2.307868687,8967.663844,562.4239409
val_3128,KIT-YB-001,val_7,val_47,val_39,4/1/2024,90081.3877,21.3542617,638,513,7.216042895,533.7618671,1.352442755,6620.779059,829.073037
val_3129,KIT-IK-001,val_13,val_16,val_8,4/1/2024,82915.44747,10.65277247,234,334,7.013296128,673.9535604,4.005178531,11339.77759,46.98065868
val_3130,KIT-YB-001,val_14,val_21,val_27,4/2/2024,141681.4352,7.891892779,211,543,6.32763791,145.8558748,3.873425192,11134.64005,853.5903477
val_3131,KIT-IK-001,val_6,val_2,val_45,4/2/2024,99907.26279,3.335271955,457,668,8.964300469,998.0980264,1.009471943,9852.285653,287.2000845
val_3132,KIT-SU-001,val_18,val_57,val_21,4/2/2024,42333.60451,24.65853178,94,97,1.680729954,857.916133,4.97364242,1998.097909,175.455435
val_3133,KIT-IK-001,val_17,val_38,val_24,4/2/2024,96442.08564,33.98335076,585,281,9.386371019,949.0277536,2.062623612,10751.01493,277.0831644
val_3134,KIT-IK-001,val_17,val_58,val_7,4/2/2024,144262.7068,18.47078178,459,201,1.593724183,778.0642313,2.049604259,3808.567979,498.0184107
val_3135,KIT-LK-001,val_4,val_34,val_25,4/2/2024,4021.959261,23.62675675,139,0,5.457910265,322.9144106,2.20413331,6926.920198,587.5545313
val_3136,KIT-SU-001,val_14,val_9,val_28,4/2/2024,94175.35555,24.30256709,525,116,9.309096825,221.6814499,4.846868339,11702.00255,6.96059667
val_3137,KIT-SU-001,val_2,val_20,val_47,4/3/2024,23946.82665,5.818185283,849,767,3.420363531,511.0476046,4.364428745,2925.321061,343.0054938
val_3138,KIT-IK-001,val_2,val_26,val_9,4/3/2024,122560.6969,6.874689376,909,876,8.541141055,82.59932629,3.549154535,2557.082554,704.4666895
val_3139,KIT-YB-001,val_19,val_8,val_17,4/3/2024,96282.33718,7.444567617,419,161,6.33870227,551.8184868,2.977055614,10252.81167,750.311261
val_3140,KIT-YB-001,val_3,val_55,val_31,4/3/2024,140579.9292,32.66288537,73,768,8.750671688,369.9200039,2.308093966,354.0922985,234.382388
val_3141,KIT-IK-001,val_17,val_57,val_45,4/3/2024,100601.8904,0.742186107,864,252,1.437106309,727.9339877,2.340262796,2255.932316,246.4743385
val_3142,KIT-LK-001,val_8,val_33,val_11,4/3/2024,3074.224527,19.0326733,551,140,6.00347215,625.692215,2.302651079,4062.463571,679.6663063
val_3143,KIT-IK-001,val_6,val_35,val_33,4/3/2024,76797.89974,13.32578126,760,235,2.697859646,246.5201162,4.450398765,8911.744956,609.5749704
val_3144,KIT-LK-001,val_1,val_42,val_42,4/4/2024,135598.3755,23.1453917,45,920,1.162616911,733.4418741,3.725254564,5869.484981,497.1672332
val_3145,KIT-YB-001,val_13,val_40,val_30,4/4/2024,35229.29912,7.873127334,295,342,7.200589076,311.1129217,2.627220711,4841.277117,546.5352866
val_3146,KIT-SU-001,val_14,val_3,val_20,4/4/2024,12893.01242,33.64874453,285,741,7.747155973,248.5922491,4.974199797,11041.18235,499.4551549
val_3147,KIT-IK-001,val_9,val_31,val_11,4/4/2024,108123.2364,11.72629363,717,485,7.626665597,418.5535672,1.709932885,9119.745025,407.2143343
val_3148,KIT-SU-001,val_16,val_46,val_13,4/4/2024,75625.03076,32.422252,681,436,7.542777837,157.8534155,1.306710131,7667.403768,787.8743929
val_3149,KIT-YB-001,val_6,val_48,val_2,4/4/2024,7615.491579,20.70417242,741,813,8.199476441,325.1600654,2.472568005,4212.3856,888.5850691
val_3150,KIT-YB-001,val_11,val_35,val_7,4/4/2024,42347.32725,14.62324624,397,992,5.226307871,259.8486104,4.927377004,10334.83033,639.8433937
val_3151,KIT-LK-001,val_5,val_53,val_21,4/5/2024,49348.92282,25.73921621,311,650,4.128183192,21.72991614,1.096075472,3186.461342,269.7438217
val_3152,KIT-IK-001,val_11,val_35,val_6,4/5/2024,100345.291,19.44665066,189,850,7.938668056,300.8762882,1.324004048,11361.83892,974.4265388
val_3153,KIT-SU-001,val_2,val_22,val_0,4/5/2024,71004.233,5.022671904,253,146,6.998145205,466.8334086,2.365799189,3273.530818,88.22316599
val_3154,KIT-SU-001,val_9,val_26,val_33,4/5/2024,73334.95382,24.71622415,164,901,2.800057296,829.7383781,4.949701853,9877.007703,952.0598113
val_3155,KIT-YB-001,val_10,val_41,val_3,4/5/2024,121087.2531,20.36638815,824,183,4.91763874,180.4765218,2.373796326,10987.69551,555.9963638
val_3156,KIT-LK-001,val_11,val_53,val_6,4/5/2024,42123.35623,19.8844455,678,190,2.639553938,327.389044,3.712313669,2872.833956,710.1591905
val_3157,KIT-YB-001,val_8,val_13,val_28,4/6/2024,101049.6249,25.88747316,678,847,8.010130388,29.37382602,4.45612055,2907.286399,423.5470416
val_3158,KIT-LK-001,val_12,val_17,val_44,4/6/2024,55449.81707,22.94111053,886,483,3.224178534,75.10821214,3.682232708,1127.462475,357.0876678
val_3159,KIT-YB-001,val_10,val_39,val_34,4/6/2024,63046.32211,12.94524121,740,250,6.604260502,356.1149023,1.359273016,4227.717085,223.3031939
val_3160,KIT-SU-001,val_5,val_45,val_1,4/6/2024,83607.41077,11.28340918,320,27,7.618306332,499.9283726,1.594137219,6103.042669,112.2405085
val_3161,KIT-SU-001,val_4,val_23,val_8,4/6/2024,104499.1973,8.928496196,313,218,9.92443617,748.2619853,2.035394353,1214.307901,312.77424
val_3162,KIT-LK-001,val_12,val_38,val_35,4/6/2024,141806.6915,20.21506098,127,825,4.898282974,763.1800808,4.183887123,1926.700223,254.5150267
val_3163,KIT-YB-001,val_18,val_0,val_35,4/6/2024,40717.1688,10.63609402,722,3,8.852144621,913.9787231,4.207557505,5181.446022,533.7018268
val_3164,KIT-SU-001,val_15,val_17,val_18,4/7/2024,16009.91034,4.390556555,875,921,6.979185349,907.7961113,1.681002349,2325.623654,857.2355336
val_3165,KIT-SU-001,val_12,val_57,val_45,4/7/2024,64604.39244,27.43787273,715,774,1.076035434,101.4996818,2.516428124,9327.212964,83.59604669
val_3166,KIT-SU-001,val_18,val_34,val_42,4/7/2024,82234.04182,7.477802028,471,204,4.521511809,112.0524999,1.559226674,4004.934708,746.9835403
val_3167,KIT-YB-001,val_17,val_52,val_35,4/7/2024,34586.5388,5.937719316,333,739,4.547062972,496.7913018,2.892362585,746.8062356,267.5510034
val_3168,KIT-LK-001,val_10,val_13,val_35,4/7/2024,133629.1182,29.74523385,438,519,2.07662635,589.4736843,2.457162076,2023.373223,641.0859569
val_3169,KIT-SU-001,val_2,val_17,val_37,4/7/2024,119927.6289,24.6340547,270,347,4.933809656,597.8902524,4.96840381,3825.435951,627.2613642
val_3170,KIT-SU-001,val_12,val_58,val_7,4/7/2024,74302.75506,26.86226241,165,505,2.048136509,486.2762105,2.554838682,1920.337679,737.5041021
val_3171,KIT-SU-001,val_12,val_59,val_33,4/8/2024,67784.55799,12.392547,431,7,8.518460402,981.1992984,1.20012062,2743.504277,15.23727975
val_3172,KIT-LK-001,val_5,val_52,val_45,4/8/2024,6590.817877,21.68678003,236,881,4.257074905,508.9556945,3.081952393,2637.820007,1.378187822
val_3173,KIT-SU-001,val_16,val_19,val_10,4/8/2024,80765.01505,32.64035991,739,786,2.648095593,935.3109665,4.628729276,5140.476087,168.7350031
val_3174,KIT-SU-001,val_17,val_48,val_0,4/8/2024,89564.19077,10.03786473,907,179,6.416406127,988.1913676,2.477953478,6384.13121,980.3806038
val_3175,KIT-SU-001,val_6,val_27,val_17,4/8/2024,133798.9513,2.599880927,193,99,8.718239105,444.0219026,4.273987512,7546.365735,341.6744909
val_3176,KIT-SU-001,val_9,val_50,val_12,4/8/2024,75414.16083,6.146556456,6,423,9.414348014,133.7642283,2.666927701,10930.72792,625.2530905
val_3177,KIT-YB-001,val_3,val_51,val_45,4/8/2024,24027.92469,31.43182663,875,460,9.048571475,325.91805,3.273447643,8319.229935,308.0075787
val_3178,KIT-IK-001,val_3,val_26,val_21,4/9/2024,27418.50673,9.99728166,294,773,8.938473494,358.5398417,3.009371204,2543.330291,487.826489
val_3179,KIT-YB-001,val_5,val_18,val_31,4/9/2024,24400.17907,17.29560116,255,840,4.132463402,888.3279653,4.496657265,5500.447086,437.8969889
val_3180,KIT-YB-001,val_7,val_58,val_47,4/9/2024,140810.9637,18.80299891,856,63,5.54879294,961.6972468,3.272192717,8808.219032,188.0565768
val_3181,KIT-YB-001,val_5,val_27,val_37,4/9/2024,119111.694,33.60847415,840,244,4.341779188,169.6541194,2.516278083,6750.535075,358.2272818
val_3182,KIT-SU-001,val_3,val_25,val_35,4/9/2024,123802.5359,10.69146973,581,586,9.300354706,20.07363262,4.067981081,2198.376433,190.642306
val_3183,KIT-LK-001,val_8,val_39,val_46,4/9/2024,126144.8111,18.34441693,155,380,1.835435578,830.663063,1.201356023,9492.543091,279.6767563
val_3184,KIT-IK-001,val_12,val_56,val_33,4/9/2024,14797.37907,33.54272663,706,991,5.988877072,558.6461197,2.090097724,2520.429417,417.2858154
val_3185,KIT-LK-001,val_6,val_7,val_11,4/10/2024,105475.44,7.206799738,740,661,3.222152034,751.1722464,2.14573018,4262.87504,795.5436965
val_3186,KIT-SU-001,val_10,val_59,val_34,4/10/2024,105798.3385,21.0064085,443,322,8.653368228,331.6711107,3.275727572,8857.197893,196.4226175
val_3187,KIT-LK-001,val_5,val_25,val_15,4/10/2024,34110.84534,2.41351511,561,673,4.052964961,158.5197733,4.336688852,11638.39292,195.7425264
val_3188,KIT-YB-001,val_14,val_1,val_15,4/10/2024,73854.53265,9.351536217,536,430,8.773158,264.6603782,3.215265086,10706.43273,247.3599432
val_3189,KIT-IK-001,val_12,val_18,val_30,4/10/2024,99533.41718,2.608679898,662,463,9.352386219,48.4793367,2.833323044,11643.81181,789.3401804
val_3190,KIT-LK-001,val_19,val_27,val_15,4/10/2024,134651.7973,11.68931562,516,715,2.547708825,385.8464249,1.261240914,4881.594977,247.3122832
val_3191,KIT-IK-001,val_1,val_40,val_1,4/10/2024,17008.61388,7.383896511,975,434,7.788274182,99.22687844,4.880208592,5343.004198,819.4530891
val_3192,KIT-LK-001,val_17,val_33,val_47,4/11/2024,133882.8765,27.98486715,35,697,4.149804335,463.7715305,2.182168097,2121.874363,322.6632219
val_3193,KIT-SU-001,val_6,val_8,val_27,4/11/2024,138401.0375,16.32616163,52,419,4.629485535,799.2244622,1.518666612,5776.909588,302.9193154
val_3194,KIT-YB-001,val_1,val_29,val_32,4/11/2024,138579.6703,14.29400744,151,594,3.469431491,47.63031122,4.331474178,9409.099491,378.2773158
val_3195,KIT-LK-001,val_13,val_13,val_38,4/11/2024,1222.81637,24.29284484,149,486,6.549999899,896.7124687,4.561380409,1013.307047,448.1261505
val_3196,KIT-YB-001,val_3,val_16,val_30,4/11/2024,33539.31653,33.16253617,499,574,4.088504144,123.1523731,2.194370587,3964.358701,419.7790208
val_3197,KIT-LK-001,val_3,val_42,val_29,4/11/2024,103841.1628,10.69371008,79,346,7.665542538,655.9808213,3.194316585,11121.71048,394.3703739
val_3198,KIT-IK-001,val_19,val_48,val_38,4/12/2024,48600.09726,2.522936448,191,120,8.006428237,240.5357452,4.133815912,2354.188892,997.7697981
val_3199,KIT-LK-001,val_4,val_9,val_14,4/12/2024,9631.952082,4.02034982,520,256,4.556190528,844.9182386,1.086807814,3706.078117,693.1182832
val_3200,KIT-SU-001,val_10,val_36,val_39,4/12/2024,114559.841,30.03108283,900,356,1.042696262,10.35202159,4.947690378,11233.69832,881.6212277
val_3201,KIT-LK-001,val_4,val_25,val_34,4/12/2024,4774.532774,29.6357537,803,316,1.594731923,421.3871928,2.295808785,4268.600761,893.6279181
val_3202,KIT-YB-001,val_2,val_20,val_8,4/12/2024,67180.18853,16.74271616,216,421,3.464310024,961.9020969,2.919070255,10004.77557,426.9370826
val_3203,KIT-SU-001,val_0,val_42,val_7,4/12/2024,142162.6256,5.337975123,54,478,9.58485859,112.8946851,1.202272514,3587.765258,775.2059255
val_3204,KIT-YB-001,val_0,val_14,val_42,4/12/2024,66314.80754,18.52183031,739,252,4.544283975,760.6443478,1.187753439,3232.737561,470.758797
val_3205,KIT-LK-001,val_9,val_45,val_42,4/13/2024,136827.1492,23.46108178,780,382,7.698117502,726.6179102,1.446614965,2407.668194,594.6828289
val_3206,KIT-IK-001,val_8,val_24,val_47,4/13/2024,61646.13477,11.76182986,929,282,9.424701274,319.1747825,2.284483368,939.4730983,734.5075092
val_3207,KIT-LK-001,val_0,val_5,val_4,4/13/2024,52329.57331,3.071627403,433,586,4.07510884,60.45459599,4.686124812,5101.247168,581.8075101
val_3208,KIT-LK-001,val_6,val_47,val_42,4/13/2024,16553.72899,11.40356913,58,476,6.051609569,833.095375,3.061738606,8618.308296,507.2443816
val_3209,KIT-SU-001,val_5,val_51,val_41,4/13/2024,54034.5909,24.23197404,942,631,8.670885769,904.8786731,2.302977996,6163.05835,11.84074566
val_3210,KIT-YB-001,val_11,val_33,val_36,4/13/2024,50879.48026,34.24719557,287,432,6.533180935,127.8306909,2.804568836,5006.510977,969.7645919
val_3211,KIT-LK-001,val_19,val_43,val_23,4/13/2024,127059.4023,6.815137079,383,997,2.009985477,847.8278006,2.060192521,2612.350921,37.98391427
val_3212,KIT-SU-001,val_13,val_8,val_24,4/14/2024,138027.3185,32.02654002,414,485,7.926192322,833.2233584,3.496077071,8265.385297,120.2954836
val_3213,KIT-YB-001,val_18,val_20,val_20,4/14/2024,3778.54782,16.09047733,985,615,9.136832964,577.0228783,3.028694294,3183.703285,42.47325534
val_3214,KIT-LK-001,val_3,val_20,val_1,4/14/2024,15189.33338,23.27999077,361,442,7.91898225,783.5317477,2.514190342,578.5374881,626.2028718
val_3215,KIT-LK-001,val_4,val_45,val_24,4/14/2024,96662.65583,30.25672282,557,735,7.772849003,39.47888099,3.744496354,11581.57474,302.633102
val_3216,KIT-SU-001,val_15,val_21,val_11,4/14/2024,72969.06177,19.59962238,504,559,7.801266894,496.1769868,2.56673588,11321.38705,893.7747564
val_3217,KIT-LK-001,val_6,val_43,val_9,4/14/2024,44883.35594,2.338856164,990,98,6.512849896,966.9918329,4.226181471,2730.618071,592.6968254
val_3218,KIT-YB-001,val_16,val_18,val_2,4/14/2024,39356.10543,9.44909779,953,730,3.230289384,775.2154652,3.393662491,3015.344463,781.5270448
val_3219,KIT-YB-001,val_9,val_36,val_21,4/15/2024,34088.85113,28.14111931,632,761,9.197548719,268.1343976,1.808587066,7045.216473,145.2183141
val_3220,KIT-SU-001,val_4,val_12,val_2,4/15/2024,79054.90495,19.44063589,105,402,2.160165623,623.5311996,1.652759783,5243.515788,410.6257948
val_3221,KIT-IK-001,val_16,val_33,val_40,4/15/2024,3113.250505,11.65178427,346,509,8.445661718,212.5498164,2.023825133,10675.9098,624.4456168
val_3222,KIT-YB-001,val_11,val_4,val_42,4/15/2024,110963.2143,20.49890006,666,10,4.234368568,222.1255685,4.672961235,5237.529143,187.7801528
val_3223,KIT-YB-001,val_16,val_44,val_38,4/15/2024,45408.00718,9.546239694,804,867,7.064380812,189.3458592,4.293652065,1802.792527,382.010725
val_3224,KIT-IK-001,val_9,val_1,val_14,4/15/2024,64311.30196,8.587158434,752,779,8.245873998,189.9815954,4.888867581,6650.532943,754.4589145
val_3225,KIT-LK-001,val_2,val_59,val_7,4/15/2024,79294.30358,29.02807724,487,971,8.187301231,499.2910599,3.977291987,1536.365348,682.190188
val_3226,KIT-IK-001,val_13,val_50,val_24,4/16/2024,32098.26061,14.1223527,671,600,2.450283503,309.798421,4.657765016,5477.078318,901.9026332
val_3227,KIT-LK-001,val_2,val_34,val_32,4/16/2024,132613.5458,9.734815346,309,230,6.498262744,777.9594159,2.421413809,7011.893303,558.194952
val_3228,KIT-LK-001,val_13,val_54,val_0,4/16/2024,102472.9416,14.43933984,636,290,2.931063837,894.1117426,3.479553289,11355.02734,206.8574702
val_3229,KIT-IK-001,val_8,val_48,val_41,4/16/2024,130609.3031,32.23803985,478,929,2.008938551,487.5909491,2.566015451,3661.607176,878.7365338
val_3230,KIT-IK-001,val_15,val_8,val_21,4/16/2024,71579.86549,6.491446426,684,43,5.622051797,191.31492,4.459469134,7863.213119,962.0247404
val_3231,KIT-LK-001,val_17,val_44,val_39,4/16/2024,65152.83847,6.645981305,872,672,9.88774346,997.999084,4.987895079,202.107867,485.6087298
val_3232,KIT-SU-001,val_8,val_22,val_3,4/16/2024,35952.81399,12.51101734,820,68,9.834975416,47.03223823,3.982080428,10483.04974,84.4719281
val_3233,KIT-YB-001,val_17,val_51,val_20,4/17/2024,81953.634,2.303269717,733,739,6.160610633,549.644043,4.126144148,3941.738456,252.9023346
val_3234,KIT-LK-001,val_2,val_51,val_21,4/17/2024,89177.95421,2.807258666,768,581,7.949567475,219.6491764,4.523776714,3041.705251,752.1563673
val_3235,KIT-SU-001,val_2,val_57,val_2,4/17/2024,63278.54487,0.582054726,173,472,3.247101699,937.6575909,1.381318301,1409.506864,0.22947738
val_3236,KIT-LK-001,val_19,val_27,val_33,4/17/2024,22234.69277,5.287310485,185,701,3.019259669,324.9632374,2.927183133,9465.937628,294.7640826
val_3237,KIT-SU-001,val_11,val_11,val_44,4/17/2024,41329.11711,22.4854808,839,355,7.358708283,958.0431176,3.929988182,867.5372667,368.9906752
val_3238,KIT-LK-001,val_9,val_7,val_25,4/17/2024,2630.600673,7.03562952,541,573,8.073995861,972.8012533,3.420155268,7490.914586,788.3980763
val_3239,KIT-YB-001,val_3,val_9,val_19,4/17/2024,48211.24579,13.34709076,431,800,7.676534114,942.9748392,3.161304471,3923.27802,437.0467831
val_3240,KIT-IK-001,val_5,val_59,val_30,4/18/2024,87323.46701,24.7543697,665,458,1.940567979,792.7247973,2.543261615,8591.460205,525.549627
val_3241,KIT-SU-001,val_13,val_35,val_17,4/18/2024,143378.8091,1.307446029,82,21,4.206452976,741.2156025,1.88180048,11596.49412,671.5982631
val_3242,KIT-SU-001,val_16,val_21,val_17,4/18/2024,27095.57106,7.475250238,165,994,1.397621493,952.77122,4.689619598,3443.419643,784.9270052
val_3243,KIT-SU-001,val_18,val_26,val_36,4/18/2024,8791.947314,34.85690983,147,541,8.075460381,223.669946,3.936511143,7512.631994,338.093924
val_3244,KIT-LK-001,val_8,val_10,val_28,4/18/2024,44798.53754,20.97427067,566,430,3.805717281,809.9023305,3.454138014,4572.32728,171.8344058
val_3245,KIT-SU-001,val_9,val_34,val_12,4/18/2024,23941.25588,23.16729183,66,73,4.867613333,113.4878651,1.341483402,6211.305425,181.9783271
val_3246,KIT-LK-001,val_3,val_25,val_19,4/19/2024,104480.09,18.15847068,44,90,6.209995098,361.877966,1.446687427,1182.846039,160.1485302
val_3247,KIT-SU-001,val_1,val_47,val_40,4/19/2024,1359.500097,33.8130577,677,254,1.004972587,401.8318665,2.729392474,2611.474655,114.4434549
val_3248,KIT-YB-001,val_8,val_1,val_25,4/19/2024,147139.6303,5.221536308,735,924,4.187081891,995.326423,1.502909173,9571.98244,440.8953538
val_3249,KIT-LK-001,val_11,val_55,val_3,4/19/2024,128422.168,2.544573128,257,725,7.545548,320.9766653,1.595670173,4270.259829,183.1165742
val_3250,KIT-YB-001,val_2,val_3,val_41,4/19/2024,73855.25352,28.60258263,691,413,3.574587562,554.733574,1.325274497,211.9101718,782.5153092
val_3251,KIT-SU-001,val_8,val_25,val_35,4/19/2024,138180.8619,0.34255366,96,755,6.134296908,633.4907283,2.176219327,3986.04024,0.057333067
val_3252,KIT-LK-001,val_12,val_20,val_12,4/19/2024,94394.87023,19.74235081,409,392,9.794542337,677.8389304,1.044446781,8102.246788,953.5228298
val_3253,KIT-LK-001,val_16,val_43,val_46,4/20/2024,149067.8491,0.249151072,366,889,2.063406614,120.1502834,3.929075401,11664.74331,13.22064449
val_3254,KIT-LK-001,val_18,val_39,val_45,4/20/2024,42106.77711,12.31891365,346,327,3.414168621,559.1263273,3.397369067,10278.59409,325.3335658
val_3255,KIT-SU-001,val_6,val_11,val_47,4/20/2024,149537.4683,22.85084913,867,716,7.155698647,634.7216722,3.030620241,9131.014934,754.0580958
val_3256,KIT-LK-001,val_7,val_29,val_18,4/20/2024,27446.97017,19.24695758,78,436,6.385397649,903.3485217,4.947544632,11165.93126,872.0631923
val_3257,KIT-SU-001,val_17,val_32,val_44,4/20/2024,53336.04596,19.68320811,629,675,9.802030448,957.2933783,2.927556635,7981.264164,87.22319709
val_3258,KIT-IK-001,val_13,val_27,val_38,4/20/2024,140330.95,5.6756476,273,186,1.311423917,235.0272036,4.478620751,6326.283372,801.0817871
val_3259,KIT-IK-001,val_5,val_1,val_41,4/20/2024,55896.07165,10.45669803,486,946,8.901947239,210.5188594,1.757484369,6567.203634,751.5110981
val_3260,KIT-YB-001,val_13,val_10,val_26,4/21/2024,31870.53837,24.90901315,201,286,5.396905482,683.7463107,2.0592262,11341.98114,459.8717585
val_3261,KIT-SU-001,val_3,val_30,val_13,4/21/2024,9393.322268,1.01074128,733,537,3.042091029,489.4835919,2.31411595,225.2068039,626.9082054
val_3262,KIT-SU-001,val_8,val_15,val_10,4/21/2024,22769.25235,20.91585889,60,688,5.530278445,743.5668711,4.961364317,6284.81849,367.1559153
val_3263,KIT-SU-001,val_6,val_32,val_46,4/21/2024,53605.90433,18.19388329,75,654,4.709765811,848.4719447,4.630442329,9275.126134,311.8284922
val_3264,KIT-SU-001,val_19,val_9,val_24,4/21/2024,63474.19184,12.16971109,329,555,2.614012899,10.68465213,2.794387849,649.6888639,33.04058587
val_3265,KIT-IK-001,val_0,val_44,val_44,4/21/2024,81596.4446,11.85018078,883,868,2.974561618,878.7305012,4.377823428,9913.525725,6.835589466
val_3266,KIT-YB-001,val_17,val_11,val_26,4/21/2024,122131.4052,28.00336318,23,970,3.593274215,265.434814,1.932808482,10158.89118,526.1588137
val_3267,KIT-YB-001,val_5,val_38,val_25,4/22/2024,2505.520048,13.49349082,177,764,5.969789623,969.3969273,3.370437412,6378.384458,11.5878747
val_3268,KIT-LK-001,val_0,val_50,val_3,4/22/2024,126246.8616,2.979117208,492,184,1.747894254,430.2620076,1.647434213,9979.613498,122.841749
val_3269,KIT-SU-001,val_13,val_21,val_19,4/22/2024,86798.77678,33.67897248,21,770,1.799609004,852.4474785,3.300829106,1883.08992,96.52214175
val_3270,KIT-IK-001,val_13,val_8,val_26,4/22/2024,113593.4697,4.736850329,534,503,3.985715397,199.9354819,1.88903104,11328.15645,633.0862957
val_3271,KIT-IK-001,val_2,val_0,val_5,4/22/2024,113668.3935,27.95139329,362,537,7.365618012,525.1569855,3.343020602,776.3624948,668.9493894
val_3272,KIT-IK-001,val_0,val_21,val_7,4/22/2024,135528.8006,0.685228013,646,942,9.804746025,63.28804925,2.714696458,639.5666716,754.3135782
val_3273,KIT-SU-001,val_2,val_6,val_28,4/22/2024,14460.34122,12.88106508,58,528,1.108029518,734.8428918,3.235076916,6383.454249,973.1914745
val_3274,KIT-SU-001,val_8,val_52,val_11,4/23/2024,85941.53561,18.12828302,176,851,9.751065798,942.0998374,1.644775143,8875.867587,979.8861248
val_3275,KIT-LK-001,val_2,val_58,val_33,4/23/2024,136399.9145,1.236430447,167,649,7.174373698,843.1230391,3.025950893,8460.654743,207.5783456
val_3276,KIT-LK-001,val_14,val_58,val_22,4/23/2024,108021.3439,25.74621463,738,87,9.108872619,680.3530745,2.265474915,6692.496305,351.7203828
val_3277,KIT-SU-001,val_1,val_55,val_19,4/23/2024,14939.44427,9.268235894,739,701,5.827045221,118.9380974,1.575765253,9446.721958,561.5030037
val_3278,KIT-IK-001,val_15,val_35,val_5,4/23/2024,92287.66448,19.03266223,116,495,5.166453682,983.9597891,3.001576502,7371.059244,44.19400577
val_3279,KIT-LK-001,val_17,val_19,val_19,4/23/2024,120082.1959,27.77300161,405,546,8.066437197,343.9624506,1.553716715,10232.36699,192.4272984
val_3280,KIT-YB-001,val_14,val_26,val_26,4/23/2024,41591.83705,20.77076086,704,303,5.959997963,632.7728577,2.70921887,1566.326559,853.5781407
val_3281,KIT-LK-001,val_18,val_15,val_27,4/24/2024,95057.73863,16.05534196,6,185,9.076289458,272.9800875,2.29257352,11780.80972,408.1520192
val_3282,KIT-SU-001,val_18,val_50,val_12,4/24/2024,126141.6271,11.8967102,100,744,9.037568971,827.322142,3.172060422,10592.56815,484.6205848
val_3283,KIT-LK-001,val_0,val_26,val_1,4/24/2024,78818.10991,1.769661966,644,248,5.774099326,378.4203165,2.935207522,10764.20023,736.5313892
val_3284,KIT-IK-001,val_6,val_23,val_44,4/24/2024,29530.98653,31.9731309,565,93,6.163881771,390.6775029,1.538309317,4490.577084,808.7364936
val_3285,KIT-LK-001,val_15,val_41,val_45,4/24/2024,82677.47726,20.79921488,707,493,5.106478349,4.480027499,2.116056554,11373.0147,864.9064776
val_3286,KIT-YB-001,val_6,val_22,val_43,4/24/2024,88406.58801,22.17743725,467,712,7.204655799,575.335269,3.226963245,1869.726681,894.8739618
val_3287,KIT-YB-001,val_14,val_21,val_13,4/24/2024,60726.48945,15.52983422,902,204,7.141205017,250.7315663,4.335678614,1119.082207,294.532899
val_3288,KIT-LK-001,val_15,val_13,val_28,4/25/2024,102102.6854,13.17038303,125,362,6.855338814,921.8495764,1.236871818,4904.858684,649.0493462
val_3289,KIT-IK-001,val_19,val_4,val_6,4/25/2024,65283.26776,1.82358498,154,423,1.561149234,783.149899,1.363462791,11210.38622,111.2283938
val_3290,KIT-IK-001,val_6,val_2,val_43,4/25/2024,131672.0606,6.080908667,635,924,9.67224454,952.0720208,4.187704271,11620.81831,968.892456
val_3291,KIT-YB-001,val_6,val_24,val_0,4/25/2024,118848.0074,15.00908798,858,147,4.020420232,389.7452915,2.359317267,6023.619632,267.6386164
val_3292,KIT-YB-001,val_0,val_59,val_22,4/25/2024,120813.3939,8.611321381,22,919,3.215949342,661.7300595,2.027434851,9072.664177,390.3769231
val_3293,KIT-LK-001,val_5,val_15,val_41,4/25/2024,79148.46744,1.746582165,709,146,2.899444761,451.8019723,1.918516924,6551.206173,930.6816437
val_3294,KIT-SU-001,val_5,val_38,val_34,4/26/2024,29853.99918,19.20128861,973,578,1.623552437,909.3374559,4.882830711,1538.774525,630.1501454
val_3295,KIT-IK-001,val_9,val_19,val_41,4/26/2024,108801.062,16.35115691,564,844,5.113354178,324.2611751,3.04298193,7907.011617,288.2947716
val_3296,KIT-SU-001,val_8,val_18,val_23,4/26/2024,10803.74206,14.86378058,831,905,1.374099683,328.5256981,1.643577348,1933.020288,86.26856473
val_3297,KIT-SU-001,val_17,val_9,val_4,4/26/2024,77877.45295,27.49118373,262,542,2.448140618,365.9435216,2.624030146,7943.188028,488.7044278
val_3298,KIT-YB-001,val_15,val_33,val_0,4/26/2024,8420.372681,21.06356902,805,493,1.047476513,497.789218,2.042582008,3037.221873,590.7191179
val_3299,KIT-LK-001,val_14,val_39,val_7,4/26/2024,79498.59376,0.249247162,458,781,2.572131726,887.7192684,1.674773792,3307.29363,668.3949948
val_3300,KIT-LK-001,val_0,val_21,val_2,4/26/2024,103045.3643,26.71446447,298,910,9.957209394,207.4674921,4.914334061,8164.153748,164.6721196
val_3301,KIT-YB-001,val_9,val_31,val_21,4/27/2024,63170.13784,16.99404745,198,11,5.873083528,651.3079035,2.780396985,5686.295618,705.9204728
val_3302,KIT-SU-001,val_14,val_28,val_2,4/27/2024,62827.0234,18.18512627,853,262,1.604337331,305.9573008,3.764985395,9996.802533,362.5873928
val_3303,KIT-IK-001,val_4,val_16,val_8,4/27/2024,18857.68062,31.15713228,718,285,6.077320759,82.66123945,4.594252117,8227.246264,944.0110298
val_3304,KIT-SU-001,val_8,val_41,val_20,4/27/2024,45626.51599,4.00084393,789,834,6.407121672,953.6569801,1.822491042,3680.996995,653.450568
val_3305,KIT-IK-001,val_14,val_33,val_35,4/27/2024,66918.92123,21.05925385,704,17,5.929541649,785.7791085,1.512072057,9369.976057,918.0713109
val_3306,KIT-SU-001,val_15,val_3,val_32,4/27/2024,129602.5397,10.01915864,255,125,4.023891911,952.0188254,2.041029959,963.1924881,30.13015125
val_3307,KIT-YB-001,val_17,val_29,val_2,4/27/2024,134747.9954,1.477553621,191,3,6.915171056,400.2696698,3.850259686,8870.975801,903.3705744
val_3308,KIT-SU-001,val_8,val_23,val_43,4/28/2024,143060.2253,15.42088037,648,953,2.283482738,756.9802455,2.527943331,4747.611421,877.8697957
val_3309,KIT-IK-001,val_7,val_47,val_26,4/28/2024,15489.42272,10.06973348,252,32,2.976066474,651.144822,2.956354377,3764.912855,510.7894274
val_3310,KIT-YB-001,val_7,val_18,val_16,4/28/2024,44783.51628,0.251955037,648,265,9.95248552,619.0172048,1.081024214,6367.40329,976.4090862
val_3311,KIT-LK-001,val_13,val_57,val_18,4/28/2024,69705.48135,17.35448571,902,522,4.740290528,40.27035789,1.017005668,10904.00665,749.2203511
val_3312,KIT-YB-001,val_8,val_36,val_40,4/28/2024,96440.70175,11.02709499,749,349,2.330126628,71.72912009,2.628308605,3229.64907,995.0616
val_3313,KIT-YB-001,val_8,val_7,val_22,4/28/2024,105568.3742,15.30749014,472,90,2.953228701,195.2627933,1.601450337,11992.75835,756.3376057
val_3314,KIT-IK-001,val_3,val_24,val_11,4/28/2024,118009.4351,0.608243856,909,413,7.517188915,749.6539587,4.16440078,7148.762372,915.1878052
val_3315,KIT-IK-001,val_9,val_53,val_20,4/29/2024,74633.1346,14.18201383,551,799,2.046251648,798.3422352,4.805140409,3174.922402,197.1469961
val_3316,KIT-SU-001,val_4,val_15,val_3,4/29/2024,83709.34786,16.57007785,470,289,4.185814009,647.2208636,4.702798271,8355.025734,196.9888329
val_3317,KIT-SU-001,val_10,val_42,val_7,4/29/2024,144105.318,16.41753592,959,516,3.955568714,192.0687006,2.862191201,8877.621964,507.7376844
val_3318,KIT-YB-001,val_17,val_47,val_15,4/29/2024,36384.22783,25.14903153,335,470,3.051830208,777.6172635,2.147422406,6471.913024,729.2719458
val_3319,KIT-IK-001,val_15,val_41,val_10,4/29/2024,120662.0816,34.69677283,207,245,5.29154179,113.468489,2.935234979,1740.90876,264.9984283
val_3320,KIT-SU-001,val_9,val_5,val_16,4/29/2024,106916.7961,1.16960984,139,2,1.991151461,894.0233985,1.416126958,9818.263877,416.9454159
val_3321,KIT-YB-001,val_19,val_22,val_3,4/29/2024,21443.43059,13.98172396,627,839,5.109104286,384.7741138,4.775723156,9760.854921,172.4152493
val_3322,KIT-SU-001,val_19,val_20,val_29,4/30/2024,139010.5081,30.01376669,510,994,1.293583087,727.0876952,3.685207599,9229.716536,925.5274597
val_3323,KIT-LK-001,val_8,val_20,val_5,4/30/2024,128375.7453,21.97424729,774,510,9.733077268,169.4950565,2.146193402,9117.340733,744.4145452
val_3324,KIT-SU-001,val_15,val_52,val_10,4/30/2024,117035.9456,34.42933187,146,831,6.44386437,314.2825272,4.037009514,4699.645917,38.37845382
val_3325,KIT-LK-001,val_6,val_0,val_46,4/30/2024,19452.65077,25.02687484,319,351,1.675631472,495.2731641,1.980014914,6014.198289,22.49920552
val_3326,KIT-SU-001,val_17,val_32,val_0,4/30/2024,21380.7444,25.40380685,120,944,2.716525305,496.3549877,4.005824805,8005.237767,993.7959844
val_3327,KIT-YB-001,val_7,val_58,val_13,4/30/2024,102638.1695,2.84774169,309,568,7.628046366,97.19975231,2.607288452,2155.207892,396.0848359
val_3328,KIT-SU-001,val_5,val_52,val_24,4/30/2024,16536.86727,9.778865309,961,800,7.585044707,548.3189169,4.455704651,7329.8648,602.2843135
val_3329,KIT-SU-001,val_2,val_36,val_14,5/1/2024,17440.68308,20.51657788,897,673,4.284850627,75.11791591,4.959160295,1500.339886,947.8486356
val_3330,KIT-YB-001,val_16,val_59,val_15,5/1/2024,60341.78031,18.37926517,496,924,2.335935347,923.6799818,2.280821494,10204.35622,955.8088409
val_3331,KIT-IK-001,val_5,val_24,val_6,5/1/2024,1303.994372,26.73818164,99,559,5.823345534,421.7674633,3.204695481,1613.959049,95.93445898
val_3332,KIT-SU-001,val_16,val_36,val_20,5/1/2024,108361.7687,34.77928769,995,848,3.487575344,439.079015,1.951727143,9314.4936,635.4427821
val_3333,KIT-IK-001,val_1,val_32,val_36,5/1/2024,81260.94548,7.396788405,157,933,1.871277131,576.9935271,4.201454901,2819.589046,992.8278266
val_3334,KIT-SU-001,val_10,val_2,val_28,5/1/2024,12187.03531,15.10828945,101,760,4.113986878,781.6747199,2.9677949,11154.72351,179.6544405
val_3335,KIT-SU-001,val_8,val_2,val_44,5/2/2024,81765.6209,30.36603115,411,354,7.759113188,69.53483864,4.935181643,7963.961031,662.8247313
val_3336,KIT-SU-001,val_8,val_53,val_33,5/2/2024,8586.136995,29.36759257,942,91,4.187260539,702.9780454,4.54757589,5287.504579,774.0031228
val_3337,KIT-YB-001,val_3,val_10,val_37,5/2/2024,11069.06785,28.63833144,799,410,1.367021775,910.5308449,2.09076952,714.8943164,75.5641882
val_3338,KIT-IK-001,val_1,val_21,val_20,5/2/2024,73077.19543,21.78969795,359,693,2.083575566,439.1967321,1.477995197,7364.617728,387.0230442
val_3339,KIT-YB-001,val_6,val_37,val_29,5/2/2024,75223.57595,34.76313374,455,859,6.367114451,13.26535877,3.479416091,4660.835938,205.2908233
val_3340,KIT-IK-001,val_9,val_34,val_27,5/2/2024,51179.71855,12.65504003,60,769,5.699375285,247.3685231,2.272200591,9619.897063,56.77782267
val_3341,KIT-LK-001,val_15,val_30,val_39,5/2/2024,93454.83302,4.247060576,270,638,7.073764386,941.045987,2.014808268,9554.096151,99.29913834
val_3342,KIT-LK-001,val_9,val_58,val_24,5/3/2024,58410.0812,4.813084804,670,536,6.145752764,118.0195486,3.180477504,8306.991145,341.7765365
val_3343,KIT-SU-001,val_4,val_47,val_19,5/3/2024,88250.60656,15.36207902,420,967,5.475058869,13.61358055,3.152809344,3360.302147,579.1688199
val_3344,KIT-SU-001,val_5,val_56,val_3,5/3/2024,52792.84814,28.21225947,979,244,5.276081444,935.8600352,3.150405199,2240.888697,953.6201234
val_3345,KIT-LK-001,val_12,val_39,val_41,5/3/2024,107387.5612,15.95904947,445,792,9.653839497,863.0257282,2.176954256,6065.298726,935.6723482
val_3346,KIT-SU-001,val_8,val_58,val_20,5/3/2024,87103.27456,21.47613476,847,551,8.760611773,460.392048,1.621472235,5537.761181,872.3932434
val_3347,KIT-SU-001,val_18,val_36,val_38,5/3/2024,24426.51025,12.65915204,727,513,4.445906649,5.395002014,1.734649895,8140.749322,771.4366203
val_3348,KIT-LK-001,val_8,val_32,val_32,5/3/2024,103097.1938,25.07612591,508,399,6.881241603,583.7705317,3.880574312,6487.207427,40.6937765
val_3349,KIT-LK-001,val_11,val_48,val_0,5/4/2024,117698.4204,5.529329754,869,635,1.183895244,816.7618814,2.87218745,6040.207144,405.6317211
val_3350,KIT-LK-001,val_1,val_52,val_31,5/4/2024,10348.17316,18.30002352,871,1000,1.188557064,286.0707845,2.877472764,5873.379509,779.3533914
val_3351,KIT-YB-001,val_3,val_4,val_23,5/4/2024,91689.109,6.642507541,321,406,3.867149663,172.735459,4.906990142,6150.089253,967.4909578
val_3352,KIT-LK-001,val_17,val_54,val_11,5/4/2024,118669.2336,16.50700636,278,113,7.792903021,904.6587216,4.671789084,10491.5133,462.2452707
val_3353,KIT-YB-001,val_6,val_41,val_12,5/4/2024,17640.60822,15.18119205,709,127,9.329127117,767.9263105,1.259817075,2216.256148,701.2756506
val_3354,KIT-IK-001,val_8,val_53,val_30,5/4/2024,135297.0368,21.23876247,27,177,7.146782813,448.0812311,4.190672061,421.3970281,995.3340215
val_3355,KIT-LK-001,val_11,val_42,val_4,5/4/2024,62512.41854,17.93217421,702,407,7.357505148,905.0147749,1.991678597,2817.847993,623.0104944
val_3356,KIT-IK-001,val_1,val_55,val_29,5/5/2024,110807.0533,34.15579128,435,4,1.289065361,608.155979,3.889197074,3861.355222,778.7855453
val_3357,KIT-LK-001,val_10,val_16,val_40,5/5/2024,134907.9521,31.53084351,767,281,9.371433997,944.088594,1.693379997,7426.532459,966.3143641
val_3358,KIT-SU-001,val_6,val_11,val_4,5/5/2024,148450.7541,10.43391398,130,695,1.781140886,103.161006,1.581488128,10143.05409,710.0850638
val_3359,KIT-SU-001,val_2,val_11,val_0,5/5/2024,87796.79707,4.416952846,575,678,9.522173415,436.4149305,4.756809279,8614.058849,131.9013955
val_3360,KIT-SU-001,val_8,val_15,val_2,5/5/2024,105788.9523,2.453360924,536,669,2.275356686,679.2167535,3.233219607,11979.87321,979.1106492
val_3361,KIT-SU-001,val_8,val_12,val_35,5/5/2024,38129.10128,7.090184198,14,669,1.300460646,407.8973908,2.398565538,208.36425,803.9690252
val_3362,KIT-IK-001,val_3,val_26,val_40,5/5/2024,43861.93264,7.929337844,525,75,6.072489553,349.7659313,4.564475313,2443.413413,264.5886694
val_3363,KIT-SU-001,val_10,val_11,val_47,5/6/2024,127690.0293,31.12611165,656,938,2.022834943,695.4238784,2.159323759,1227.711913,987.3214084
val_3364,KIT-IK-001,val_14,val_9,val_1,5/6/2024,60037.4636,32.38446262,405,298,1.259336316,605.6874516,1.25557274,8030.36829,79.64397906
val_3365,KIT-SU-001,val_5,val_31,val_23,5/6/2024,123453.8762,8.220366185,612,79,7.010446831,282.5391536,2.579207851,5238.198173,939.8511358
val_3366,KIT-SU-001,val_19,val_47,val_2,5/6/2024,8064.223773,26.6038423,326,812,7.644318704,444.001917,3.829129987,3873.319999,841.1157692
val_3367,KIT-YB-001,val_12,val_8,val_17,5/6/2024,33128.88656,29.28458576,612,468,3.636475578,706.9012253,3.648165653,3889.344756,274.9567948
val_3368,KIT-IK-001,val_15,val_30,val_14,5/6/2024,25929.0663,13.33736825,243,346,5.801574011,626.9058434,2.894837674,10737.12888,860.41369
val_3369,KIT-LK-001,val_1,val_39,val_29,5/6/2024,79296.58672,30.53147494,281,399,6.274406492,453.0263107,3.040666984,1091.002317,60.40934679
val_3370,KIT-LK-001,val_15,val_42,val_43,5/7/2024,12539.31686,34.60509917,71,583,2.447627233,260.0047852,3.117873321,3898.128521,952.2190892
val_3371,KIT-SU-001,val_6,val_6,val_38,5/7/2024,51908.63039,33.87927243,97,527,4.960569443,114.5886505,2.498076506,6098.704777,604.829961
val_3372,KIT-SU-001,val_14,val_44,val_3,5/7/2024,147943.6439,26.01835764,134,13,6.732720397,840.1751453,1.331857388,5056.714873,521.0917468
val_3373,KIT-IK-001,val_16,val_1,val_11,5/7/2024,119235.4619,13.13386443,189,119,8.97123204,820.313573,1.631250534,8312.788115,991.0412579
val_3374,KIT-IK-001,val_5,val_14,val_13,5/7/2024,114208.4162,8.099790954,719,948,4.769757652,613.302696,3.897091048,7368.360008,26.36121182
val_3375,KIT-YB-001,val_5,val_19,val_12,5/7/2024,20699.64757,34.75187838,216,491,7.29400125,571.3421495,4.24021801,9645.565619,512.4323746
val_3376,KIT-IK-001,val_1,val_51,val_16,5/7/2024,55001.58643,9.810873573,355,989,5.515126682,136.3297814,2.582056661,10161.15125,735.2188526
val_3377,KIT-YB-001,val_12,val_11,val_29,5/8/2024,102247.9017,15.45571785,173,657,7.363766526,446.7315384,2.317088858,4919.286707,112.2657323
val_3378,KIT-YB-001,val_15,val_46,val_35,5/8/2024,3732.972968,9.391533875,424,738,8.100866391,483.8652881,3.430749647,10419.64667,14.96545406
val_3379,KIT-IK-001,val_8,val_59,val_45,5/8/2024,65379.4854,17.46493631,244,314,5.774963218,461.4149578,1.087088483,7659.574323,615.2136505
val_3380,KIT-YB-001,val_3,val_57,val_33,5/8/2024,139324.1735,4.041260702,329,838,1.549926732,242.091592,3.278106027,10352.43664,338.0256253
val_3381,KIT-SU-001,val_6,val_18,val_14,5/8/2024,12809.80113,28.35516773,68,651,8.878636346,123.8116915,2.876147862,5691.39208,481.8054282
val_3382,KIT-IK-001,val_8,val_5,val_8,5/8/2024,135985.7711,17.77772781,505,752,6.408943948,931.378124,2.767715994,501.6930404,622.3013429
val_3383,KIT-IK-001,val_18,val_13,val_18,5/9/2024,29580.98287,14.79868156,269,265,6.405785545,556.3446489,1.005772031,7964.088181,386.1774605
val_3384,KIT-SU-001,val_2,val_46,val_38,5/9/2024,28771.52989,12.83743208,651,587,5.585184972,862.569397,4.771467625,11598.8797,214.5518118
val_3385,KIT-YB-001,val_6,val_11,val_47,5/9/2024,29717.67584,20.37649413,998,369,2.565740683,671.9850896,1.693548933,11177.36833,238.5815454
val_3386,KIT-LK-001,val_12,val_38,val_18,5/9/2024,139722.7843,27.3401045,485,909,5.37556906,820.3087512,1.45197992,1994.070351,187.3730552
val_3387,KIT-LK-001,val_4,val_22,val_8,5/9/2024,90759.87666,31.6091216,511,908,5.831411493,215.9975941,2.543336812,5976.704403,715.9928715
val_3388,KIT-LK-001,val_17,val_46,val_0,5/9/2024,112742.9473,29.48483807,831,353,4.453889134,106.0341941,4.115083418,10499.11717,134.2921001
val_3389,KIT-IK-001,val_18,val_36,val_3,5/9/2024,55277.93711,15.70385813,344,25,2.341926722,613.8702875,4.059999649,5115.069241,972.1811489
val_3390,KIT-SU-001,val_7,val_35,val_30,5/10/2024,131051.0149,29.2229238,141,249,7.860132189,549.3465106,3.047237677,6314.32597,4.779774216
val_3391,KIT-LK-001,val_14,val_46,val_28,5/10/2024,87499.60182,18.59581571,721,273,5.109305263,96.46313045,3.196771151,11971.66508,303.6104608
val_3392,KIT-SU-001,val_15,val_57,val_30,5/10/2024,90175.32251,22.4085999,650,19,7.305957097,611.2953616,2.820837419,5895.187058,802.6917803
val_3393,KIT-YB-001,val_13,val_21,val_1,5/10/2024,112971.9973,23.67470204,469,936,1.42282006,181.8991263,1.101179315,2442.336749,90.09637454
val_3394,KIT-LK-001,val_3,val_31,val_20,5/10/2024,116159.5722,14.10892782,387,466,5.53940457,108.1670408,2.111438245,656.3465628,587.978591
val_3395,KIT-SU-001,val_0,val_37,val_8,5/10/2024,102438.604,17.11464876,29,147,1.664014717,985.228559,2.555787868,5644.124974,290.6378177
val_3396,KIT-LK-001,val_6,val_49,val_16,5/10/2024,18277.03507,24.30209706,557,610,7.601844306,555.7163567,3.217807695,6272.330439,965.4246523
val_3397,KIT-SU-001,val_2,val_28,val_29,5/11/2024,130075.6256,10.91590292,547,397,6.228650301,329.7672766,3.636094584,11055.21618,218.9815028
val_3398,KIT-LK-001,val_5,val_22,val_13,5/11/2024,39504.41785,26.19258255,516,174,5.062519958,98.05581941,4.950548536,9545.454905,70.9689677
val_3399,KIT-IK-001,val_12,val_50,val_31,5/11/2024,149431.0267,12.52278938,304,454,9.755580496,916.7224517,3.029478661,941.8141783,613.7411826
val_3400,KIT-SU-001,val_11,val_57,val_13,5/11/2024,58133.4358,20.57503395,151,599,3.934149361,942.5791727,3.687622821,9838.405854,376.0395673
val_3401,KIT-SU-001,val_4,val_34,val_24,5/11/2024,18439.59599,29.34927058,571,653,4.806006691,256.9553436,4.842574475,1020.486377,903.8972522
val_3402,KIT-LK-001,val_0,val_6,val_22,5/11/2024,47754.93214,1.007531202,620,225,7.637770511,435.025082,2.114752721,365.7815778,914.9787657
val_3403,KIT-YB-001,val_4,val_17,val_18,5/11/2024,86243.36942,8.563833572,173,612,5.725461687,645.5475765,2.814931001,6654.130812,795.0526154
val_3404,KIT-SU-001,val_9,val_27,val_6,5/12/2024,59021.21261,19.72863503,120,793,6.92669017,111.1567891,3.883913498,6451.543289,128.6474353
val_3405,KIT-SU-001,val_15,val_42,val_27,5/12/2024,124387.9125,3.892364917,483,627,9.786519111,536.9572669,3.260669719,3934.039196,658.0652504
val_3406,KIT-IK-001,val_7,val_40,val_47,5/12/2024,102489.8412,7.354940357,47,952,7.261091673,218.641992,4.57267448,5634.56339,92.19175335
val_3407,KIT-SU-001,val_5,val_49,val_30,5/12/2024,32410.85956,26.26831333,193,941,2.356378382,225.2638547,3.264319105,11060.39014,25.24139054
val_3408,KIT-IK-001,val_11,val_1,val_35,5/12/2024,81058.56909,1.098641965,637,495,2.884124545,603.0616688,4.689441275,8181.381819,197.1852699
val_3409,KIT-SU-001,val_1,val_27,val_38,5/12/2024,118236.034,21.42927924,299,393,8.828707727,310.0748777,1.594235309,4240.457803,494.4515366
val_3410,KIT-YB-001,val_4,val_42,val_1,5/12/2024,133739.4459,1.388665495,460,457,1.431766762,550.3529466,4.214110004,11220.62954,451.0962331
val_3411,KIT-YB-001,val_0,val_59,val_38,5/13/2024,59544.17807,4.234144655,687,490,5.582589183,262.3091979,1.853077538,2123.080957,776.0035149
val_3412,KIT-IK-001,val_10,val_8,val_11,5/13/2024,138707.4757,13.78385947,176,173,9.153599879,487.6894218,1.196481554,2267.18191,523.4069683
val_3413,KIT-SU-001,val_8,val_52,val_31,5/13/2024,5877.434213,33.77395045,227,964,7.98605025,932.2316024,1.446603014,2949.450296,264.2254621
val_3414,KIT-SU-001,val_11,val_0,val_47,5/13/2024,101665.3347,19.19549473,297,568,2.041003834,484.7253541,3.322819681,2943.39387,139.7137864
val_3415,KIT-IK-001,val_12,val_11,val_42,5/13/2024,117406.7194,11.0654012,417,128,7.664185182,501.351315,2.16335681,1037.704624,569.7113651
val_3416,KIT-SU-001,val_7,val_50,val_19,5/13/2024,64058.63641,14.5141572,560,903,4.438616024,492.8401045,1.575833935,3853.997556,674.8422302
val_3417,KIT-SU-001,val_17,val_47,val_40,5/13/2024,2140.68415,19.99327276,73,949,9.111563252,856.5624123,3.516361616,6674.101562,212.9217612
val_3418,KIT-YB-001,val_18,val_58,val_29,5/14/2024,103211.7565,21.75569489,474,561,6.155160326,681.7390854,2.951831161,2828.827693,631.831738
val_3419,KIT-SU-001,val_2,val_36,val_6,5/14/2024,51713.35426,9.523034425,687,949,5.938955008,30.62529562,2.522144305,1460.709624,860.2115462
val_3420,KIT-IK-001,val_18,val_36,val_11,5/14/2024,23196.03673,7.065846441,852,971,1.078402479,117.954118,3.142841079,7875.515649,242.1981755
val_3421,KIT-IK-001,val_3,val_32,val_45,5/14/2024,23987.76209,17.43676445,539,954,3.246905357,577.8877663,4.445662066,5155.860973,819.4359463
val_3422,KIT-LK-001,val_4,val_30,val_43,5/14/2024,115490.0263,22.64082351,626,964,4.714788529,760.1808819,3.898762798,7909.411192,950.3735968
val_3423,KIT-LK-001,val_10,val_30,val_42,5/14/2024,28514.71892,28.61698378,814,67,7.515263524,117.007066,2.980740523,3126.848867,936.4944147
val_3424,KIT-YB-001,val_0,val_17,val_18,5/15/2024,72872.69557,20.829277,727,30,5.680447056,502.7846026,4.290344079,9121.840504,141.1923696
val_3425,KIT-SU-001,val_7,val_51,val_15,5/15/2024,145573.2093,24.29670613,535,578,8.672850436,642.4952429,4.450213319,11678.73224,48.9413836
val_3426,KIT-SU-001,val_3,val_21,val_38,5/15/2024,113943.3953,17.04247829,566,748,1.309152308,400.8022942,2.505139102,3282.573039,726.5777177
val_3427,KIT-IK-001,val_9,val_36,val_0,5/15/2024,82305.45048,19.92183017,995,839,3.906002682,693.5071672,1.599144794,7744.536723,382.0458148
val_3428,KIT-SU-001,val_16,val_40,val_43,5/15/2024,79477.16522,22.31357529,757,642,6.378306331,342.6263581,1.460177526,9227.690355,177.7331653
val_3429,KIT-LK-001,val_18,val_32,val_28,5/15/2024,25515.45251,8.424327295,241,314,6.928803972,623.01872,3.555420994,6610.649679,447.074911
val_3430,KIT-SU-001,val_4,val_36,val_30,5/15/2024,67240.32446,32.70578064,454,933,5.521683165,765.7103276,4.745179923,3635.417875,542.6854067
val_3431,KIT-IK-001,val_10,val_2,val_21,5/16/2024,22162.49826,12.21779336,742,591,4.589672965,955.8168885,1.154185365,2730.236989,161.7687842
val_3432,KIT-YB-001,val_9,val_18,val_47,5/16/2024,12995.52623,21.24314711,522,682,1.644003358,638.8951609,2.989023638,7829.791704,37.85336978
val_3433,KIT-LK-001,val_8,val_26,val_35,5/16/2024,16816.01678,19.72120646,432,256,7.266181864,351.5794317,1.776990823,5862.738012,781.804885
val_3434,KIT-LK-001,val_12,val_23,val_2,5/16/2024,91188.36792,29.89642253,608,759,9.133536235,721.2406371,3.126052937,10079.99536,456.0969349
val_3435,KIT-LK-001,val_19,val_54,val_25,5/16/2024,29436.17092,4.153432252,376,129,8.279542339,804.479545,4.42664686,1254.37624,244.3757107
val_3436,KIT-SU-001,val_8,val_53,val_41,5/16/2024,22827.15449,30.97123939,678,871,7.311069968,414.6362851,4.1477524,586.1320658,955.194931
val_3437,KIT-YB-001,val_1,val_42,val_3,5/16/2024,130136.0788,4.968123766,732,853,6.707448025,362.5670202,4.885159185,4576.032842,759.0558721
val_3438,KIT-IK-001,val_18,val_21,val_35,5/17/2024,18740.938,5.229657126,898,683,7.948366502,152.4679948,2.938118188,5797.471172,402.6527052
val_3439,KIT-SU-001,val_18,val_3,val_11,5/17/2024,105992.4495,30.20646819,956,982,7.990585028,676.8996466,3.653593309,7746.897997,272.8511457
val_3440,KIT-LK-001,val_6,val_45,val_24,5/17/2024,62841.53919,9.147146343,712,911,1.062463933,444.8692065,4.59404714,1545.783025,729.2066238
val_3441,KIT-IK-001,val_10,val_53,val_42,5/17/2024,87072.4208,21.49016919,756,69,4.220635875,132.9086762,3.790470209,7130.050251,724.3505846
val_3442,KIT-IK-001,val_17,val_29,val_23,5/17/2024,3991.634467,16.33365368,773,221,8.812482659,561.4572531,4.856788463,9793.812773,883.9929722
val_3443,KIT-LK-001,val_10,val_49,val_1,5/17/2024,502.8763077,32.71246559,330,121,8.657052093,989.8787791,1.982196717,10932.68431,13.13131356
val_3444,KIT-LK-001,val_9,val_55,val_0,5/17/2024,122678.6573,27.41652278,916,321,7.389598822,51.32966798,1.539883875,10817.17237,629.6154762
val_3445,KIT-SU-001,val_18,val_32,val_35,5/18/2024,71578.4532,11.85778347,510,589,3.781634123,515.5183738,1.596501963,6317.950668,281.7477003
val_3446,KIT-YB-001,val_16,val_12,val_44,5/18/2024,11160.387,28.50773798,868,143,8.181211809,935.8256029,4.409643225,10811.1151,974.6187021
val_3447,KIT-YB-001,val_10,val_1,val_14,5/18/2024,51846.68743,8.057439418,217,86,3.083992644,959.1273666,1.211353171,6543.802475,24.82082907
val_3448,KIT-SU-001,val_3,val_45,val_44,5/18/2024,76199.98822,21.62188304,310,644,3.016891473,341.722064,4.239673659,1065.62941,487.4431642
val_3449,KIT-IK-001,val_8,val_33,val_21,5/18/2024,20756.27479,26.35511526,620,631,5.821602198,171.6061081,2.856421592,11689.32854,710.8082407
val_3450,KIT-YB-001,val_13,val_9,val_2,5/18/2024,82177.52349,24.66991499,579,366,6.142068822,420.7268266,3.764926603,230.7404068,751.2636117
val_3451,KIT-YB-001,val_5,val_3,val_25,5/18/2024,79548.23262,23.05253371,402,720,4.161953693,318.5289874,3.982206362,3572.358592,633.0745297
val_3452,KIT-IK-001,val_10,val_58,val_46,5/19/2024,90623.85737,29.08291531,221,592,6.433976828,482.5858524,2.697591348,747.2860118,472.1218417
val_3453,KIT-LK-001,val_13,val_19,val_12,5/19/2024,121634.1399,19.5560538,228,415,7.382009931,595.9601273,1.584335255,6615.281443,909.4300301
val_3454,KIT-YB-001,val_1,val_19,val_46,5/19/2024,62210.4326,32.50650713,727,68,2.621960677,768.2402841,3.467919466,6895.699011,576.760748
val_3455,KIT-IK-001,val_11,val_37,val_31,5/19/2024,133339.7243,5.239380053,21,756,3.597536926,634.1573903,4.826097871,7727.582197,521.2066141
val_3456,KIT-YB-001,val_14,val_21,val_19,5/19/2024,71463.72606,12.57865905,119,625,7.298543062,892.0543567,1.102187905,1856.249364,857.1160739
val_3457,KIT-IK-001,val_4,val_54,val_33,5/19/2024,68843.77015,27.44812201,926,113,9.345260563,735.7102506,1.907848942,405.5960077,443.198135
val_3458,KIT-LK-001,val_10,val_40,val_19,5/19/2024,98525.01191,10.92033863,980,188,8.959978719,518.6474339,4.497626178,3335.048168,607.8843932
val_3459,KIT-LK-001,val_14,val_21,val_4,5/20/2024,92819.42169,15.61462893,78,301,2.166824435,119.2992415,1.279084412,807.6526089,329.0155382
val_3460,KIT-IK-001,val_0,val_15,val_41,5/20/2024,2209.523344,27.09620861,142,179,6.127528189,803.752756,1.040531444,616.3594599,212.1729227
val_3461,KIT-IK-001,val_12,val_51,val_17,5/20/2024,147373.3732,18.94223088,329,808,8.201579818,714.1659679,4.51121432,3314.60479,460.3378809
val_3462,KIT-LK-001,val_5,val_35,val_27,5/20/2024,141432.6911,6.729092,586,934,3.135938974,336.1692047,4.072463944,11986.25476,336.0297224
val_3463,KIT-IK-001,val_7,val_55,val_35,5/20/2024,42552.2484,6.284380982,190,88,6.788716167,231.9572686,2.015519152,9680.004735,37.73321781
val_3464,KIT-SU-001,val_12,val_20,val_3,5/20/2024,84008.20935,10.68288382,983,239,4.848741718,658.0795466,4.865838077,4468.655931,486.6962305
val_3465,KIT-LK-001,val_0,val_1,val_34,5/20/2024,115687.5335,10.74483746,494,285,6.964582246,84.22570028,3.849693986,4637.914103,656.2359506
val_3466,KIT-IK-001,val_0,val_53,val_17,5/21/2024,138109.9397,4.956274204,537,992,1.288956493,787.2509495,1.476405672,11172.19542,52.00364577
val_3467,KIT-LK-001,val_8,val_14,val_26,5/21/2024,88093.0427,29.24619104,195,621,3.816576888,226.884696,2.84209127,8011.34939,567.3181517
val_3468,KIT-IK-001,val_18,val_50,val_21,5/21/2024,3331.549874,10.03540665,308,954,3.765948375,593.4752177,4.460255506,10076.22488,310.0358255
val_3469,KIT-LK-001,val_0,val_42,val_37,5/21/2024,102261.3532,28.11817829,736,247,4.768058692,303.5619794,3.670954534,10400.5463,40.78341432
val_3470,KIT-YB-001,val_15,val_13,val_9,5/21/2024,14415.1713,34.07606634,633,67,2.030841945,477.2401095,3.343215859,2197.632797,96.88741239
val_3471,KIT-YB-001,val_1,val_45,val_5,5/21/2024,100841.0771,11.75225694,225,481,4.929570547,800.6294625,2.66799931,390.0735283,716.320215
val_3472,KIT-YB-001,val_9,val_4,val_19,5/22/2024,88320.4265,33.96403858,441,817,5.873484239,287.0279977,1.992176638,3365.422959,539.1362212
val_3473,KIT-IK-001,val_8,val_23,val_5,5/22/2024,96280.10937,6.853787806,185,838,1.23993001,33.09069029,3.454393951,7214.042696,955.8968876
val_3474,KIT-IK-001,val_9,val_21,val_11,5/22/2024,28794.026,22.73137511,407,472,3.708235746,77.39255917,1.615358179,10920.80077,681.5852018
val_3475,KIT-YB-001,val_1,val_39,val_31,5/22/2024,74294.67449,34.69306919,217,269,2.595620764,74.4750352,4.239654557,3841.641801,962.571368
val_3476,KIT-YB-001,val_15,val_32,val_39,5/22/2024,92884.54077,28.33134263,980,47,9.749464005,459.0198318,1.838301667,10231.51668,285.1233486
val_3477,KIT-LK-001,val_5,val_36,val_33,5/22/2024,45393.79026,8.193587379,297,436,2.171945932,83.28092749,1.482255806,8013.823322,582.4832181
val_3478,KIT-LK-001,val_15,val_28,val_15,5/22/2024,27652.67758,9.155176292,474,536,6.646738974,412.6692218,1.288116922,7923.254831,558.6364974
val_3479,KIT-IK-001,val_13,val_44,val_39,5/23/2024,33790.77046,9.332585112,642,18,4.616677259,697.8553032,4.259641708,8652.167376,523.612237
val_3480,KIT-SU-001,val_11,val_9,val_19,5/23/2024,128773.492,33.01614379,41,935,3.585981427,879.8686551,2.871196168,6236.091744,897.4122997
val_3481,KIT-SU-001,val_6,val_43,val_8,5/23/2024,69949.25628,8.740322623,209,709,8.686680775,221.431772,2.594647563,8148.425527,527.7077135
val_3482,KIT-YB-001,val_13,val_3,val_36,5/23/2024,99330.46986,17.93461293,989,327,6.976784617,876.6679038,3.084755421,9560.66359,263.6381378
val_3483,KIT-YB-001,val_19,val_5,val_24,5/23/2024,77475.88519,12.37614747,697,355,6.58271776,978.0840626,3.349247077,7154.745504,701.9644832
val_3484,KIT-LK-001,val_18,val_43,val_17,5/23/2024,125202.0242,12.77217513,242,357,1.842918247,625.7077767,4.522888437,662.8067076,264.8483725
val_3485,KIT-SU-001,val_18,val_9,val_31,5/23/2024,76519.98264,14.40598204,430,860,3.330723705,737.2205723,2.375189697,6225.028757,83.35779973
val_3486,KIT-IK-001,val_4,val_46,val_34,5/24/2024,14452.13428,12.20756406,858,724,3.488430158,483.0374699,1.748405825,7244.319433,588.6395635
val_3487,KIT-IK-001,val_11,val_7,val_10,5/24/2024,30098.71168,21.07747905,197,88,4.909417763,74.84797644,4.476217436,10529.19667,137.4763776
val_3488,KIT-SU-001,val_7,val_8,val_5,5/24/2024,2483.179568,15.00641144,299,306,9.293213026,959.940565,2.922312607,261.6845704,714.2162341
val_3489,KIT-YB-001,val_19,val_55,val_24,5/24/2024,124812.8803,15.5472025,240,783,4.632874275,945.2666069,3.318010914,773.1508891,438.1968259
val_3490,KIT-IK-001,val_19,val_10,val_2,5/24/2024,99659.28858,17.80859046,665,356,3.952189105,322.7750204,1.632632166,4541.687888,866.1986435
val_3491,KIT-YB-001,val_17,val_54,val_30,5/24/2024,114000.6868,12.59501263,527,814,1.638431735,195.7410488,4.448556747,9675.013977,404.7342051
val_3492,KIT-SU-001,val_3,val_20,val_21,5/24/2024,107395.5251,26.45867347,501,507,4.464620951,65.48467648,4.753484823,5915.008812,396.1942717
val_3493,KIT-LK-001,val_6,val_47,val_10,5/25/2024,123759.7135,17.72118594,379,776,1.471218109,497.8188132,2.790311594,3802.002293,428.8595256
val_3494,KIT-IK-001,val_14,val_56,val_28,5/25/2024,148051.9407,17.92054739,328,528,4.286840138,924.7689346,1.080596063,8380.413965,713.725085
val_3495,KIT-LK-001,val_14,val_7,val_18,5/25/2024,98193.96382,7.502610984,514,735,9.710059538,40.94137066,1.10822354,6151.475931,155.1807623
val_3496,KIT-YB-001,val_7,val_19,val_18,5/25/2024,38213.70764,1.273119154,799,431,6.00454678,611.5478359,2.209203545,6969.866467,341.3048012
val_3497,KIT-YB-001,val_2,val_34,val_10,5/25/2024,15657.81131,28.36277404,813,238,2.879834686,835.5620027,2.967303286,5254.330416,267.8805032
val_3498,KIT-SU-001,val_2,val_51,val_32,5/25/2024,88667.3153,29.97076828,785,883,3.692978384,379.7025022,2.731235124,8755.628511,387.9584619
val_3499,KIT-SU-001,val_13,val_11,val_43,5/25/2024,115728.1807,8.595388524,45,417,6.139899833,611.976776,3.27550166,383.8948485,911.6667786
val_3500,KIT-YB-001,val_9,val_11,val_29,5/26/2024,84454.97127,12.72912409,490,9,1.173569004,443.8132338,2.029544128,219.8263903,631.3232247
val_3501,KIT-LK-001,val_9,val_22,val_11,5/26/2024,45881.43782,12.65902351,394,386,9.096140527,65.39958205,1.838970371,8257.394412,503.2714691
val_3502,KIT-YB-001,val_16,val_12,val_40,5/26/2024,108100.3598,24.01058927,936,411,6.203242999,504.4609676,4.896515281,514.5666339,129.0085159
val_3503,KIT-IK-001,val_0,val_16,val_5,5/26/2024,67471.88816,6.715810035,415,241,5.430555631,89.05786762,2.122362423,4178.824392,576.2657346
val_3504,KIT-IK-001,val_15,val_7,val_13,5/26/2024,43345.07064,34.25922571,247,878,7.446104583,684.9694692,4.786100356,4522.693778,798.7346112
val_3505,KIT-IK-001,val_5,val_49,val_1,5/26/2024,126242.131,2.352779338,251,492,2.80234997,310.0975427,3.286061655,7442.960854,360.9452997
val_3506,KIT-YB-001,val_18,val_47,val_40,5/26/2024,86689.55778,34.08710879,194,370,1.194790803,802.5029784,1.279961723,9314.666128,902.8756752
val_3507,KIT-SU-001,val_19,val_8,val_2,5/27/2024,42875.47568,2.59361666,442,698,6.536996346,587.0360734,3.380045333,9897.50877,351.4675322
val_3508,KIT-IK-001,val_10,val_32,val_26,5/27/2024,49626.34798,11.24948811,264,640,2.440021694,935.0307391,4.942183869,3505.82474,160.4561144
val_3509,KIT-SU-001,val_6,val_38,val_9,5/27/2024,85963.93475,8.924125115,567,479,1.110159628,737.7423633,4.358699684,2115.208315,827.7250345
val_3510,KIT-IK-001,val_4,val_37,val_10,5/27/2024,63727.0773,9.235272959,231,975,9.360250535,724.8535221,2.214180189,11773.44248,565.5892354
val_3511,KIT-YB-001,val_3,val_59,val_29,5/27/2024,24497.60816,34.81449813,585,975,8.095769136,304.6128011,1.38202444,716.2021145,516.7964258
val_3512,KIT-YB-001,val_19,val_38,val_38,5/27/2024,91765.25489,16.15064096,616,476,2.027809813,441.9167872,2.841758278,9803.011934,925.6903677
val_3513,KIT-IK-001,val_3,val_41,val_0,5/28/2024,103521.9549,4.358967657,670,709,9.067157799,745.568674,1.394784781,437.4891937,824.783357
val_3514,KIT-IK-001,val_8,val_1,val_7,5/28/2024,516.2650444,34.38334278,883,52,1.60816526,722.0083611,2.190684364,5924.378961,992.7363659
val_3515,KIT-YB-001,val_9,val_4,val_13,5/28/2024,80761.96276,8.644761951,76,443,8.226907948,692.2899375,4.672451094,7769.615479,691.6602905
val_3516,KIT-LK-001,val_13,val_37,val_45,5/28/2024,86785.64124,2.724637058,52,442,4.730244164,7.951073897,3.614214178,5837.049786,579.6082763
val_3517,KIT-YB-001,val_16,val_54,val_2,5/28/2024,50143.57611,1.041485909,460,404,5.663629469,17.32148623,4.133749426,6863.529818,538.8384205
val_3518,KIT-LK-001,val_11,val_23,val_8,5/28/2024,51140.32323,16.32043051,516,841,7.014957622,67.46685144,3.162339889,499.3146972,355.9916398
val_3519,KIT-IK-001,val_15,val_38,val_19,5/28/2024,47990.00291,32.15796641,758,584,1.888854075,31.58347911,1.672508427,2019.834712,180.9308499
val_3520,KIT-LK-001,val_11,val_12,val_15,5/29/2024,67076.54622,0.790224505,227,471,9.169808208,772.8490587,1.601584374,6728.907389,825.1278855
val_3521,KIT-LK-001,val_8,val_27,val_2,5/29/2024,121885.0119,25.4361398,455,432,2.292767873,546.8946306,4.063049756,9966.966318,6.633193808
val_3522,KIT-SU-001,val_3,val_45,val_25,5/29/2024,70619.39703,9.262679745,611,619,9.474257967,504.8955529,2.717236499,6671.407824,887.8567384
val_3523,KIT-LK-001,val_4,val_39,val_29,5/29/2024,149050.4816,7.8233042,657,222,1.823345598,85.59941425,2.99999709,6093.896041,262.4769991
val_3524,KIT-YB-001,val_8,val_6,val_8,5/29/2024,56735.72188,24.69188453,543,246,2.548075324,774.6232797,1.715652908,11860.54691,239.4002383
val_3525,KIT-SU-001,val_0,val_52,val_33,5/29/2024,105039.7073,26.22598961,591,521,1.518001316,92.84434513,2.446689805,4799.922132,7.061697523
val_3526,KIT-YB-001,val_6,val_55,val_2,5/29/2024,82570.36787,19.65373088,164,319,4.580064422,221.813717,1.528914481,4748.661066,359.9974353
val_3527,KIT-SU-001,val_9,val_28,val_35,5/30/2024,114462.1489,7.238489138,465,673,6.317795163,818.9092107,1.818096717,1073.439146,88.80799519
val_3528,KIT-LK-001,val_9,val_20,val_12,5/30/2024,133310.5031,0.419523317,542,902,6.62567214,692.577156,4.555545848,9441.527671,184.5421103
val_3529,KIT-SU-001,val_16,val_31,val_10,5/30/2024,76996.65232,25.8572672,79,358,8.456670604,92.61325151,3.866751481,999.0884101,688.3094572
val_3530,KIT-YB-001,val_19,val_48,val_9,5/30/2024,74424.64177,21.0665844,969,578,5.755418504,73.89401637,4.407739268,1806.636035,415.3316322
val_3531,KIT-SU-001,val_14,val_27,val_41,5/30/2024,141436.495,14.90460895,633,283,5.591004615,406.4970075,4.496693752,869.740236,10.94196275
val_3532,KIT-LK-001,val_1,val_1,val_24,5/30/2024,140082.1061,7.632651922,718,794,3.935313274,603.3937518,3.358385374,2470.135137,316.8818917
val_3533,KIT-IK-001,val_8,val_4,val_33,5/30/2024,149551.0111,26.71531693,535,217,6.859949607,246.7607754,2.216830414,5378.923107,6.12885499
val_3534,KIT-IK-001,val_14,val_48,val_9,5/31/2024,23893.14934,2.667155386,931,522,9.176760295,585.1738308,2.970194481,695.5795944,915.1837989
val_3535,KIT-SU-001,val_11,val_47,val_2,5/31/2024,1033.524183,22.5660437,5,363,4.197702675,359.4030381,1.075439652,5055.01329,860.4740124
val_3536,KIT-SU-001,val_9,val_46,val_1,5/31/2024,65877.89016,24.15626492,959,765,4.207192382,588.6311864,4.269366649,5876.437499,353.2788777
val_3537,KIT-IK-001,val_8,val_7,val_21,5/31/2024,110134.3544,7.969353688,207,244,4.089921051,725.5118452,4.210526864,1507.414553,240.4483069
val_3538,KIT-IK-001,val_8,val_10,val_15,5/31/2024,11391.97351,17.01970698,885,201,3.046719384,843.1621232,3.033323228,850.6057936,106.9185397
val_3539,KIT-LK-001,val_11,val_23,val_36,5/31/2024,56353.44401,18.30293806,61,763,6.100395188,195.8467394,2.510192124,3909.84868,705.1888354
val_3540,KIT-IK-001,val_3,val_13,val_37,5/31/2024,87428.19178,20.77661094,313,557,1.950176047,85.12046561,1.690405661,7876.303037,120.4369518
val_3541,KIT-LK-001,val_10,val_23,val_14,6/1/2024,32275.84005,31.56134128,570,639,8.51317409,118.380169,1.302337623,7364.28645,669.5414136
val_3542,KIT-LK-001,val_4,val_33,val_20,6/1/2024,109805.7287,19.21524548,658,794,2.239774945,165.3798932,2.299880201,1694.016007,258.3534113
val_3543,KIT-YB-001,val_13,val_16,val_18,6/1/2024,34815.87942,2.542682375,15,287,2.565368998,324.3545754,4.749898325,1284.56275,729.2960302
val_3544,KIT-SU-001,val_17,val_7,val_32,6/1/2024,126180.4663,12.2050223,359,241,1.617168149,28.63555044,1.275022261,2405.275997,393.239282
val_3545,KIT-SU-001,val_10,val_24,val_30,6/1/2024,52566.86398,22.06577427,843,992,4.432124542,832.5386616,4.79655631,10517.42739,136.840247
val_3546,KIT-YB-001,val_7,val_43,val_31,6/1/2024,89997.94289,11.79329766,183,111,7.818807717,849.0551238,3.114718578,11193.60853,277.3803356
val_3547,KIT-YB-001,val_18,val_37,val_2,6/1/2024,81851.02406,26.92431994,948,646,9.190847199,713.1552028,2.763514153,6354.979718,690.0587512
val_3548,KIT-LK-001,val_13,val_19,val_16,6/2/2024,44818.78411,6.808708132,710,389,4.90852703,356.4822798,1.491833235,10846.8149,685.0905733
val_3549,KIT-SU-001,val_8,val_18,val_46,6/2/2024,66141.20776,5.176577982,976,142,3.116228795,706.7488286,1.285504574,1750.52245,597.2562
val_3550,KIT-YB-001,val_0,val_35,val_16,6/2/2024,126972.9772,8.239936906,904,954,7.530891791,574.6066166,3.177846969,7955.338442,323.2470351
val_3551,KIT-SU-001,val_0,val_10,val_8,6/2/2024,82477.4707,30.68775818,226,830,7.193294618,662.3455226,3.394453616,7855.340853,635.2575627
val_3552,KIT-SU-001,val_4,val_50,val_9,6/2/2024,8810.250644,23.8965276,942,222,7.134802739,87.88372205,2.736386102,5502.081261,42.20917023
val_3553,KIT-YB-001,val_4,val_52,val_1,6/2/2024,107098.3275,18.29769307,495,754,4.990810224,874.7167818,2.149320971,8905.951186,604.2717326
val_3554,KIT-YB-001,val_14,val_1,val_37,6/2/2024,27776.64842,10.65173754,258,768,6.087684354,348.6800426,1.052929958,5804.906939,781.2834679
val_3555,KIT-LK-001,val_10,val_58,val_0,6/3/2024,73166.38314,32.16696123,892,500,1.557702035,269.22529,2.066707919,10306.34133,138.2106926
val_3556,KIT-LK-001,val_19,val_1,val_28,6/3/2024,70546.56267,31.12941884,470,957,3.250114053,390.8142936,3.859288762,1803.042905,816.4829467
val_3557,KIT-SU-001,val_10,val_27,val_19,6/3/2024,73229.79582,14.09913582,688,233,9.342506012,247.2980755,3.424058842,404.3396683,905.0059681
val_3558,KIT-IK-001,val_18,val_40,val_4,6/3/2024,5136.593946,26.39478955,610,72,1.376017439,994.1693083,1.632381902,4661.813873,959.0221713
val_3559,KIT-LK-001,val_11,val_19,val_42,6/3/2024,41222.08362,31.99202427,299,811,3.714399898,646.2146821,4.173752898,1717.603848,30.03868203
val_3560,KIT-LK-001,val_7,val_12,val_35,6/3/2024,8084.953171,11.10469869,983,357,3.039798806,896.4113606,1.593952281,2313.735988,895.6269274
val_3561,KIT-YB-001,val_14,val_2,val_39,6/4/2024,62536.02704,11.63939836,834,124,2.172150347,951.026269,4.181849321,763.4919038,63.44520349
val_3562,KIT-LK-001,val_8,val_43,val_44,6/4/2024,93389.84073,19.19405899,529,969,9.319166083,581.2405985,3.050486902,5281.124659,379.4242007
val_3563,KIT-YB-001,val_5,val_2,val_43,6/4/2024,98284.08179,14.41115729,574,418,2.133064511,800.5184799,3.867746867,8899.363328,548.3790291
val_3564,KIT-YB-001,val_9,val_29,val_33,6/4/2024,10149.92655,26.69948923,69,866,5.404342013,905.2893935,1.332082923,6768.713671,221.7140232
val_3565,KIT-SU-001,val_13,val_23,val_25,6/4/2024,18273.92119,18.88517329,730,818,8.555585381,150.0088433,3.963950917,4408.87932,344.5768758
val_3566,KIT-IK-001,val_7,val_58,val_33,6/4/2024,99395.26341,7.57256996,910,303,1.034848096,269.1585217,3.885834327,338.1624119,908.0703442
val_3567,KIT-YB-001,val_14,val_55,val_21,6/4/2024,79912.55361,12.6022769,970,802,1.976749106,401.614488,1.701013225,6206.953117,175.0793084
val_3568,KIT-SU-001,val_19,val_49,val_8,6/5/2024,125095.0952,23.55911902,560,470,4.077047815,622.8423209,1.550158569,4066.930249,538.7940763
val_3569,KIT-SU-001,val_8,val_43,val_18,6/5/2024,31168.754,2.059511685,998,630,2.327635033,768.2971104,3.994784112,3018.710611,826.984143
val_3570,KIT-SU-001,val_5,val_32,val_22,6/5/2024,18491.17199,12.1074177,799,286,2.643936395,345.0042543,2.664626262,5528.235898,241.1036556
val_3571,KIT-LK-001,val_8,val_20,val_2,6/5/2024,54622.60985,0.760144683,505,7,6.32040232,842.6888499,3.590744736,2206.793253,935.0732589
val_3572,KIT-SU-001,val_16,val_9,val_40,6/5/2024,95741.53668,28.76617008,801,190,2.535680881,654.3610993,1.036203718,3995.078845,980.1104159
val_3573,KIT-YB-001,val_3,val_58,val_43,6/5/2024,73152.10258,4.278209625,156,333,6.749625083,372.0220888,1.734595455,11128.87439,266.0841807
val_3574,KIT-YB-001,val_19,val_23,val_20,6/5/2024,15239.69328,2.886724286,676,547,9.239666633,680.7138124,3.983697647,7408.067785,473.002063
val_3575,KIT-YB-001,val_8,val_25,val_23,6/6/2024,11158.16729,27.57343698,620,854,3.064858264,852.0345274,1.795464176,11879.08611,11.22275227
val_3576,KIT-YB-001,val_16,val_8,val_40,6/6/2024,101815.1973,3.314838819,493,177,2.910565044,335.951401,1.321128039,7608.992023,960.7597731
val_3577,KIT-IK-001,val_15,val_16,val_21,6/6/2024,44896.74761,24.01233649,644,722,1.10254232,386.9819748,1.700396954,1344.32488,137.2958551
val_3578,KIT-SU-001,val_15,val_38,val_33,6/6/2024,100587.6294,13.41925244,852,750,1.13199754,691.8339186,4.329606203,8056.636298,427.8059902
val_3579,KIT-SU-001,val_18,val_25,val_24,6/6/2024,44589.77502,28.79514117,572,811,4.569639049,429.8221764,2.386122387,10417.28907,672.6731108
val_3580,KIT-LK-001,val_3,val_35,val_13,6/6/2024,47561.73467,6.563223656,379,815,5.40137872,177.6679491,3.120302131,10969.93785,650.5482379
val_3581,KIT-IK-001,val_11,val_12,val_38,6/6/2024,31867.30235,3.13771416,422,63,2.645297097,854.1659722,3.309983602,6743.391679,652.557532
val_3582,KIT-YB-001,val_1,val_4,val_9,6/7/2024,147565.6857,8.148579338,568,217,3.906891721,201.5444427,2.490554738,1617.513274,17.11828035
val_3583,KIT-SU-001,val_5,val_53,val_10,6/7/2024,2902.508369,32.63829921,582,941,2.262789561,246.3427891,1.374791993,7788.188932,734.1831507
val_3584,KIT-SU-001,val_0,val_25,val_33,6/7/2024,19524.23886,29.05340987,313,632,7.131224331,867.8154438,2.027217213,1887.104773,746.0058217
val_3585,KIT-LK-001,val_13,val_21,val_34,6/7/2024,125525.3821,10.1453983,534,229,4.536453274,641.9559416,1.631245664,861.2291641,545.3647826
val_3586,KIT-SU-001,val_12,val_17,val_45,6/7/2024,21155.17924,7.372772113,287,997,7.609007001,431.6081084,4.638080362,2698.339724,731.3667741
val_3587,KIT-YB-001,val_14,val_39,val_34,6/7/2024,42464.18535,5.658097698,945,332,5.952817535,381.8093567,3.960350398,1344.991848,0.59667082
val_3588,KIT-IK-001,val_3,val_33,val_1,6/7/2024,39786.35276,7.89787853,535,288,4.39569227,183.2363765,4.292208275,5455.740837,166.2144745
val_3589,KIT-SU-001,val_6,val_23,val_40,6/8/2024,104699.3445,7.335529231,838,841,6.637300141,67.91620088,4.24899605,11338.18276,74.24321304
val_3590,KIT-YB-001,val_13,val_55,val_19,6/8/2024,61974.57612,31.10893782,379,961,1.064521926,909.4219517,1.008699075,7992.670294,312.8800023
val_3591,KIT-IK-001,val_16,val_54,val_0,6/8/2024,126167.8795,0.895509611,394,406,7.213280067,44.73046102,3.996029484,8394.816266,203.6055021
val_3592,KIT-YB-001,val_17,val_11,val_27,6/8/2024,112240.3658,30.82826333,288,646,4.339436196,61.67902739,2.928222901,9682.539554,186.0782418
val_3593,KIT-LK-001,val_1,val_38,val_8,6/8/2024,79899.64902,1.64157985,571,643,5.622186893,752.1016028,4.09854306,3022.951882,419.571399
val_3594,KIT-LK-001,val_8,val_58,val_19,6/8/2024,37734.73546,28.9738521,616,226,5.710688025,893.7439058,4.839373291,6954.508654,623.6269491
val_3595,KIT-SU-001,val_0,val_29,val_22,6/8/2024,118966.612,15.01600383,566,552,6.025711283,709.7126234,2.430866417,8612.641349,543.4163025
val_3596,KIT-IK-001,val_16,val_1,val_3,6/9/2024,129965.5878,2.886753301,837,55,7.32147862,242.0764872,3.419141772,3787.881606,836.9127133
val_3597,KIT-IK-001,val_2,val_7,val_40,6/9/2024,125524.2354,28.00538121,511,866,1.99581516,270.6501632,2.218410281,4773.303278,393.8030278
val_3598,KIT-IK-001,val_16,val_40,val_24,6/9/2024,8231.208258,9.124101859,821,829,5.400799841,961.3778953,4.575227334,8475.807086,407.7537218
val_3599,KIT-YB-001,val_3,val_54,val_46,6/9/2024,104844.8231,30.75537623,58,156,1.748377072,700.0825069,2.016091863,9739.852164,10.71244884
val_3600,KIT-SU-001,val_0,val_7,val_22,6/9/2024,105738.8261,26.37856637,360,609,3.107379467,827.8045444,2.405003525,4467.277325,760.2104416
val_3601,KIT-YB-001,val_17,val_32,val_28,6/9/2024,141489.7932,34.36561246,713,97,2.703380616,446.3676807,4.551782241,7583.129214,602.2483821
val_3602,KIT-IK-001,val_8,val_29,val_38,6/9/2024,39890.01583,29.14917659,383,87,6.388384082,776.5232255,1.403401061,8038.838836,125.8032574
val_3603,KIT-YB-001,val_8,val_17,val_10,6/10/2024,118058.851,8.58545684,732,632,6.45487738,980.7715034,2.976061167,11160.72003,191.6510008
val_3604,KIT-IK-001,val_12,val_37,val_43,6/10/2024,103519.9268,14.44068897,592,797,8.478094838,356.7201164,3.325142232,9492.059949,171.152109
val_3605,KIT-IK-001,val_5,val_52,val_8,6/10/2024,131869.6822,24.44273449,484,845,5.696534567,320.5229153,3.316072657,2495.414112,407.5298851
val_3606,KIT-LK-001,val_13,val_14,val_47,6/10/2024,104149.5505,11.19906048,558,331,7.702106642,42.94768416,1.480295123,7582.6519,38.00597952
val_3607,KIT-SU-001,val_8,val_3,val_30,6/10/2024,127941.9532,19.21832593,902,924,9.001701824,737.022531,1.157962605,11501.26352,778.6638651
val_3608,KIT-YB-001,val_5,val_21,val_24,6/10/2024,54256.51438,8.470119735,679,540,2.201827707,240.6699182,2.666567953,4663.54752,318.1464258
val_3609,KIT-IK-001,val_7,val_18,val_10,6/11/2024,24064.8509,23.27068997,984,400,7.48872406,253.9112287,2.815436182,9230.399038,918.6960159
val_3610,KIT-YB-001,val_0,val_43,val_27,6/11/2024,54821.12918,12.10626255,95,345,3.951424876,632.0071997,4.770656698,6562.661345,271.6167721
val_3611,KIT-YB-001,val_6,val_32,val_26,6/11/2024,122350.2275,2.120195734,813,735,3.502573755,738.8284271,4.02265397,5366.146565,366.3536642
val_3612,KIT-LK-001,val_11,val_1,val_47,6/11/2024,20181.67166,33.87853737,892,370,9.666843743,407.4761914,3.394542303,6929.115297,920.9783045
val_3613,KIT-LK-001,val_2,val_20,val_40,6/11/2024,95872.8043,29.5678442,928,391,2.858110869,944.541727,1.840454424,5216.51966,168.4629733
val_3614,KIT-IK-001,val_2,val_44,val_23,6/11/2024,148139.6303,10.76934369,539,388,9.23097737,161.7117325,4.605794927,3952.734595,845.6711752
val_3615,KIT-LK-001,val_13,val_28,val_18,6/11/2024,134304.7239,4.710943047,487,319,8.41344827,527.3499909,1.774111581,9181.198011,151.4521736
val_3616,KIT-YB-001,val_8,val_33,val_18,6/12/2024,100841.9076,25.78587083,584,397,8.907692085,617.329629,4.789500892,6485.670229,495.4479985
val_3617,KIT-YB-001,val_2,val_15,val_18,6/12/2024,118998.2339,7.879412806,915,24,6.273851263,617.3813152,4.783741714,11231.45716,873.9904007
val_3618,KIT-SU-001,val_14,val_19,val_0,6/12/2024,17913.22988,21.26980177,867,875,6.262352249,656.8514308,4.911568634,303.1434663,159.756097
val_3619,KIT-YB-001,val_15,val_7,val_1,6/12/2024,75075.6475,27.31195367,935,250,4.623238751,633.8832777,2.13207487,9278.336672,37.44534359
val_3620,KIT-LK-001,val_0,val_4,val_36,6/12/2024,80020.90728,9.680350446,970,447,4.608274503,791.7025811,1.549942383,2056.585307,239.3779241
val_3621,KIT-YB-001,val_4,val_2,val_12,6/12/2024,117513.0161,10.1053549,624,170,8.656004788,814.0820904,3.515110978,9182.314598,262.1275114
val_3622,KIT-IK-001,val_7,val_37,val_19,6/12/2024,42747.70518,2.34412073,259,537,4.489796449,977.4508116,2.691333008,10468.73017,407.0921895
val_3623,KIT-LK-001,val_14,val_9,val_33,6/13/2024,16419.55032,11.33071588,150,268,5.380271902,939.698385,2.553997554,9451.899611,743.7863953
val_3624,KIT-IK-001,val_1,val_34,val_29,6/13/2024,104868.0195,20.99129718,898,169,9.967535694,519.9275141,3.225233628,7207.337065,47.93560827
val_3625,KIT-YB-001,val_16,val_57,val_17,6/13/2024,74142.82237,5.621729547,152,289,4.188824718,705.9475688,3.757856624,1647.964508,571.8776045
val_3626,KIT-SU-001,val_6,val_41,val_36,6/13/2024,126422.9619,33.36728124,70,905,8.403325151,402.4286625,2.328498093,11532.62521,725.2651518
val_3627,KIT-IK-001,val_2,val_34,val_7,6/13/2024,72482.70918,25.34006752,472,859,3.494779542,650.6477173,2.340459855,4050.925492,807.1855737
val_3628,KIT-LK-001,val_17,val_7,val_22,6/13/2024,127017.4815,7.295750877,743,790,1.225662667,7.44442698,3.441439455,533.1138655,966.5755242
val_3629,KIT-SU-001,val_1,val_29,val_5,6/13/2024,76421.33277,18.6654602,736,203,6.340850769,367.592691,1.285240218,222.1722237,825.3631563
val_3630,KIT-SU-001,val_2,val_53,val_25,6/14/2024,117513.4272,13.82214277,254,650,5.3141138,914.5351692,3.799786087,8915.753833,103.1983798
val_3631,KIT-LK-001,val_18,val_23,val_4,6/14/2024,108251.4042,13.50588987,501,820,8.080053577,675.003472,4.196046162,10029.60129,175.7761856
val_3632,KIT-LK-001,val_10,val_49,val_45,6/14/2024,40279.33979,19.68758935,895,650,1.03737313,17.27977346,4.519008881,9675.851489,720.5734233
val_3633,KIT-SU-001,val_9,val_42,val_31,6/14/2024,46755.0496,3.963642933,800,860,1.635043491,522.686762,4.015331715,6796.65549,211.740917
val_3634,KIT-YB-001,val_13,val_16,val_11,6/14/2024,134929.7306,7.69291418,917,201,8.737110234,365.8883605,3.026974143,7656.222906,247.0110657
val_3635,KIT-IK-001,val_12,val_8,val_29,6/14/2024,35035.56558,5.408874602,770,464,5.327478888,808.7754392,4.495257498,10900.36637,849.1720608
val_3636,KIT-LK-001,val_12,val_1,val_16,6/14/2024,104776.3332,6.254475964,91,330,5.557360912,114.844439,2.963951337,8030.795693,461.6084196
val_3637,KIT-LK-001,val_0,val_16,val_24,6/15/2024,22195.45973,23.00156719,203,725,3.025962518,604.0630275,4.148343279,4344.034837,396.8557114
val_3638,KIT-SU-001,val_11,val_19,val_8,6/15/2024,113396.1765,34.86653809,169,127,9.333289958,712.0701865,1.254446844,11414.74904,469.3223327
val_3639,KIT-YB-001,val_5,val_39,val_24,6/15/2024,33881.83251,22.85849281,132,318,9.22978533,595.4548806,3.83614564,11593.87118,256.683398
val_3640,KIT-IK-001,val_16,val_34,val_5,6/15/2024,89312.77323,34.46837857,859,703,5.650244336,274.4350694,1.336403685,7609.124786,87.52996055
val_3641,KIT-LK-001,val_10,val_28,val_7,6/15/2024,84854.40142,20.27985597,706,17,2.960411919,793.1903697,1.110813135,6879.981347,977.1965675
val_3642,KIT-LK-001,val_2,val_43,val_28,6/15/2024,30925.38083,10.05913996,914,255,9.84512298,793.5943729,3.008969772,11254.89252,291.9461929
val_3643,KIT-YB-001,val_17,val_46,val_24,6/15/2024,73964.79651,30.5562081,320,710,9.032107695,360.9296385,1.477790978,9381.272106,512.0529251
val_3644,KIT-SU-001,val_5,val_42,val_14,6/16/2024,131947.5798,2.538250112,980,239,5.69269908,266.6714093,2.300472011,1600.856369,58.6565323
val_3645,KIT-SU-001,val_5,val_53,val_2,6/16/2024,102239.1375,3.764492257,932,607,6.637586868,663.8950742,4.096967576,11506.3938,149.2007449
val_3646,KIT-YB-001,val_18,val_21,val_20,6/16/2024,148901.8327,33.17732943,106,400,4.95701024,367.8194366,3.201134113,8747.525124,102.1463484
val_3647,KIT-LK-001,val_15,val_49,val_44,6/16/2024,117790.862,22.82644494,869,461,2.854519977,345.3493102,3.933512252,8920.351277,51.13196402
val_3648,KIT-YB-001,val_17,val_25,val_33,6/16/2024,96696.58743,32.52787843,110,358,7.133057579,450.5584924,4.13421071,4931.008334,650.9806394
val_3649,KIT-IK-001,val_13,val_11,val_2,6/16/2024,84698.70859,4.8244509,451,899,7.022207252,458.0905648,2.921017842,299.6679124,16.91961967
val_3650,KIT-LK-001,val_18,val_8,val_45,6/17/2024,140645.5826,26.93548118,180,721,5.925934843,829.6223619,4.942565273,3406.4359,456.8697838
val_3651,KIT-IK-001,val_2,val_5,val_20,6/17/2024,79288.50888,8.37140368,581,727,8.33001372,952.819049,1.808382345,4107.123989,664.9790794
val_3652,KIT-LK-001,val_11,val_57,val_27,6/17/2024,60699.57921,12.14872561,17,792,5.066529371,713.4629011,1.339636254,5579.47311,363.1021017
val_3653,KIT-SU-001,val_5,val_10,val_0,6/17/2024,125256.7901,31.4848999,847,426,8.748250523,88.23441623,2.273940452,8475.731606,150.1873044
val_3654,KIT-LK-001,val_7,val_50,val_14,6/17/2024,141066.5406,14.51168615,476,103,2.953165173,337.7849958,4.050039352,5517.168926,223.384284
val_3655,KIT-SU-001,val_4,val_47,val_37,6/17/2024,72098.07534,23.53467357,872,53,9.656249048,189.6136674,1.384960361,4591.122609,153.6166086
val_3656,KIT-YB-001,val_4,val_26,val_15,6/17/2024,21017.15928,31.07720669,433,482,2.845722387,663.2650479,2.866963906,3127.853772,295.391086
val_3657,KIT-SU-001,val_8,val_54,val_7,6/18/2024,91451.73632,30.50641271,557,876,2.441072085,598.1407656,3.28537208,9268.291965,356.2586997
val_3658,KIT-SU-001,val_18,val_54,val_4,6/18/2024,111261.8982,0.509972433,738,483,6.430577563,982.4541258,4.231853386,9492.544503,396.6507374
val_3659,KIT-IK-001,val_12,val_55,val_44,6/18/2024,56358.59444,5.705891594,972,985,1.837719375,447.6964006,4.383577018,4485.879215,223.0857731
val_3660,KIT-SU-001,val_6,val_29,val_39,6/18/2024,112307.8892,32.16803304,374,523,2.511380822,105.4586017,1.955737972,2767.227932,234.202089
val_3661,KIT-SU-001,val_8,val_17,val_2,6/18/2024,79892.17573,19.77207222,521,635,7.561310352,598.3934257,2.096379386,2796.555972,639.389655
val_3662,KIT-SU-001,val_10,val_2,val_44,6/18/2024,45552.7415,16.91095961,324,77,3.773363768,366.9440028,3.73585722,8021.223837,23.05250629
val_3663,KIT-SU-001,val_4,val_50,val_39,6/18/2024,94613.42365,2.470973468,41,768,8.201091735,177.983935,4.439116062,9316.402952,441.4505157
val_3664,KIT-IK-001,val_10,val_52,val_17,6/19/2024,58647.66104,1.071817985,873,889,2.399975544,370.9886448,1.673434028,9462.814806,929.1856332
val_3665,KIT-SU-001,val_13,val_32,val_31,6/19/2024,118130.4128,33.37883285,563,506,4.467713028,238.1836689,3.890557993,10473.84933,761.4357742
val_3666,KIT-LK-001,val_4,val_4,val_12,6/19/2024,960.4641736,16.69001767,372,905,4.476591529,197.2125237,1.950685258,9102.747201,332.9052399
val_3667,KIT-SU-001,val_11,val_49,val_11,6/19/2024,122817.6283,27.56732258,777,236,5.323569983,483.6402804,1.722666887,5934.014817,548.5052009
val_3668,KIT-LK-001,val_14,val_17,val_34,6/19/2024,46333.00399,7.856048489,819,489,4.693529832,810.0107529,2.350218897,3354.884193,981.9342766
val_3669,KIT-SU-001,val_10,val_32,val_9,6/19/2024,143964.1712,8.450103947,985,912,4.481071484,885.6646738,4.178624079,4610.639995,716.3242778
val_3670,KIT-YB-001,val_5,val_39,val_17,6/19/2024,113995.1477,19.69688515,437,604,3.955938202,260.3157353,3.9702046,3548.024607,589.6318175
val_3671,KIT-YB-001,val_11,val_8,val_17,6/20/2024,36535.52257,30.68569909,105,689,1.136355734,448.4079477,2.914802324,1373.99062,559.2497675
val_3672,KIT-LK-001,val_15,val_3,val_7,6/20/2024,146830.4742,10.24258176,485,403,6.549313481,842.8915018,3.856749419,1898.0366,894.2525239
val_3673,KIT-LK-001,val_4,val_4,val_39,6/20/2024,75187.2985,11.64223943,440,549,5.261422303,988.6773514,2.623381264,349.7978724,194.7883704
val_3674,KIT-YB-001,val_11,val_57,val_32,6/20/2024,78677.10769,19.36186506,207,371,4.35954384,849.9320801,1.842037402,2521.522197,578.6820733
val_3675,KIT-IK-001,val_13,val_57,val_41,6/20/2024,136472.961,1.592193898,587,682,2.902733054,494.035954,4.372056974,10055.46762,350.1674374
val_3676,KIT-IK-001,val_6,val_25,val_25,6/20/2024,137801.2586,13.38092276,414,55,9.022510753,870.1359422,1.215161215,6538.101771,468.1815798
val_3677,KIT-YB-001,val_7,val_25,val_8,6/20/2024,104683.9344,19.55864456,882,512,3.141044419,706.6272775,4.604085594,4795.412303,39.91616602
val_3678,KIT-SU-001,val_17,val_24,val_13,6/21/2024,146778.2211,0.367972719,47,930,9.288320452,113.5154347,4.155506005,3001.159277,793.2162492
val_3679,KIT-IK-001,val_7,val_21,val_16,6/21/2024,49666.11128,22.4025224,716,58,2.955375843,84.1415285,3.894322619,7160.434365,184.2900383
val_3680,KIT-LK-001,val_11,val_32,val_45,6/21/2024,35234.31937,1.97344204,602,451,9.742834071,936.2641483,3.2764949,11686.02534,562.7039983
val_3681,KIT-LK-001,val_2,val_21,val_11,6/21/2024,4873.879856,25.25457041,231,661,4.778642275,924.442354,4.240053879,4306.023667,923.3221816
val_3682,KIT-YB-001,val_18,val_36,val_33,6/21/2024,52278.5683,28.09841044,352,84,5.794456607,458.3656328,1.112879321,10200.61536,257.4604293
val_3683,KIT-YB-001,val_11,val_22,val_5,6/21/2024,90593.68483,29.39005757,860,5,3.689294627,661.8247992,3.364052583,11282.2615,327.7320421
val_3684,KIT-SU-001,val_15,val_37,val_45,6/21/2024,46154.16796,23.63390612,364,165,9.452628048,304.7919745,2.044161033,9485.782456,406.1142928
val_3685,KIT-YB-001,val_12,val_56,val_31,6/22/2024,87153.22844,19.74265704,664,220,3.543137631,701.3986776,3.557074478,7178.945513,543.980781
val_3686,KIT-IK-001,val_7,val_12,val_20,6/22/2024,7733.669948,10.90314,513,879,7.571906347,446.1843315,3.698896582,3764.004616,230.1121709
val_3687,KIT-YB-001,val_6,val_3,val_16,6/22/2024,53436.61416,14.97655741,896,156,1.184417509,348.4826427,1.858965899,593.9425463,738.4341442
val_3688,KIT-YB-001,val_14,val_31,val_17,6/22/2024,112326.7335,3.229550785,661,641,6.028468678,440.6043601,1.619225985,8891.746639,629.703917
val_3689,KIT-YB-001,val_17,val_7,val_10,6/22/2024,16096.8656,24.8071342,835,340,7.674180208,455.5541014,3.349829718,11480.40537,93.22922214
val_3690,KIT-SU-001,val_2,val_13,val_28,6/22/2024,107368.1996,1.059016008,904,536,5.237859359,942.7596072,4.762307108,8332.525924,509.6207141
val_3691,KIT-LK-001,val_16,val_47,val_41,6/22/2024,114615.0114,14.58761054,129,909,6.789854038,884.9804218,3.653780832,627.4235526,359.8024327
val_3692,KIT-YB-001,val_16,val_25,val_11,6/23/2024,85529.84561,17.81613242,834,859,7.912511959,194.433987,2.936636259,1845.462168,350.625031
val_3693,KIT-LK-001,val_2,val_32,val_35,6/23/2024,132970.0892,22.82311523,961,79,5.502142002,278.4679314,4.741957148,4836.870346,983.0868732
val_3694,KIT-SU-001,val_2,val_46,val_27,6/23/2024,143207.2451,12.14332142,36,89,2.96282787,299.3748193,4.275665263,11873.60729,405.4771055
val_3695,KIT-YB-001,val_13,val_7,val_37,6/23/2024,5684.283702,15.60901658,454,357,4.570948111,11.57047562,3.93119639,1201.771135,23.98145743
val_3696,KIT-SU-001,val_16,val_28,val_36,6/23/2024,102022.9121,20.64068522,255,809,7.577011071,530.4302758,2.749568924,3951.025687,354.9307427
val_3697,KIT-IK-001,val_7,val_2,val_1,6/23/2024,35957.58812,32.32648272,983,760,3.439827442,482.691622,2.965575887,6712.196136,599.57396
val_3698,KIT-YB-001,val_12,val_29,val_1,6/24/2024,61523.4047,23.58463016,352,619,6.688311627,124.6027339,2.058479255,1521.105021,527.7808614
val_3699,KIT-YB-001,val_19,val_13,val_43,6/24/2024,93661.56524,9.054317209,187,863,2.334627878,990.2375461,4.267531894,1587.745647,77.08452601
val_3700,KIT-LK-001,val_6,val_54,val_7,6/24/2024,106984.7044,29.684774,95,182,9.372639099,761.2852613,2.138657197,1010.619957,168.1851764
val_3701,KIT-IK-001,val_4,val_15,val_27,6/24/2024,126108.544,2.116243619,794,736,6.426848127,183.0867585,3.815002243,6132.81745,769.3654645
val_3702,KIT-SU-001,val_19,val_12,val_36,6/24/2024,105955.3443,9.676007357,58,970,5.214435315,705.331378,4.499840364,3580.928608,7.240632588
val_3703,KIT-LK-001,val_5,val_0,val_24,6/24/2024,116721.1496,3.963682084,305,966,8.303707327,340.6335909,3.208660678,666.1217975,230.5326457
val_3704,KIT-LK-001,val_9,val_7,val_0,6/24/2024,90061.1443,15.75694469,554,711,8.17453947,632.8475845,1.626035757,6121.526531,980.7182015
val_3705,KIT-SU-001,val_8,val_12,val_0,6/25/2024,18000.33302,22.36506624,44,696,1.875907358,470.4908999,1.099519595,8819.31528,655.6395628
val_3706,KIT-IK-001,val_10,val_13,val_32,6/25/2024,3703.832075,18.67863718,174,223,3.763571239,138.8578735,3.692956159,8092.322873,245.5280525
val_3707,KIT-YB-001,val_5,val_44,val_43,6/25/2024,79702.56581,28.43192463,995,745,5.127195447,460.0867056,1.898539458,8274.817321,194.0121721
val_3708,KIT-SU-001,val_13,val_53,val_16,6/25/2024,107473.3867,19.94858812,458,247,4.064859628,961.6871628,1.156268034,6697.461251,416.5207953
val_3709,KIT-IK-001,val_13,val_51,val_26,6/25/2024,16775.40547,8.29680973,303,422,3.855706485,748.1305429,2.373129275,9418.593612,645.5676781
val_3710,KIT-YB-001,val_4,val_57,val_44,6/25/2024,64679.74421,18.86748077,870,117,4.169712677,626.582236,3.328490783,936.0932681,171.0435723
val_3711,KIT-LK-001,val_9,val_53,val_39,6/25/2024,38798.52081,25.79503535,80,302,2.278443965,843.5268732,3.206130482,2450.419468,747.9452619
val_3712,KIT-LK-001,val_1,val_27,val_25,6/26/2024,85280.411,17.70277708,264,75,2.074756029,828.7211364,1.669642266,8498.986614,41.93157268
val_3713,KIT-SU-001,val_4,val_23,val_31,6/26/2024,58880.16149,15.58054028,861,462,3.342797189,888.2039185,3.41594336,4161.773104,193.9962159
val_3714,KIT-SU-001,val_19,val_38,val_46,6/26/2024,30619.39131,18.6125879,753,72,1.630735569,108.8598021,2.643093401,3018.393676,590.2754511
val_3715,KIT-YB-001,val_10,val_19,val_38,6/26/2024,1156.710704,19.2724244,432,768,5.591979939,129.4505822,2.910516497,519.1479046,706.1866498
val_3716,KIT-IK-001,val_12,val_36,val_19,6/26/2024,48568.00176,11.00738815,981,656,2.378226408,798.8943437,4.497702816,10448.04235,672.2139968
val_3717,KIT-YB-001,val_17,val_59,val_33,6/26/2024,77666.24093,29.92707702,577,650,1.608104485,995.3421875,1.31411869,10088.10079,261.813503
val_3718,KIT-SU-001,val_14,val_11,val_15,6/26/2024,139416.7579,7.427368914,746,703,8.534312111,562.5433526,3.111483922,913.5696699,385.4976233
val_3719,KIT-IK-001,val_15,val_46,val_44,6/27/2024,34507.66423,1.342557835,985,772,6.287585556,964.2660494,1.694496421,3791.807064,37.63053773
val_3720,KIT-IK-001,val_14,val_56,val_4,6/27/2024,77082.13236,26.00392911,504,676,9.085240246,662.8144949,1.731092258,2731.729375,0.470649474
val_3721,KIT-IK-001,val_9,val_32,val_10,6/27/2024,85191.2319,29.51251923,481,628,9.850534923,85.31897913,3.441853277,2640.060441,416.4834339
val_3722,KIT-YB-001,val_12,val_21,val_16,6/27/2024,97559.5347,22.5672223,664,182,6.341782275,926.2529672,3.678836281,3245.344206,543.3540158
val_3723,KIT-LK-001,val_5,val_15,val_9,6/27/2024,49620.66946,16.51929097,67,733,8.163795898,839.21247,3.424900859,3705.045243,821.1250326
val_3724,KIT-IK-001,val_17,val_10,val_28,6/27/2024,15372.53201,34.13714953,429,487,2.435877818,535.8480133,4.693974999,8536.994734,962.6660336
val_3725,KIT-LK-001,val_3,val_19,val_34,6/27/2024,138242.7579,13.10245625,691,155,7.285318307,743.9066489,4.17864743,11644.24723,599.1458724
val_3726,KIT-SU-001,val_17,val_44,val_42,6/28/2024,142936.9366,14.32524529,379,481,5.945987817,351.5538819,1.794440735,736.1715909,816.5530724
val_3727,KIT-LK-001,val_17,val_30,val_24,6/28/2024,66015.55517,20.7707236,711,323,7.087535831,615.7802825,3.54345604,4010.118776,130.4768559
val_3728,KIT-SU-001,val_2,val_13,val_29,6/28/2024,87295.95681,15.17885554,403,199,1.942517777,413.2393774,3.481360444,8075.546158,816.6644567
val_3729,KIT-LK-001,val_14,val_32,val_28,6/28/2024,4839.445795,19.52438351,194,561,9.422336053,527.1332188,3.586099254,3809.923529,253.3924409
val_3730,KIT-YB-001,val_19,val_48,val_0,6/28/2024,7558.738347,33.8364172,146,895,4.757386143,636.55301,2.716321019,2455.279087,409.7556617
val_3731,KIT-YB-001,val_11,val_0,val_34,6/28/2024,11961.77867,8.46495449,545,16,7.982193584,53.86945499,4.790483038,2180.333696,21.32463864
val_3732,KIT-IK-001,val_6,val_1,val_1,6/28/2024,110942.5741,5.369989818,193,135,9.915508112,96.02343547,2.854923091,7255.745647,468.0436196
val_3733,KIT-IK-001,val_17,val_57,val_26,6/29/2024,34471.55642,14.93958292,369,913,8.859807963,82.41245969,4.157416389,1982.449028,651.2961008
val_3734,KIT-IK-001,val_10,val_44,val_47,6/29/2024,28074.85983,17.73915,520,691,3.805349355,594.929465,2.925233223,1339.258373,252.0570495
val_3735,KIT-SU-001,val_2,val_34,val_37,6/29/2024,1746.132247,25.01924114,49,239,4.617785884,412.9077289,4.149705445,9046.384967,808.6728798
val_3736,KIT-LK-001,val_4,val_54,val_24,6/29/2024,3923.182869,33.44002669,420,369,6.837887013,500.0603479,2.582563254,4256.379412,926.1946113
val_3737,KIT-SU-001,val_13,val_35,val_15,6/29/2024,61104.87097,24.16572773,311,88,5.842208435,500.2814421,1.003261402,10755.54408,570.6791915
val_3738,KIT-IK-001,val_9,val_31,val_40,6/29/2024,81480.85064,34.55369542,314,844,4.692704135,40.47063212,2.999437004,6057.436997,244.0579486
val_3739,KIT-LK-001,val_4,val_12,val_41,6/30/2024,87069.34767,8.772586528,910,664,6.880327333,796.0588715,3.191991187,1755.05837,705.2729284
val_3740,KIT-IK-001,val_15,val_48,val_17,6/30/2024,68957.72159,7.469375086,925,232,9.185755324,700.6880007,1.462454896,2474.59309,294.6061388
val_3741,KIT-IK-001,val_2,val_45,val_5,6/30/2024,69204.41019,10.86740933,300,193,3.785463232,687.9010301,3.660736945,10601.33878,162.7919322
val_3742,KIT-LK-001,val_4,val_17,val_27,6/30/2024,113094.7567,27.59191251,881,691,2.15504504,34.25091968,4.414940518,1681.64831,285.1910644
val_3743,KIT-LK-001,val_9,val_44,val_30,6/30/2024,43790.73512,6.690712342,223,562,7.081746077,651.7181013,4.473362147,3923.226637,439.0102432
val_3744,KIT-SU-001,val_0,val_43,val_44,6/30/2024,36038.81379,7.027413728,347,749,6.306354996,500.457776,2.507582937,3780.362302,225.6869338
val_3745,KIT-SU-001,val_7,val_5,val_42,6/30/2024,128221.4661,14.52840447,941,249,9.150292274,760.5676455,2.64003694,11855.15771,337.2646013
val_3746,KIT-YB-001,val_18,val_9,val_10,7/1/2024,103544.9393,11.2505412,101,995,7.683933126,96.87149287,4.433541781,11698.28438,395.6213949
val_3747,KIT-IK-001,val_18,val_35,val_12,7/1/2024,71791.53414,22.6974375,382,166,4.573924832,746.7085958,4.99331599,8366.414776,753.8569105
val_3748,KIT-LK-001,val_17,val_37,val_47,7/1/2024,41673.02142,31.17781274,805,178,6.699964155,961.6881823,1.210423215,2979.049163,857.644778
val_3749,KIT-SU-001,val_6,val_39,val_15,7/1/2024,20918.98203,5.0253879,941,735,8.761303354,850.9864364,1.247121653,2315.510566,824.9008568
val_3750,KIT-SU-001,val_1,val_22,val_22,7/1/2024,6094.468914,19.22707146,949,565,4.127258433,894.1705599,1.217037181,909.1219227,193.220923
val_3751,KIT-YB-001,val_16,val_50,val_14,7/1/2024,127928.621,3.276344976,881,388,1.124438937,75.80090056,2.849924907,923.3559596,809.7545863
val_3752,KIT-SU-001,val_7,val_26,val_18,7/1/2024,89211.13246,7.90797067,965,737,6.637064413,529.6434606,4.13820231,11301.57059,640.5352431
val_3753,KIT-YB-001,val_14,val_12,val_27,7/2/2024,7351.50919,10.95673381,470,575,1.233328477,246.6624606,1.374727646,7321.488375,237.7980001
val_3754,KIT-LK-001,val_2,val_6,val_14,7/2/2024,24208.81599,20.35278251,323,403,9.437319115,544.9239645,3.75579016,2540.007198,376.0050709
val_3755,KIT-IK-001,val_13,val_52,val_19,7/2/2024,42294.85809,19.50978893,385,216,2.513789647,706.5847261,1.684642962,9419.600853,345.4969697
val_3756,KIT-YB-001,val_11,val_42,val_16,7/2/2024,39829.20236,22.57870556,120,717,4.368372175,746.8242307,1.131846169,1101.720911,435.1468868
val_3757,KIT-YB-001,val_18,val_27,val_5,7/2/2024,82484.45289,28.69794332,137,552,9.516557072,991.5959683,3.382343002,6364.19516,844.8440957
val_3758,KIT-LK-001,val_2,val_12,val_37,7/2/2024,60216.82167,6.715599759,974,895,1.719375353,957.6264918,3.375440159,2510.218923,411.607127
val_3759,KIT-LK-001,val_8,val_5,val_42,7/2/2024,132391.3823,26.06971022,190,421,1.039082805,247.1537,2.133179249,5493.800156,54.66355478
val_3760,KIT-LK-001,val_19,val_9,val_23,7/3/2024,108051.8997,23.41232923,616,265,1.932729012,915.6152925,2.28894649,2903.013651,737.3322873
val_3761,KIT-YB-001,val_7,val_6,val_9,7/3/2024,136654.5191,2.973944015,232,51,9.874346209,884.0143204,2.415956177,1810.710779,787.0251522
val_3762,KIT-YB-001,val_13,val_31,val_30,7/3/2024,129491.3845,12.19539714,664,271,9.745558885,723.4361948,4.716925542,11136.88016,572.2810202
val_3763,KIT-YB-001,val_3,val_11,val_25,7/3/2024,138244.6855,1.163937341,470,727,4.461391958,257.6576265,4.465278804,11055.1364,475.1277124
val_3764,KIT-LK-001,val_14,val_7,val_26,7/3/2024,147011.7118,3.338416485,105,287,7.685970646,188.2500729,3.110034339,6020.836686,772.1039449
val_3765,KIT-LK-001,val_5,val_16,val_28,7/3/2024,47098.61749,10.07578064,372,552,7.623401026,435.6073551,4.853827458,9477.111833,22.08020503
val_3766,KIT-LK-001,val_11,val_41,val_34,7/3/2024,31847.25028,8.660442522,731,215,1.898345856,39.05774791,3.326879908,2580.695346,584.1990059
val_3767,KIT-YB-001,val_17,val_29,val_1,7/4/2024,25190.27815,31.52604718,801,928,3.116079318,283.916503,1.406128991,4884.177849,951.9383458
val_3768,KIT-YB-001,val_13,val_9,val_4,7/4/2024,94399.22552,31.30384199,289,902,9.000841069,73.38466617,2.948644607,2861.402625,794.2949304
val_3769,KIT-LK-001,val_9,val_44,val_4,7/4/2024,102304.5214,20.30978961,296,808,2.491271287,524.5075357,4.578081767,1188.42322,275.5217468
val_3770,KIT-LK-001,val_3,val_29,val_7,7/4/2024,13631.70538,25.77923746,730,734,5.687698212,616.5472477,3.650629479,5201.722396,917.684308
val_3771,KIT-IK-001,val_6,val_11,val_46,7/4/2024,123250.2037,34.9861257,424,571,3.197371957,111.3053683,4.81066625,8989.874112,202.4642397
val_3772,KIT-YB-001,val_16,val_41,val_35,7/4/2024,117568.4465,14.47470588,70,8,6.01853101,873.9326185,3.123534627,8988.713279,546.9358901
val_3773,KIT-YB-001,val_4,val_59,val_31,7/4/2024,94456.85301,18.38040483,122,43,2.768776292,96.79961187,4.647389075,5431.974163,624.994353
val_3774,KIT-YB-001,val_13,val_32,val_33,7/5/2024,65624.06568,22.86001788,374,443,2.941734242,396.2102081,4.066352426,5466.584648,34.03690217
val_3775,KIT-IK-001,val_9,val_9,val_1,7/5/2024,23471.76461,32.23542579,271,752,1.421191516,500.9816338,4.290862258,7314.238446,127.2434431
val_3776,KIT-LK-001,val_6,val_18,val_10,7/5/2024,76086.0445,27.93617597,118,130,9.91154249,582.1219399,4.965821784,11210.74063,544.34485
val_3777,KIT-IK-001,val_14,val_35,val_38,7/5/2024,24295.80968,2.441877858,783,549,2.017857068,319.1054123,2.208968097,1970.720919,180.9027309
val_3778,KIT-SU-001,val_7,val_59,val_22,7/5/2024,90944.32837,25.01066989,459,955,4.740569354,713.0839879,3.512228303,4977.97136,419.1485952
val_3779,KIT-LK-001,val_5,val_55,val_24,7/5/2024,46839.72718,8.967356453,707,835,4.758021834,341.3598093,2.025810801,10887.03486,705.8013709
val_3780,KIT-YB-001,val_10,val_55,val_36,7/5/2024,37472.28621,9.07057904,1,552,3.732636168,252.690328,4.415591261,6674.731262,625.3638495
val_3781,KIT-LK-001,val_15,val_49,val_3,7/6/2024,66437.1813,19.24389093,402,578,8.145912612,453.1764552,3.343501463,9556.219778,874.2438328
val_3782,KIT-LK-001,val_17,val_34,val_38,7/6/2024,87316.56364,24.43126962,478,62,4.039227204,113.4324979,1.703339932,5659.041862,921.1719852
val_3783,KIT-IK-001,val_12,val_38,val_32,7/6/2024,55435.8778,5.741128223,578,2,6.629052572,966.1581741,2.684982458,11068.41064,926.5968926
val_3784,KIT-LK-001,val_13,val_44,val_19,7/6/2024,144558.7085,11.14499954,969,316,5.887003432,550.097597,1.7269721,10705.12809,392.390618
val_3785,KIT-IK-001,val_15,val_42,val_23,7/6/2024,1381.696571,25.12101095,458,815,8.776259947,144.0537594,2.831805462,5462.212092,121.922463
val_3786,KIT-SU-001,val_5,val_38,val_3,7/6/2024,136972.7223,5.489669364,489,5,8.375343678,796.0680982,1.310347225,259.1244492,667.1579544
val_3787,KIT-SU-001,val_5,val_8,val_9,7/7/2024,602.2653977,29.76985498,896,800,2.961525861,720.3794818,4.861123617,6880.693802,919.0079146
val_3788,KIT-LK-001,val_9,val_52,val_11,7/7/2024,32898.43483,16.07028924,398,257,7.751006152,430.5065756,3.386469516,2606.255733,769.2639472
val_3789,KIT-IK-001,val_12,val_0,val_42,7/7/2024,149454.5081,20.59246071,395,99,8.133116123,983.7017061,4.962648502,3038.554456,697.0235551
val_3790,KIT-YB-001,val_12,val_25,val_5,7/7/2024,109350.2587,2.997864263,159,95,9.272670973,500.6150319,1.695067305,5270.922563,802.5961092
val_3791,KIT-LK-001,val_3,val_26,val_13,7/7/2024,96852.50657,33.4166433,722,684,9.668958427,212.7515279,2.537662001,5509.871053,409.814847
val_3792,KIT-YB-001,val_15,val_59,val_6,7/7/2024,109050.8857,31.78212247,19,44,7.632721011,791.2555002,4.724956497,10355.78079,501.7620773
val_3793,KIT-IK-001,val_7,val_5,val_13,7/7/2024,61540.27996,6.814739321,218,526,5.049380547,928.7423553,3.767859276,569.2073562,199.880781
val_3794,KIT-YB-001,val_17,val_28,val_0,7/8/2024,117739.3548,23.27595922,418,935,3.636736021,262.3730811,1.280151331,3681.941778,671.542862
val_3795,KIT-IK-001,val_14,val_21,val_13,7/8/2024,23652.77092,27.80047921,434,590,8.781966364,6.720904485,4.532739828,7661.35596,347.9788065
val_3796,KIT-SU-001,val_19,val_5,val_34,7/8/2024,119186.9119,4.444465584,38,334,9.239990399,609.2800726,1.755340967,7539.374892,267.4624824
val_3797,KIT-SU-001,val_12,val_13,val_36,7/8/2024,140959.2386,20.29538387,529,890,1.878050642,732.7800392,2.04724385,3949.648313,250.676501
val_3798,KIT-IK-001,val_10,val_25,val_18,7/8/2024,128724.1842,29.79579677,972,73,5.988904474,260.8548081,3.927019025,2299.744616,510.7117537
val_3799,KIT-LK-001,val_3,val_54,val_33,7/8/2024,111079.3125,17.83365059,104,249,2.162748503,963.6560553,3.842765033,3468.789808,539.9742498
val_3800,KIT-SU-001,val_7,val_23,val_29,7/8/2024,97880.90832,32.34772983,494,171,3.264217439,167.637254,3.642378784,10729.5533,826.2410586
val_3801,KIT-LK-001,val_17,val_52,val_43,7/9/2024,78403.27872,1.863506013,588,13,4.448765186,801.1566834,1.021624491,3301.776789,916.331624
val_3802,KIT-SU-001,val_7,val_44,val_38,7/9/2024,59585.88029,32.18853177,324,955,3.800477938,876.3101399,1.997525729,6002.676694,309.1493139
val_3803,KIT-YB-001,val_1,val_49,val_11,7/9/2024,129915.2118,34.20718806,575,208,7.443990434,170.8842772,2.379584231,11319.30532,331.8246507
val_3804,KIT-YB-001,val_4,val_51,val_28,7/9/2024,97295.05691,5.626785114,341,73,1.710696143,501.3438368,2.601335389,1597.333691,281.1913328
val_3805,KIT-YB-001,val_11,val_42,val_37,7/9/2024,65517.59693,15.19706684,158,916,6.523961874,28.04681508,1.295739389,10474.67423,302.0550867
val_3806,KIT-IK-001,val_12,val_44,val_14,7/9/2024,117826.3619,21.80261931,841,963,6.232730761,641.889126,3.701512351,8971.833983,728.4866925
val_3807,KIT-IK-001,val_19,val_9,val_27,7/9/2024,8588.511229,31.28469243,999,211,8.08475485,546.4792893,4.56499921,5927.978842,629.0984402
val_3808,KIT-SU-001,val_18,val_43,val_19,7/10/2024,122061.328,5.751510817,386,402,1.870106447,778.2718784,4.9586886,11397.54103,77.83435701
val_3809,KIT-SU-001,val_10,val_2,val_14,7/10/2024,121699.9748,11.82417294,92,675,3.993441627,501.2776578,4.191921581,1078.056807,572.5360317
val_3810,KIT-LK-001,val_11,val_44,val_9,7/10/2024,34665.14729,27.96795745,163,427,7.273930815,353.884262,1.810399447,10284.18983,847.7258563
val_3811,KIT-IK-001,val_16,val_39,val_1,7/10/2024,6131.902692,14.46815878,896,790,7.405183964,136.6717762,3.045143147,2532.650945,60.19822878
val_3812,KIT-YB-001,val_0,val_45,val_35,7/10/2024,107199.3394,21.25203292,881,248,5.046632145,51.07361731,4.662940644,4379.557224,905.472563
val_3813,KIT-YB-001,val_11,val_38,val_39,7/10/2024,30380.80845,19.68819221,492,814,5.1559249,528.8320268,1.266383404,1643.765819,256.8011031
val_3814,KIT-SU-001,val_9,val_22,val_31,7/10/2024,149405.2577,34.06637501,872,559,9.684633787,918.8840636,1.913317807,6044.412424,327.7617399
val_3815,KIT-SU-001,val_15,val_22,val_11,7/11/2024,1872.775564,5.125286592,222,10,3.936051883,766.004829,2.058940864,2195.242951,399.4979899
val_3816,KIT-LK-001,val_16,val_35,val_0,7/11/2024,34853.9012,33.20573156,400,621,2.351032272,393.1206761,3.438302386,3210.23678,142.2835252
val_3817,KIT-IK-001,val_13,val_28,val_30,7/11/2024,6788.328392,19.83244491,112,9,9.575578585,983.7258919,4.806079578,903.5730934,98.46961355
val_3818,KIT-LK-001,val_13,val_20,val_9,7/11/2024,117507.0324,31.66449858,545,846,8.286473289,184.0000762,2.930359532,3800.162679,240.6251922
val_3819,KIT-IK-001,val_13,val_29,val_26,7/11/2024,87014.97608,4.304386362,700,989,3.133566356,997.6289554,3.255589738,2133.498904,5.39047161
val_3820,KIT-SU-001,val_11,val_32,val_46,7/11/2024,127340.9629,22.52430488,962,154,8.715312396,230.1357787,3.559447637,8287.095032,577.2517626
val_3821,KIT-IK-001,val_4,val_14,val_0,7/11/2024,144410.6989,29.43582926,755,527,3.270712742,168.2186016,4.406134189,7730.492056,134.4757647
val_3822,KIT-IK-001,val_5,val_38,val_27,7/12/2024,91712.17163,27.58347625,665,337,8.447027275,858.3323009,2.14532214,8052.443684,93.34928674
val_3823,KIT-IK-001,val_14,val_18,val_47,7/12/2024,35147.14879,0.545853624,674,63,6.657064534,468.853518,3.504995875,8176.954623,563.2317463
val_3824,KIT-YB-001,val_12,val_16,val_16,7/12/2024,14351.0914,15.93675022,629,678,5.343221984,891.8576007,4.701200945,1417.302785,592.6237761
val_3825,KIT-IK-001,val_4,val_25,val_39,7/12/2024,130006.0262,4.214066008,420,26,9.352656163,748.0402466,4.755736737,2723.186063,659.8900355
val_3826,KIT-SU-001,val_17,val_6,val_39,7/12/2024,37144.43163,5.518313751,500,24,8.284311371,156.7300337,2.530570997,8902.191469,503.7754292
val_3827,KIT-LK-001,val_19,val_36,val_23,7/12/2024,134080.9746,24.77881231,172,811,2.169325674,121.9242789,1.447176939,5889.79022,884.3229982
val_3828,KIT-LK-001,val_12,val_44,val_14,7/12/2024,131803.9961,33.48896763,20,282,7.350120614,446.7665656,4.697566464,7635.161553,124.8602474
val_3829,KIT-IK-001,val_4,val_57,val_32,7/13/2024,94357.47723,22.26659095,790,905,8.10551757,561.5448385,4.68386182,867.919437,786.2902932
val_3830,KIT-LK-001,val_18,val_17,val_29,7/13/2024,90797.37518,3.762721716,496,594,5.870148618,423.214125,1.388975865,4758.47282,411.2011951
val_3831,KIT-IK-001,val_4,val_32,val_22,7/13/2024,142648.557,8.691081397,872,525,3.484615404,211.9887595,1.325373524,5368.453368,903.4562023
val_3832,KIT-YB-001,val_8,val_30,val_9,7/13/2024,113524.2577,13.38482903,121,409,3.110256772,217.5304077,1.740553308,8369.743609,234.5303484
val_3833,KIT-IK-001,val_17,val_43,val_35,7/13/2024,102650.6248,4.562442781,392,372,9.767313736,509.9090168,3.587395654,10962.32209,947.7525483
val_3834,KIT-LK-001,val_10,val_37,val_10,7/13/2024,65643.24243,29.70928996,257,225,4.931141184,14.29936004,2.210485159,6979.509411,867.1735649
val_3835,KIT-YB-001,val_4,val_48,val_6,7/14/2024,72857.76764,6.968780376,842,703,5.669425069,438.9481756,1.960797641,9181.12702,173.1702584
val_3836,KIT-YB-001,val_1,val_51,val_3,7/14/2024,58643.7042,4.708377488,377,606,6.38349159,33.22506854,4.198520906,7793.26375,434.9186176
val_3837,KIT-SU-001,val_7,val_6,val_21,7/14/2024,141974.9925,25.45382659,636,22,1.905682629,873.134918,1.975550217,10936.88242,243.0757583
val_3838,KIT-LK-001,val_13,val_21,val_5,7/14/2024,95898.82237,4.613765824,84,323,1.73165856,620.111596,4.841668929,9767.269524,142.0445552
val_3839,KIT-IK-001,val_14,val_39,val_16,7/14/2024,117164.3564,14.47911676,527,899,2.783232172,160.1883705,2.753752709,3118.215721,388.018433
val_3840,KIT-LK-001,val_4,val_32,val_11,7/14/2024,6061.360395,18.13968901,441,493,1.587961602,768.5667523,2.69037592,2823.179068,535.1617939
val_3841,KIT-LK-001,val_3,val_28,val_22,7/14/2024,127937.7322,2.991979421,611,256,9.086250588,492.6163363,4.774540296,10960.35,401.5793377
val_3842,KIT-IK-001,val_14,val_10,val_37,7/15/2024,62936.92547,19.5414295,585,229,2.332218437,510.7066543,1.480519894,7249.894627,331.6943818
val_3843,KIT-IK-001,val_3,val_34,val_21,7/15/2024,110705.476,16.90970729,107,191,3.039122547,256.1272822,1.459771067,5505.483735,327.8820116
val_3844,KIT-SU-001,val_1,val_44,val_26,7/15/2024,6483.784566,23.4608865,50,861,5.835793235,393.7564299,2.734291701,8461.649586,161.0314879
val_3845,KIT-YB-001,val_9,val_2,val_6,7/15/2024,134134.0409,7.826278363,125,311,9.065838033,878.1539264,3.348267398,3524.251132,222.7460409
val_3846,KIT-SU-001,val_11,val_35,val_5,7/15/2024,99146.91565,12.61069421,217,297,1.441280951,147.2004373,3.032260935,9741.423712,529.4192573
val_3847,KIT-IK-001,val_4,val_54,val_46,7/15/2024,68896.36824,23.1560058,727,63,2.943770119,623.7070985,4.81965119,6427.359354,159.0652493
val_3848,KIT-YB-001,val_4,val_34,val_29,7/15/2024,45881.9358,1.438762454,269,890,7.456153739,216.8993198,4.972651309,10477.58122,829.4860983
val_3849,KIT-YB-001,val_4,val_57,val_0,7/16/2024,46998.1093,4.229664009,970,389,5.672618307,444.8043701,1.163458703,7795.651876,736.166035
val_3850,KIT-YB-001,val_6,val_21,val_27,7/16/2024,45858.01961,10.06760373,86,705,6.35066521,533.0212392,1.661924345,3270.573834,988.8538673
val_3851,KIT-IK-001,val_0,val_0,val_0,7/16/2024,20088.36499,3.901201812,508,715,1.152584245,121.7897308,3.214518773,11592.41716,316.7409439
val_3852,KIT-LK-001,val_0,val_40,val_3,7/16/2024,69839.52594,1.575033921,716,350,8.801247097,78.51034229,4.800519462,4948.685194,182.3949362
val_3853,KIT-LK-001,val_7,val_12,val_17,7/16/2024,68296.20994,34.56090831,54,498,6.208666559,484.0592474,2.119632931,9238.01043,75.51678605
val_3854,KIT-SU-001,val_0,val_0,val_31,7/16/2024,62084.53056,16.06044738,514,101,8.509310544,409.3436373,2.468294675,3215.295219,349.9564884
val_3855,KIT-IK-001,val_6,val_10,val_29,7/16/2024,105612.5885,18.77220338,68,668,9.673703894,920.9953734,1.924239587,5121.525946,920.944573
val_3856,KIT-LK-001,val_11,val_56,val_37,7/17/2024,63262.32197,9.070690394,790,674,7.589453448,697.9961947,4.869700681,8911.758965,591.1957761
val_3857,KIT-IK-001,val_0,val_46,val_8,7/17/2024,13806.05567,0.467516019,467,213,1.27909439,896.8125551,1.61542651,8415.85827,958.5409145
val_3858,KIT-SU-001,val_12,val_16,val_9,7/17/2024,127882.9135,26.32520165,865,195,7.403765192,928.304535,3.258253414,11280.12489,914.0154753
val_3859,KIT-SU-001,val_12,val_35,val_25,7/17/2024,64052.57934,25.38660378,658,398,6.071236069,19.06552902,1.09181631,9614.300049,379.7416407
val_3860,KIT-IK-001,val_11,val_20,val_41,7/17/2024,98465.20532,34.04441785,317,693,1.931856343,879.8611429,3.406691015,4025.367422,437.9213372
val_3861,KIT-SU-001,val_12,val_10,val_34,7/17/2024,139519.505,0.934352468,155,520,3.433843567,958.4759588,2.5698113,10386.8677,299.3559203
val_3862,KIT-LK-001,val_16,val_59,val_32,7/17/2024,115228.5579,4.968321557,158,61,2.519568624,452.6429669,3.262602327,11068.6178,741.9097992
val_3863,KIT-LK-001,val_1,val_48,val_4,7/18/2024,81050.43124,24.9825085,33,573,9.323572495,635.9876268,1.321014975,11458.34062,569.3904564
val_3864,KIT-YB-001,val_3,val_21,val_42,7/18/2024,81980.82745,11.68656258,300,707,8.157549932,345.9773238,1.364279436,10825.42537,63.4220362
val_3865,KIT-IK-001,val_6,val_21,val_47,7/18/2024,127504.89,2.419304977,730,186,7.307685105,98.65757599,1.368969146,8405.338633,918.6759807
val_3866,KIT-SU-001,val_13,val_48,val_27,7/18/2024,123633.0278,10.67334314,355,445,7.869885753,262.6047889,4.340741269,9590.617261,785.4872179
val_3867,KIT-IK-001,val_17,val_27,val_16,7/18/2024,27208.58345,3.252549007,146,808,6.411214548,80.5441521,3.896708051,7844.66224,932.9633798
val_3868,KIT-SU-001,val_18,val_22,val_31,7/18/2024,94161.91169,29.3486803,80,325,8.69739929,486.7908269,1.513497646,3972.631619,249.4587215
val_3869,KIT-SU-001,val_11,val_23,val_30,7/18/2024,129924.4909,30.71727381,438,90,3.057473336,653.5869713,2.264185516,9829.929082,752.9921758
val_3870,KIT-SU-001,val_8,val_26,val_44,7/19/2024,120594.4603,22.36376929,210,926,3.254541115,5.22613451,2.745729234,2885.305345,633.8560305
val_3871,KIT-YB-001,val_8,val_31,val_5,7/19/2024,19145.04444,13.61878451,734,98,6.325746899,228.8636004,1.394542661,5289.381935,123.1814834
val_3872,KIT-LK-001,val_1,val_2,val_24,7/19/2024,65636.07694,26.95386575,337,61,8.291218592,73.76852408,4.359895353,4253.314448,259.5705976
val_3873,KIT-YB-001,val_9,val_28,val_34,7/19/2024,77975.84914,22.17934116,125,249,8.5220961,965.7426367,2.451745334,2231.352054,191.7624007
val_3874,KIT-SU-001,val_10,val_26,val_16,7/19/2024,39042.52841,27.76097288,272,752,9.786278175,803.1112576,3.681962519,9627.12758,153.379029
val_3875,KIT-YB-001,val_4,val_16,val_40,7/19/2024,102085.1581,17.97957594,443,654,7.860563871,30.98901645,3.567902437,5768.733402,649.3862696
val_3876,KIT-YB-001,val_15,val_21,val_3,7/20/2024,71695.86064,33.55040268,37,235,3.094686562,813.9878621,4.657205304,6418.451509,866.0551213
val_3877,KIT-SU-001,val_16,val_25,val_5,7/20/2024,44977.55194,10.29317257,111,77,3.075854951,827.2623275,3.967739937,6124.074083,987.8698216
val_3878,KIT-LK-001,val_6,val_21,val_37,7/20/2024,50861.24658,21.22563548,961,955,5.010298705,805.2397591,1.13771767,8334.545891,215.0281022
val_3879,KIT-LK-001,val_18,val_54,val_6,7/20/2024,128571.9191,28.32023049,347,7,6.851356936,878.4192766,1.620277574,2275.575949,674.2282306
val_3880,KIT-SU-001,val_2,val_31,val_20,7/20/2024,129996.8709,31.3067741,748,925,5.616928156,468.4259668,2.779526363,6109.527301,78.30907532
val_3881,KIT-IK-001,val_18,val_30,val_13,7/20/2024,121950.1608,33.14684049,913,472,1.607256678,239.413433,1.372079488,3270.943639,239.0353496
val_3882,KIT-LK-001,val_15,val_15,val_33,7/20/2024,137123.3888,13.94638185,113,194,5.33710733,870.4479857,2.567320273,11665.55219,847.3773884
val_3883,KIT-YB-001,val_4,val_54,val_0,7/21/2024,142869.823,24.53712698,686,347,8.353888144,834.646843,4.909664495,910.0853045,941.5195335
val_3884,KIT-LK-001,val_13,val_1,val_17,7/21/2024,74028.27266,10.29885984,833,310,3.162833312,274.7093678,1.821872242,11155.13454,970.6585294
val_3885,KIT-YB-001,val_6,val_33,val_47,7/21/2024,14957.19154,22.7983999,23,156,6.715293607,580.7192762,3.818922424,907.0035176,464.4683017
val_3886,KIT-YB-001,val_15,val_10,val_17,7/21/2024,120110.6156,6.611075419,311,432,3.427475688,556.9385425,2.039755617,1489.345988,735.8113816
val_3887,KIT-SU-001,val_3,val_46,val_28,7/21/2024,95198.0733,14.86650123,134,656,6.001021133,487.5284648,1.136646666,10893.92087,369.1284721
val_3888,KIT-YB-001,val_4,val_22,val_47,7/21/2024,57387.31994,32.22425023,31,473,7.308810029,608.6124457,1.393631583,7844.655309,701.0020655
val_3889,KIT-LK-001,val_6,val_17,val_29,7/21/2024,146342.2063,28.41953984,294,642,2.865000268,83.96967078,1.415579644,4028.098596,152.1910814
val_3890,KIT-LK-001,val_3,val_3,val_36,7/22/2024,51133.4378,17.47841398,183,971,7.655924174,454.6438002,2.196056514,7142.695027,122.1169309
val_3891,KIT-SU-001,val_6,val_47,val_46,7/22/2024,136191.2798,5.310217346,896,122,7.088666404,279.8719191,4.842201784,2160.601063,983.8112533
val_3892,KIT-LK-001,val_12,val_23,val_29,7/22/2024,89091.37498,14.07029169,237,739,3.814839637,2.37266202,3.482643509,965.4323768,311.5270018
val_3893,KIT-LK-001,val_12,val_15,val_39,7/22/2024,5977.976619,5.026028455,747,230,9.054772247,519.1748134,1.491987346,780.8976862,897.1684957
val_3894,KIT-LK-001,val_11,val_50,val_24,7/22/2024,129120.0987,2.584761808,51,19,8.024627343,364.7037613,1.281024852,3386.269321,22.72998483
val_3895,KIT-LK-001,val_3,val_1,val_39,7/22/2024,114450.6903,31.74659614,618,365,5.690195049,431.2379309,4.883098873,2316.915476,831.4724874
val_3896,KIT-IK-001,val_4,val_28,val_30,7/22/2024,96551.88818,17.30181523,695,393,1.744161332,111.3506322,1.685447677,4959.171605,936.6862192
val_3897,KIT-YB-001,val_18,val_9,val_16,7/23/2024,92380.77744,3.310727207,152,991,4.965593665,505.6205322,2.081834924,10544.67158,15.55198745
val_3898,KIT-LK-001,val_5,val_7,val_26,7/23/2024,33215.90615,25.14006698,431,344,3.968654743,270.1259007,4.366741851,4666.947718,389.2618908
val_3899,KIT-IK-001,val_2,val_1,val_16,7/23/2024,32565.67632,2.781516239,929,769,3.36200869,0.582074189,3.219576382,4903.058226,808.2710484
val_3900,KIT-LK-001,val_9,val_11,val_19,7/23/2024,4861.278045,13.98655652,614,935,6.792162052,780.0110002,1.906692715,1625.121406,4.479025912
val_3901,KIT-LK-001,val_0,val_56,val_14,7/23/2024,23543.55073,8.21411089,808,337,9.295571396,627.8386523,3.657831239,11866.69487,304.8649246
val_3902,KIT-YB-001,val_6,val_26,val_23,7/23/2024,50803.94901,5.929133855,425,179,2.318988351,527.9160029,2.486115475,1913.9026,258.225722
val_3903,KIT-SU-001,val_17,val_59,val_16,7/23/2024,81338.372,18.76751244,239,966,7.674735195,622.0569651,3.326279514,4192.035731,133.7218783
val_3904,KIT-YB-001,val_5,val_16,val_30,7/24/2024,20055.87935,25.24519854,470,458,6.595433922,323.6665752,1.387092611,11359.75536,87.97102102
val_3905,KIT-YB-001,val_14,val_45,val_17,7/24/2024,83857.04095,17.15420277,404,455,7.003290321,123.0367033,4.52079845,5568.116096,248.9717065
val_3906,KIT-LK-001,val_9,val_5,val_23,7/24/2024,39866.35812,28.76392543,983,729,8.606670088,356.9270194,3.381905376,4189.599032,199.9457736
val_3907,KIT-LK-001,val_7,val_6,val_6,7/24/2024,38467.18818,32.12506501,428,380,4.379084746,788.8785237,1.017340106,8638.912238,974.4032572
val_3908,KIT-LK-001,val_13,val_0,val_18,7/24/2024,142217.659,28.28990244,627,542,6.2159892,608.2660312,3.236305289,589.7287351,22.10230877
val_3909,KIT-LK-001,val_11,val_53,val_17,7/24/2024,148855.5093,33.4859096,588,945,3.491412474,791.2427488,2.448289254,3990.124787,129.5159257
val_3910,KIT-IK-001,val_6,val_40,val_46,7/24/2024,121810.0702,32.53045181,371,48,3.557904603,902.2815114,4.622097921,7046.737211,807.1446689
val_3911,KIT-IK-001,val_4,val_44,val_21,7/25/2024,8631.60112,29.17158599,375,736,5.619542168,249.6573759,1.554199117,11893.90676,762.4924337
val_3912,KIT-LK-001,val_18,val_55,val_1,7/25/2024,109430.4407,10.3836145,845,397,1.065701349,914.4279527,2.334855226,11617.03969,468.2528711
val_3913,KIT-IK-001,val_3,val_19,val_14,7/25/2024,27174.6469,6.266755853,210,548,3.233037632,662.5990314,4.0581693,7589.010662,385.2761573
val_3914,KIT-IK-001,val_19,val_43,val_35,7/25/2024,85598.5864,25.49999566,416,911,2.364658987,560.7781954,1.900934259,4213.329698,346.3485856
val_3915,KIT-YB-001,val_9,val_30,val_7,7/25/2024,134110.1876,29.62441039,667,601,2.078811351,503.20952,2.252619465,6690.625456,973.4821136
val_3916,KIT-IK-001,val_19,val_32,val_7,7/25/2024,57339.24695,28.84469845,56,419,4.461658142,468.7202092,4.084967285,11219.65747,867.0109645
val_3917,KIT-LK-001,val_7,val_39,val_17,7/25/2024,139361.8319,22.59806094,678,973,1.939256282,73.89793102,3.849324812,8072.638114,261.7612497
val_3918,KIT-IK-001,val_11,val_28,val_17,7/26/2024,106401.6465,29.07941213,833,605,2.388603534,54.6404289,2.438730074,1960.616731,461.1335008
val_3919,KIT-SU-001,val_12,val_1,val_23,7/26/2024,45501.2661,24.80938357,442,153,7.018440964,330.9752675,2.869657373,11664.21931,745.9523713
val_3920,KIT-YB-001,val_6,val_4,val_1,7/26/2024,14690.12123,23.35473197,583,88,6.862079114,203.5551081,3.209405574,10846.02763,824.8169508
val_3921,KIT-YB-001,val_4,val_30,val_34,7/26/2024,122395.0171,1.820862118,487,347,9.50516407,86.61154431,4.551832165,2757.97716,121.9827589
val_3922,KIT-IK-001,val_10,val_34,val_10,7/26/2024,68979.88157,16.22451357,666,718,9.282459147,24.43726798,3.646024025,7950.777999,955.8131893
val_3923,KIT-IK-001,val_13,val_43,val_34,7/26/2024,11367.67648,1.377844753,50,421,8.865463128,978.3879004,3.369995365,10563.06994,819.3588551
val_3924,KIT-LK-001,val_5,val_34,val_27,7/27/2024,15916.79239,3.414477669,618,168,7.218589253,212.0939747,4.243752273,2802.136676,503.5491851
val_3925,KIT-LK-001,val_15,val_11,val_9,7/27/2024,145060.7266,19.02696193,456,985,3.399304257,984.6898874,2.217309036,11098.97645,500.6163058
val_3926,KIT-SU-001,val_12,val_22,val_22,7/27/2024,36828.7922,1.85227038,35,198,2.603419668,544.5016766,2.77589707,2324.587002,507.0934162
val_3927,KIT-LK-001,val_3,val_26,val_1,7/27/2024,145005.3811,31.98006932,801,84,9.544760392,191.832511,3.746616173,4414.602416,815.7857147
val_3928,KIT-IK-001,val_18,val_59,val_33,7/27/2024,102333.3572,15.87186531,151,381,9.63666091,145.3011109,2.615507966,11328.86243,546.4488046
val_3929,KIT-SU-001,val_0,val_31,val_14,7/27/2024,45423.41972,24.55883941,592,111,5.539910785,200.8045639,2.916318912,11370.66259,812.5488849
val_3930,KIT-LK-001,val_13,val_38,val_18,7/27/2024,57867.3172,5.34327235,851,592,5.935723103,363.777899,1.641535187,474.7521073,863.5370153
val_3931,KIT-YB-001,val_8,val_44,val_7,7/28/2024,116667.2474,29.6963147,921,435,1.048355918,204.9915242,3.440089244,10423.44301,702.477673
val_3932,KIT-IK-001,val_13,val_21,val_17,7/28/2024,65594.53935,16.83672869,628,927,2.337270367,828.0214723,3.56093906,8385.934357,46.87565793
val_3933,KIT-LK-001,val_15,val_57,val_18,7/28/2024,11675.24126,19.645402,717,169,5.913948687,367.0320539,4.424742654,10486.30312,447.8451594
val_3934,KIT-IK-001,val_13,val_40,val_10,7/28/2024,34857.21237,22.76724946,585,269,2.63613804,526.9452218,1.341643028,5650.601194,255.6432045
val_3935,KIT-LK-001,val_13,val_50,val_47,7/28/2024,129121.5735,18.9884592,778,685,5.308564077,501.230878,4.598317982,11781.78919,43.47681265
val_3936,KIT-YB-001,val_16,val_44,val_13,7/28/2024,104578.0335,19.79891185,976,698,8.154242231,659.5371834,1.343715948,9029.134696,648.5927928
val_3937,KIT-IK-001,val_14,val_37,val_8,7/28/2024,75401.90862,26.10941185,458,361,8.207001655,997.4014603,3.981192785,9160.437497,512.8331062
val_3938,KIT-LK-001,val_16,val_1,val_26,7/29/2024,37201.60246,28.2652037,413,922,8.754924809,443.562908,3.356065725,5237.87708,61.10988744
val_3939,KIT-IK-001,val_8,val_35,val_15,7/29/2024,71451.29696,10.85457901,173,847,3.12140867,322.6501048,2.624253564,4829.3959,621.799481
val_3940,KIT-LK-001,val_4,val_7,val_21,7/29/2024,118432.9341,32.28731547,980,612,4.88707551,974.0764926,4.693909023,2625.582219,190.0547811
val_3941,KIT-SU-001,val_4,val_36,val_34,7/29/2024,12690.70797,12.51560443,913,749,6.641608773,997.6226528,2.826276315,887.2691756,937.2559239
val_3942,KIT-IK-001,val_12,val_42,val_3,7/29/2024,149217.7889,9.676931096,706,536,6.229774648,780.9327393,1.098989411,10837.26366,697.1291304
val_3943,KIT-SU-001,val_10,val_32,val_24,7/29/2024,129034.5003,11.03777869,659,471,9.991658629,797.6698936,3.082354191,7170.176575,3.751613225
val_3944,KIT-LK-001,val_1,val_18,val_1,7/29/2024,48035.88454,12.67632748,204,546,3.486532746,407.3241614,3.129833259,6785.76414,871.4075359
val_3945,KIT-YB-001,val_4,val_3,val_2,7/30/2024,130651.2187,11.22918508,910,845,1.642055054,538.9022781,3.97749816,4188.715041,65.06848149
val_3946,KIT-SU-001,val_19,val_40,val_4,7/30/2024,102416.3222,29.56250616,58,16,4.490758102,351.8109973,2.432994953,8928.454578,11.60248605
val_3947,KIT-YB-001,val_14,val_41,val_7,7/30/2024,100119.9869,19.72811328,618,100,5.662122197,618.852204,1.295743857,5001.197449,395.225606
val_3948,KIT-IK-001,val_15,val_28,val_16,7/30/2024,21386.61046,33.87405929,253,475,4.485152962,825.7395852,2.397868175,9749.997805,155.7012551
val_3949,KIT-YB-001,val_3,val_42,val_44,7/30/2024,135931.2488,3.121654023,454,581,3.874277492,374.0660096,3.410445061,1141.921453,817.8841199
val_3950,KIT-SU-001,val_1,val_46,val_43,7/30/2024,67826.09864,21.56651006,95,179,3.315334741,535.1933115,3.179010924,3119.692223,944.6817945
val_3951,KIT-LK-001,val_5,val_30,val_4,7/30/2024,120582.5499,3.541645547,134,605,4.847359245,774.9699491,4.387971813,3544.23273,783.415587
val_3952,KIT-SU-001,val_17,val_2,val_47,7/31/2024,45278.80666,16.16798295,377,24,7.202818985,208.8627809,2.080809612,475.2962669,368.2046466
val_3953,KIT-YB-001,val_10,val_52,val_30,7/31/2024,46546.54801,13.51917878,398,246,2.339791033,610.3671407,3.277053136,8028.6088,292.1331766
val_3954,KIT-YB-001,val_15,val_28,val_26,7/31/2024,144721.0324,23.89096705,882,460,8.789805306,775.7579641,4.902354797,8479.108643,342.6368004
val_3955,KIT-YB-001,val_9,val_40,val_38,7/31/2024,74750.65874,26.1414795,598,49,6.770100148,52.14785519,2.254653329,5078.02581,86.57751483
val_3956,KIT-LK-001,val_9,val_54,val_23,7/31/2024,9453.661651,8.485659092,31,634,1.966334529,253.711098,2.744400429,9586.348106,903.5999502
val_3957,KIT-IK-001,val_12,val_21,val_12,7/31/2024,125438.1437,6.941275613,931,535,1.211676303,25.25761208,4.976897102,11454.01797,244.0474996
val_3958,KIT-LK-001,val_19,val_37,val_25,7/31/2024,34470.88834,14.79896305,611,565,1.462213696,6.41289944,1.577631382,8893.084659,250.1811625
val_3959,KIT-YB-001,val_8,val_1,val_34,8/1/2024,131873.686,8.621158058,830,514,1.813315604,477.6171506,3.294354843,8144.626216,715.8771239
val_3960,KIT-SU-001,val_11,val_53,val_32,8/1/2024,137507.7618,23.74651545,924,692,6.791851699,700.6744962,2.481396349,5505.527954,617.7274057
val_3961,KIT-YB-001,val_18,val_3,val_8,8/1/2024,11378.51898,18.21587821,513,654,9.467708588,383.0393948,1.184569554,6731.081166,958.8491375
val_3962,KIT-SU-001,val_7,val_32,val_45,8/1/2024,87573.16952,28.97880022,179,660,2.199730997,621.0875184,4.043131335,3599.716371,981.2731285
val_3963,KIT-IK-001,val_16,val_21,val_13,8/1/2024,147237.8538,34.34826707,448,213,3.558991151,191.4866678,1.795327161,3080.509314,417.2822008
val_3964,KIT-LK-001,val_10,val_2,val_39,8/1/2024,139672.4824,13.35815369,687,687,8.792656849,836.4246247,4.568223058,509.2860357,920.9256309
val_3965,KIT-SU-001,val_17,val_27,val_14,8/2/2024,79023.87127,31.93748577,33,179,5.551060775,362.5906665,2.671394836,5874.227093,955.1348455
val_3966,KIT-LK-001,val_9,val_56,val_3,8/2/2024,102233.7327,27.24559385,947,21,4.844194173,707.207485,1.578501321,2855.925818,856.1220181
val_3967,KIT-IK-001,val_12,val_10,val_47,8/2/2024,90837.17426,5.38949472,351,978,5.25908015,129.9420844,1.984058748,5714.889194,932.5217467
val_3968,KIT-SU-001,val_6,val_17,val_28,8/2/2024,30886.37526,29.29030509,660,178,1.910083768,818.10806,4.331488555,9785.807678,599.9928031
val_3969,KIT-LK-001,val_12,val_11,val_10,8/2/2024,98123.13739,16.95645447,982,113,2.976306439,518.0600885,2.49551785,4532.168159,114.325406
val_3970,KIT-SU-001,val_6,val_7,val_0,8/2/2024,50304.60693,24.87879832,866,303,9.658150478,970.2680969,2.025068443,3998.383674,859.5744813
val_3971,KIT-YB-001,val_12,val_13,val_6,8/2/2024,51026.80341,24.65088383,741,1000,6.790823293,405.370855,1.995784873,5472.633412,307.5482477
val_3972,KIT-LK-001,val_15,val_34,val_8,8/3/2024,63288.23006,31.03160302,299,865,3.576567074,872.9995688,3.332759913,6046.825263,925.1387106
val_3973,KIT-LK-001,val_8,val_46,val_44,8/3/2024,127900.4441,26.68853168,525,720,9.522798894,412.0994772,2.027297461,3417.491667,519.2402967
val_3974,KIT-YB-001,val_8,val_41,val_8,8/3/2024,36132.70095,28.89690609,501,188,4.577457405,107.8923309,4.741331996,7279.061284,489.7126245
val_3975,KIT-LK-001,val_6,val_46,val_7,8/3/2024,37993.35418,11.36773548,863,629,2.267775671,687.6344035,1.197470199,542.1438614,831.3121104
val_3976,KIT-LK-001,val_14,val_42,val_40,8/3/2024,1597.317084,34.0651859,39,833,9.687848103,182.9660354,1.623419664,5936.249123,388.2662576
val_3977,KIT-LK-001,val_11,val_22,val_42,8/3/2024,23673.5269,23.22340724,23,340,6.993384066,799.8522855,2.715827322,7858.467898,106.2207364
val_3978,KIT-SU-001,val_10,val_54,val_10,8/3/2024,146812.5535,27.12446923,118,259,7.775339237,334.8642329,1.833105085,5701.922943,783.7385677
val_3979,KIT-IK-001,val_0,val_10,val_31,8/4/2024,65363.55685,30.08906874,958,868,1.202606468,756.424594,4.114487228,11743.4983,290.6070614
val_3980,KIT-IK-001,val_2,val_41,val_25,8/4/2024,29677.1215,4.507656035,541,131,3.548308913,481.4402955,4.666169836,2029.411663,845.9085797
val_3981,KIT-IK-001,val_0,val_6,val_27,8/4/2024,144869.4307,11.90709843,700,910,9.508849056,537.0050076,3.400741187,5546.01976,915.8140214
val_3982,KIT-IK-001,val_17,val_45,val_14,8/4/2024,4554.121272,29.29057181,94,479,2.399729544,734.631701,4.416077154,3643.19424,391.9127241
val_3983,KIT-IK-001,val_17,val_5,val_36,8/4/2024,72882.8748,32.28497329,13,722,8.861299299,665.0557708,4.202345373,10858.03976,670.4130751
val_3984,KIT-IK-001,val_1,val_12,val_42,8/4/2024,120788.0193,26.51205109,650,372,7.934211601,664.2152378,1.634507469,2319.347417,17.6054807
val_3985,KIT-IK-001,val_0,val_23,val_34,8/4/2024,116037.3681,16.98435082,706,710,4.406657682,658.9451315,1.312594215,6352.826743,794.0190616
val_3986,KIT-IK-001,val_15,val_41,val_43,8/5/2024,28787.98119,8.939054773,427,925,8.980507296,585.2699798,3.516130986,5206.978227,459.3660842
val_3987,KIT-YB-001,val_10,val_2,val_5,8/5/2024,106314.5562,18.47095665,83,493,9.304362267,807.1777454,4.930095471,11023.26549,264.3595864
val_3988,KIT-YB-001,val_6,val_15,val_31,8/5/2024,93532.14699,14.02604782,490,212,8.801801256,300.020089,4.327630659,6779.72441,875.2807071
val_3989,KIT-LK-001,val_12,val_20,val_47,8/5/2024,101453.7943,31.01995171,640,77,4.667320874,181.5639691,3.465199496,5694.772527,409.2935594
val_3990,KIT-LK-001,val_4,val_43,val_25,8/5/2024,40282.66994,19.94082232,213,926,6.284215475,735.160052,1.443773354,7121.583901,823.4130695
val_3991,KIT-IK-001,val_3,val_57,val_45,8/5/2024,121704.791,13.84390904,301,1000,3.755161003,539.8287224,4.118850093,8594.735998,420.564189
val_3992,KIT-YB-001,val_7,val_36,val_16,8/5/2024,84106.00764,17.54710123,747,651,2.169578581,900.6116265,3.731877226,577.4325342,949.5055712
val_3993,KIT-LK-001,val_17,val_30,val_43,8/6/2024,108899.1681,32.68815052,212,15,9.119007212,965.0854016,4.735522703,3111.806904,670.401541
val_3994,KIT-YB-001,val_15,val_20,val_45,8/6/2024,140966.2397,21.54139505,99,885,9.830407948,867.134006,3.837628047,2981.558877,667.1956067
val_3995,KIT-SU-001,val_3,val_49,val_29,8/6/2024,128396.8423,8.168483124,628,495,1.527274797,547.558946,1.414114391,5103.839871,123.7691828
val_3996,KIT-SU-001,val_11,val_6,val_33,8/6/2024,117459.4518,17.60269975,23,234,7.189637805,754.1249954,3.436782513,7001.167666,747.5141838
val_3997,KIT-YB-001,val_17,val_7,val_25,8/6/2024,43802.48804,16.40490665,434,367,9.543237887,334.3330969,2.615048085,11007.49506,520.2387966
val_3998,KIT-LK-001,val_19,val_12,val_15,8/6/2024,8585.425342,11.00206877,570,942,6.471259439,14.76144859,2.685529595,6876.087136,718.3560964
val_3999,KIT-IK-001,val_15,val_16,val_25,8/6/2024,86409.34722,25.82322301,64,776,1.423861177,780.4698041,3.531813681,2341.167403,867.4627213
val_4000,KIT-SU-001,val_2,val_27,val_46,8/7/2024,5659.701456,9.536385841,653,597,1.134224404,781.4979061,4.598675598,6405.106335,703.1708523
val_4001,KIT-IK-001,val_4,val_56,val_0,8/7/2024,107271.3712,17.34070502,823,736,5.536921598,8.03847552,4.039123069,5257.175347,499.1364361
val_4002,KIT-YB-001,val_4,val_39,val_9,8/7/2024,110654.8399,15.54842526,974,848,9.459505074,863.5972047,1.0892131,7819.674228,852.0573441
val_4003,KIT-SU-001,val_3,val_23,val_23,8/7/2024,84655.23356,16.44682082,266,628,3.509790373,881.4385644,1.587995801,7714.551582,738.1628675
val_4004,KIT-IK-001,val_3,val_12,val_16,8/7/2024,25638.71092,19.9237894,327,314,4.152936156,320.6454325,2.452751641,7989.704875,764.7549571
val_4005,KIT-SU-001,val_6,val_38,val_29,8/7/2024,131420.3545,23.97874486,618,74,8.163946852,17.2462437,3.73875881,11968.04192,911.5179944
val_4006,KIT-LK-001,val_11,val_15,val_17,8/7/2024,89590.22418,5.176394525,599,123,8.214955327,876.0204419,3.536778738,525.7432443,138.1166234
val_4007,KIT-YB-001,val_7,val_58,val_31,8/8/2024,77476.34654,10.23371354,609,237,9.492751253,70.51805946,3.01474876,9194.416178,499.0286575
val_4008,KIT-YB-001,val_8,val_28,val_5,8/8/2024,85354.96805,27.0947195,314,769,8.548046995,232.2044029,2.720532145,10287.17541,123.9159631
val_4009,KIT-IK-001,val_4,val_33,val_15,8/8/2024,12891.61948,31.78953826,56,94,6.34528954,542.574436,4.158255621,3092.656407,749.6275593
val_4010,KIT-LK-001,val_3,val_54,val_33,8/8/2024,111195.3397,1.754063114,24,127,9.448791402,816.5345585,1.382787936,9137.240581,431.9931962
val_4011,KIT-SU-001,val_19,val_18,val_22,8/8/2024,9585.949791,2.753122014,998,979,6.529762672,781.817511,3.380156368,1438.797251,720.3363026
val_4012,KIT-YB-001,val_11,val_28,val_34,8/8/2024,86969.0297,32.69727289,406,400,6.414212505,681.1763664,4.233972258,6601.887319,121.7562625
val_4013,KIT-LK-001,val_4,val_31,val_30,8/9/2024,25803.93452,5.348343132,448,127,1.139522867,828.6751789,2.089625795,4004.262456,620.1978048
val_4014,KIT-SU-001,val_16,val_16,val_15,8/9/2024,31551.43988,34.27926174,626,873,5.099114899,685.4314022,1.809005407,2890.39931,112.8313648
val_4015,KIT-YB-001,val_16,val_3,val_20,8/9/2024,35371.51048,29.02213019,205,968,1.3865606,637.6889048,3.69383877,7836.586818,353.1555224
val_4016,KIT-IK-001,val_19,val_17,val_46,8/9/2024,2638.692954,4.40051404,382,504,9.088926081,167.6980307,1.702523164,4950.965078,535.6849365
val_4017,KIT-SU-001,val_3,val_6,val_46,8/9/2024,133829.9053,3.767871852,437,112,1.094235516,439.9216881,2.952889089,2159.514611,691.6049291
val_4018,KIT-LK-001,val_12,val_40,val_1,8/9/2024,120733.1731,34.20993316,95,628,3.76301712,451.3822832,4.691308484,7357.834711,501.081667
val_4019,KIT-SU-001,val_19,val_0,val_33,8/9/2024,5177.323926,9.067833429,603,863,9.955599618,18.49837309,1.242749304,6180.37312,730.7395035
val_4020,KIT-IK-001,val_16,val_18,val_23,8/10/2024,9019.420156,18.94561862,193,966,8.155585279,405.5190295,4.6365999,698.4502761,173.8683052
val_4021,KIT-IK-001,val_4,val_53,val_0,8/10/2024,117540.0887,8.42100247,3,575,7.819021463,227.0888315,1.761455243,9884.956334,641.9490957
val_4022,KIT-YB-001,val_17,val_34,val_30,8/10/2024,1517.091492,21.10347306,621,945,7.415926539,89.66776035,2.929388675,11843.647,385.7683034
val_4023,KIT-SU-001,val_8,val_40,val_1,8/10/2024,70615.3376,29.43299333,300,832,1.461164697,546.3209431,1.528918077,4238.65726,154.2221845
val_4024,KIT-YB-001,val_9,val_40,val_15,8/10/2024,16540.93952,23.06043969,718,161,3.593796924,237.0117346,3.839475147,11850.11347,853.3955373
val_4025,KIT-IK-001,val_11,val_17,val_33,8/10/2024,88949.01794,1.822259731,536,634,8.186080642,190.3782716,4.991094604,11950.68862,975.8952485
val_4026,KIT-LK-001,val_15,val_37,val_39,8/10/2024,149751.8925,20.91258916,29,666,9.059967499,786.7951023,2.208396566,5679.560751,239.5930627
val_4027,KIT-LK-001,val_2,val_13,val_19,8/11/2024,26217.21657,23.20337888,695,769,4.150503628,810.0932192,4.698777666,11063.96506,157.5389703
val_4028,KIT-SU-001,val_10,val_38,val_38,8/11/2024,143524.2352,7.191250445,40,531,3.334746154,660.8569191,3.919857844,9430.956126,764.4699287
val_4029,KIT-SU-001,val_16,val_40,val_40,8/11/2024,129889.0423,26.72170295,313,731,3.123058012,189.6687921,4.861692754,10046.9309,990.6255416
val_4030,KIT-IK-001,val_10,val_52,val_21,8/11/2024,147885.3177,22.01588926,686,584,5.932574984,632.6934833,3.687181443,1645.591434,418.5766544
val_4031,KIT-IK-001,val_5,val_55,val_8,8/11/2024,115045.2007,0.532241761,404,260,3.623381558,713.3224196,3.728022686,9407.786085,790.9172682
val_4032,KIT-LK-001,val_1,val_1,val_31,8/11/2024,128620.6406,33.27931654,385,484,1.19203113,233.3098769,4.774974773,2991.171285,147.1515461
val_4033,KIT-YB-001,val_10,val_17,val_0,8/11/2024,89392.34712,15.70616974,221,935,4.516748977,132.94351,3.9096582,9020.262992,228.0597441
val_4034,KIT-YB-001,val_14,val_32,val_42,8/12/2024,130158.9701,8.286787739,444,843,5.983601496,433.5273962,4.38980852,2983.596995,140.9123042
val_4035,KIT-SU-001,val_10,val_19,val_18,8/12/2024,17171.08225,3.199681419,293,644,6.708187548,424.3069104,2.138290277,9450.283132,666.1295471
val_4036,KIT-SU-001,val_19,val_37,val_36,8/12/2024,111377.3185,13.2301271,947,322,4.086592416,153.3030155,1.675526246,10746.36336,587.5011181
val_4037,KIT-SU-001,val_12,val_51,val_35,8/12/2024,94494.17626,10.91036506,688,202,3.8250284,191.7149408,3.560221927,6120.546949,661.8935551
val_4038,KIT-LK-001,val_10,val_15,val_22,8/12/2024,9447.049169,10.56876932,909,285,3.554890756,499.6172051,2.010430034,5312.121772,168.8929663
val_4039,KIT-YB-001,val_1,val_53,val_46,8/12/2024,44092.76052,27.80339972,337,306,6.609928439,527.4226887,2.719357507,1919.174924,81.23640203
val_4040,KIT-LK-001,val_11,val_52,val_38,8/12/2024,32807.96666,22.67805621,950,962,3.552628129,537.8586084,4.422322804,2984.606463,533.9676796
val_4041,KIT-IK-001,val_3,val_54,val_42,8/13/2024,61073.72989,4.83024478,279,533,9.251675347,982.0335779,3.524320681,11908.14186,529.8034825
val_4042,KIT-IK-001,val_14,val_4,val_4,8/13/2024,30153.82456,24.84097881,309,391,3.535186424,39.60798758,4.7755102,8823.513782,421.5904304
val_4043,KIT-IK-001,val_3,val_17,val_23,8/13/2024,41587.0318,25.37717379,298,882,8.118423816,786.2904811,2.418853647,9275.289416,682.9612241
val_4044,KIT-YB-001,val_18,val_7,val_45,8/13/2024,44756.50522,18.09654833,590,369,3.877579412,351.8080041,2.12248794,9805.293801,418.7691959
val_4045,KIT-IK-001,val_6,val_7,val_39,8/13/2024,90171.72882,34.85269213,613,797,6.71266575,752.9074096,1.854855324,7086.9609,856.4812388
val_4046,KIT-YB-001,val_8,val_3,val_21,8/13/2024,20663.62713,10.0650787,65,642,7.29114153,735.440124,4.905475112,5405.148472,777.6992254
val_4047,KIT-IK-001,val_2,val_26,val_3,8/13/2024,36544.63459,2.234256212,561,302,2.569360149,619.8453587,2.718551462,4307.434248,335.7714042
val_4048,KIT-IK-001,val_4,val_5,val_13,8/14/2024,47913.63512,1.202456113,953,961,4.419694379,631.1541759,4.680314332,521.722281,894.2155344
val_4049,KIT-IK-001,val_18,val_17,val_27,8/14/2024,67635.65677,11.35507242,407,689,2.14823807,663.5965572,2.379639053,9754.700448,492.0433112
val_4050,KIT-SU-001,val_5,val_58,val_30,8/14/2024,6194.250608,17.52754543,700,990,5.595900786,747.6018257,2.15090804,10405.62119,464.4033273
val_4051,KIT-SU-001,val_10,val_53,val_44,8/14/2024,149882.1121,2.922440856,632,1,9.184785566,131.6200198,4.083339033,4246.754309,720.9920863
val_4052,KIT-SU-001,val_19,val_56,val_4,8/14/2024,45408.60438,19.8897916,980,281,6.366122522,360.8388486,3.472253149,6277.246531,956.2889416
val_4053,KIT-YB-001,val_12,val_2,val_19,8/14/2024,43458.05668,31.55029567,643,332,7.314941157,842.0086319,3.098651757,7020.663776,33.30066309
val_4054,KIT-IK-001,val_0,val_39,val_13,8/15/2024,83453.1527,27.93082595,471,674,3.54748453,547.8841687,2.760881395,7958.076477,175.2342984
val_4055,KIT-YB-001,val_7,val_38,val_46,8/15/2024,128177.8108,23.60190602,13,840,5.214030012,136.9357152,2.865736874,7868.659625,805.2876452
val_4056,KIT-SU-001,val_7,val_7,val_7,8/15/2024,68793.00053,23.22826297,804,121,7.667008933,961.6487203,4.337796406,2521.316919,441.7685757
val_4057,KIT-IK-001,val_5,val_54,val_10,8/15/2024,37701.46053,25.61445969,339,151,2.181713356,987.8364789,1.61245266,8302.686008,858.6779038
val_4058,KIT-YB-001,val_4,val_24,val_14,8/15/2024,85098.38773,17.39838217,925,675,2.095375574,512.6772123,1.20416695,9079.924498,351.464621
val_4059,KIT-LK-001,val_10,val_58,val_5,8/15/2024,72699.91123,14.18263367,244,353,3.019911436,533.19407,1.023795988,403.7473023,975.5227373
val_4060,KIT-SU-001,val_7,val_6,val_30,8/15/2024,63749.68664,10.87161151,437,699,3.131196083,292.0240087,2.980011405,7491.030205,215.9608625
val_4061,KIT-YB-001,val_5,val_39,val_25,8/16/2024,147590.5011,3.666719095,829,1,9.661581405,516.1618265,4.272015702,5117.268846,948.9108842
val_4062,KIT-IK-001,val_8,val_7,val_26,8/16/2024,149394.5645,19.76325657,151,523,2.427475871,968.784799,3.683880133,10644.51975,789.7306912
val_4063,KIT-IK-001,val_6,val_56,val_43,8/16/2024,84510.60235,16.64362933,275,23,1.946393249,254.5688044,4.961795894,11336.04155,974.1042013
val_4064,KIT-IK-001,val_4,val_36,val_20,8/16/2024,10666.5871,4.337820758,792,952,2.239142605,304.6168637,3.439861724,7088.224428,161.7676354
val_4065,KIT-LK-001,val_9,val_4,val_14,8/16/2024,85254.17828,9.53578725,317,146,2.826199395,897.5010322,3.036370556,4915.392879,353.2718369
val_4066,KIT-SU-001,val_18,val_12,val_18,8/16/2024,142894.5862,27.59466127,958,178,4.318476505,384.3952868,3.32649223,11269.21474,197.6010088
val_4067,KIT-LK-001,val_10,val_21,val_38,8/16/2024,138891.0333,9.095020903,538,101,2.774380649,972.5273021,4.52869173,3383.634454,829.7591145
val_4068,KIT-SU-001,val_11,val_0,val_25,8/17/2024,32717.37699,15.01502618,826,220,1.790201607,349.5885958,1.05855479,6012.104753,268.3142676
val_4069,KIT-IK-001,val_19,val_0,val_8,8/17/2024,28922.86256,5.813506424,547,490,2.229564225,4.632324143,2.866000252,4366.852629,525.8000382
val_4070,KIT-YB-001,val_12,val_55,val_33,8/17/2024,23262.25032,6.110662097,45,618,8.107012213,953.7258042,2.644680184,2012.836062,193.2577032
val_4071,KIT-IK-001,val_4,val_58,val_35,8/17/2024,123057.7602,26.52083101,811,900,5.680679922,236.9883633,4.813270605,10752.71141,707.4082532
val_4072,KIT-SU-001,val_7,val_32,val_11,8/17/2024,73763.23102,2.5202622,420,878,7.71292987,694.1204821,1.749037331,3155.739436,743.0176964
val_4073,KIT-IK-001,val_9,val_54,val_26,8/17/2024,51037.96231,10.11890981,388,84,2.590294714,47.38353775,1.102185904,9585.023911,115.125734
val_4074,KIT-LK-001,val_9,val_39,val_27,8/17/2024,49058.67174,34.33338825,737,428,3.746554148,748.2529146,3.526726467,9087.647343,685.8835071
val_4075,KIT-LK-001,val_2,val_1,val_8,8/18/2024,41674.27982,16.7610734,281,870,9.840749044,220.0690007,3.500075751,8068.683976,165.482899
val_4076,KIT-LK-001,val_2,val_42,val_0,8/18/2024,132451.6562,21.29622433,428,165,1.771013617,800.2513111,2.277353091,1486.053646,954.2151031
val_4077,KIT-YB-001,val_6,val_1,val_34,8/18/2024,61747.14397,22.49947811,608,668,4.948033454,966.5999929,3.159000802,4927.579955,879.9238231
val_4078,KIT-YB-001,val_18,val_48,val_29,8/18/2024,36980.65148,7.02562604,593,427,3.661935568,45.22642635,3.386700713,11136.9892,201.5657908
val_4079,KIT-LK-001,val_14,val_22,val_34,8/18/2024,106705.5185,13.05310487,729,169,1.066010239,367.992073,2.412157111,4517.823727,340.0484338
val_4080,KIT-SU-001,val_16,val_8,val_18,8/18/2024,95500.45626,14.14459099,82,61,5.972066837,715.7785138,2.68204707,439.7695672,595.7769212
val_4081,KIT-YB-001,val_3,val_15,val_24,8/18/2024,107447.1504,8.227775391,993,290,5.950047716,996.4352563,1.567189902,8761.66025,806.8261032
val_4082,KIT-SU-001,val_8,val_41,val_47,8/19/2024,123382.4391,8.342636655,608,0,3.884145673,363.044718,4.084099999,8313.618145,943.2862106
val_4083,KIT-LK-001,val_11,val_50,val_10,8/19/2024,15634.44033,21.35385187,618,194,5.250327033,994.9797974,2.556726072,7045.762458,419.0249953
val_4084,KIT-SU-001,val_8,val_34,val_31,8/19/2024,797.3168468,3.974950567,883,549,4.527527822,899.1850386,3.582001568,4481.813862,488.839679
val_4085,KIT-YB-001,val_8,val_9,val_6,8/19/2024,8059.653053,4.694261538,491,790,5.177851332,719.3118346,2.706519301,4009.146052,156.5593356
val_4086,KIT-IK-001,val_7,val_54,val_3,8/19/2024,106165.5922,20.1509113,30,505,8.632437096,381.8968241,1.649022795,2908.568212,349.456731
val_4087,KIT-YB-001,val_1,val_47,val_45,8/19/2024,140207.2328,15.83696474,133,725,7.425759765,536.9150489,3.802558849,7182.625968,991.9622524
val_4088,KIT-SU-001,val_17,val_24,val_6,8/19/2024,50000.25461,21.49528461,948,74,3.522201615,720.3467694,2.669346557,11954.49747,937.4468329
val_4089,KIT-YB-001,val_18,val_33,val_31,8/20/2024,117288.5279,1.1381911,987,304,3.155868959,685.7288546,1.74142007,9444.422695,413.7964696
val_4090,KIT-IK-001,val_1,val_57,val_24,8/20/2024,109513.0844,24.73106731,83,659,7.526958875,288.40003,4.733988983,7927.113394,223.3128737
val_4091,KIT-SU-001,val_8,val_22,val_38,8/20/2024,146720.2061,29.77615954,685,54,3.020633159,557.217573,4.573277954,6920.132037,572.9497679
val_4092,KIT-LK-001,val_10,val_1,val_26,8/20/2024,70883.56568,18.4400824,661,584,9.168272775,835.0247702,3.908632986,8522.880899,423.282254
val_4093,KIT-SU-001,val_15,val_8,val_33,8/20/2024,25327.90861,29.46124312,165,168,8.495348445,475.0755966,3.304246474,6122.603066,752.5875864
val_4094,KIT-YB-001,val_19,val_36,val_42,8/20/2024,114902.0944,14.10826031,788,419,3.272671428,566.2427925,3.500756851,10199.64698,629.9074969
val_4095,KIT-YB-001,val_8,val_59,val_39,8/20/2024,122913.4202,2.946564207,460,630,8.213502276,327.5346548,2.440828278,7066.105909,660.7712715
val_4096,KIT-YB-001,val_14,val_44,val_34,8/21/2024,106241.3613,13.33853713,230,987,2.722127641,160.1026593,2.05180022,3119.951535,374.3177293
val_4097,KIT-SU-001,val_18,val_37,val_7,8/21/2024,129545.6602,15.73361991,560,90,1.223749115,65.97962761,3.368256058,6846.948519,617.1419205
val_4098,KIT-YB-001,val_16,val_19,val_8,8/21/2024,55991.79621,30.32071203,906,550,9.65008545,406.055582,3.96003157,3095.814804,689.6011451
val_4099,KIT-SU-001,val_5,val_26,val_23,8/21/2024,103702.093,11.84813466,217,537,7.85215598,631.7698291,2.980572378,6520.890203,648.0030321
val_4100,KIT-LK-001,val_16,val_2,val_31,8/21/2024,39945.37155,11.16550872,619,63,5.401210753,760.014113,4.582190221,9694.300653,695.504401
val_4101,KIT-LK-001,val_8,val_22,val_32,8/21/2024,67242.80182,31.10300672,733,613,8.588884768,84.05434213,2.553625413,8785.198549,890.1935153
val_4102,KIT-IK-001,val_0,val_37,val_37,8/22/2024,36752.57929,8.933616914,625,75,1.682392057,318.4877802,2.505888537,3390.187078,268.1819358
val_4103,KIT-LK-001,val_15,val_54,val_4,8/22/2024,23602.78406,22.55713944,650,688,7.657141942,807.9053111,2.702084017,8805.665617,156.2658497
val_4104,KIT-LK-001,val_16,val_55,val_8,8/22/2024,5875.010576,11.56685321,726,207,9.606931607,112.255352,3.816794396,1660.700317,34.6546354
val_4105,KIT-IK-001,val_6,val_49,val_7,8/22/2024,100877.9266,33.31066496,233,125,8.367316174,993.2805377,1.109824767,7815.085303,700.0624745
val_4106,KIT-LK-001,val_9,val_1,val_25,8/22/2024,131353.3267,6.798947429,101,71,4.885081396,632.6886513,2.415237915,3915.479569,335.4108921
val_4107,KIT-YB-001,val_7,val_48,val_30,8/22/2024,47505.70543,25.39305228,990,460,4.11679834,940.0175983,3.971675738,7482.337493,505.896479
val_4108,KIT-LK-001,val_2,val_13,val_5,8/22/2024,64670.68983,19.342231,319,236,9.031743219,730.2812232,3.219061864,10375.84209,73.33228022
val_4109,KIT-SU-001,val_19,val_36,val_41,8/23/2024,1030.268771,34.25903213,949,463,3.62356345,963.877747,2.239514954,1778.422314,926.9313078
val_4110,KIT-IK-001,val_0,val_56,val_14,8/23/2024,62221.78849,34.79316404,268,896,9.437033635,665.3328158,3.626875043,8418.440105,588.4925855
val_4111,KIT-LK-001,val_11,val_53,val_31,8/23/2024,42557.6562,27.82069389,265,836,3.878645462,268.0764848,4.604526879,8263.184655,124.6900801
val_4112,KIT-SU-001,val_0,val_39,val_36,8/23/2024,86342.9045,3.800271083,24,751,2.12513331,800.2717288,3.020505785,9131.713305,406.332327
val_4113,KIT-YB-001,val_13,val_17,val_1,8/23/2024,136323.3188,16.52144166,442,469,3.123008849,226.0697718,3.95694103,11637.71377,312.8731919
val_4114,KIT-SU-001,val_18,val_31,val_41,8/23/2024,76169.80908,29.93705146,945,112,5.675349568,565.0057759,1.793662431,5898.91707,866.6795832
val_4115,KIT-SU-001,val_12,val_42,val_46,8/23/2024,101492.1327,22.41921853,895,407,2.17995434,373.0410652,2.891979271,1808.436036,876.2065603
val_4116,KIT-LK-001,val_12,val_30,val_46,8/24/2024,105969.6846,30.78813489,305,21,4.419614402,799.1084465,2.165172416,8412.171111,790.4715419
val_4117,KIT-LK-001,val_16,val_24,val_6,8/24/2024,23288.57087,28.01794411,406,123,9.152700845,759.4898213,4.97115658,6634.618066,388.1486325
val_4118,KIT-IK-001,val_19,val_24,val_18,8/24/2024,52312.30587,11.09102473,670,302,1.844988784,863.894302,1.874933919,9780.433904,943.1739443
val_4119,KIT-LK-001,val_17,val_35,val_11,8/24/2024,17415.25991,6.988275202,955,695,6.530898022,246.9472799,4.789642835,9557.231193,275.2870957
val_4120,KIT-SU-001,val_4,val_2,val_21,8/24/2024,66391.61727,11.4252237,604,789,4.633881691,997.5563435,2.634883171,8850.823657,661.5194288
val_4121,KIT-SU-001,val_11,val_59,val_46,8/24/2024,133149.2094,24.41888569,200,620,6.827093672,805.3707365,2.993394619,4885.124469,523.4657503
val_4122,KIT-LK-001,val_16,val_6,val_36,8/24/2024,72399.68544,16.94106117,356,258,5.40647281,386.7031916,3.09556736,5813.18334,437.6776453
val_4123,KIT-IK-001,val_5,val_59,val_37,8/25/2024,68694.87099,1.725917511,724,717,8.890345334,127.6637436,1.967236849,11009.38942,188.4771367
val_4124,KIT-IK-001,val_13,val_2,val_20,8/25/2024,31793.8701,26.03819897,23,997,4.622484358,349.4255385,1.955746747,5344.466412,239.9193881
val_4125,KIT-SU-001,val_0,val_30,val_44,8/25/2024,46877.48337,1.755450953,600,656,5.575856573,106.1824513,2.504135156,7121.896748,821.7657905
val_4126,KIT-IK-001,val_17,val_25,val_44,8/25/2024,140521.6361,14.44378831,769,762,2.171233482,615.3721837,3.980803413,8265.474207,668.7143542
val_4127,KIT-LK-001,val_12,val_34,val_38,8/25/2024,45797.80098,16.28749622,346,876,5.41275932,112.9223954,3.803086757,1565.684559,931.1879005
val_4128,KIT-SU-001,val_14,val_26,val_39,8/25/2024,109842.2945,17.70533443,539,716,2.032577619,430.5126298,4.990421891,9279.093001,681.286375
val_4129,KIT-YB-001,val_16,val_53,val_31,8/25/2024,6800.178905,5.040362911,718,878,6.248168848,667.5674536,1.353509377,376.4179781,60.7753255
val_4130,KIT-YB-001,val_4,val_0,val_4,8/26/2024,19682.93703,26.22309831,595,296,4.846543819,453.0706629,4.03718551,11788.47708,116.291792
val_4131,KIT-YB-001,val_9,val_59,val_13,8/26/2024,47065.94849,29.75815362,24,307,8.050339031,881.6506326,1.779736684,6907.123077,723.5087158
val_4132,KIT-SU-001,val_17,val_41,val_36,8/26/2024,135262.4188,24.4869392,586,174,4.766292797,240.9925583,3.04408132,2183.088218,250.9241495
val_4133,KIT-IK-001,val_3,val_46,val_15,8/26/2024,33284.1024,33.29725876,231,182,6.675358772,523.8920068,1.785527346,9453.455959,248.6682936
val_4134,KIT-LK-001,val_16,val_8,val_8,8/26/2024,109148.3192,9.16102225,740,553,1.53093133,913.1807675,4.744400783,10165.3877,406.3248648
val_4135,KIT-YB-001,val_5,val_3,val_45,8/26/2024,25544.9078,5.793407267,261,927,7.390166155,353.1998111,3.028774433,2616.287009,745.2465805
val_4136,KIT-LK-001,val_11,val_23,val_23,8/26/2024,92119.88589,2.541875085,979,221,9.616904039,472.7094904,2.878033176,686.8106525,638.8143568
val_4137,KIT-IK-001,val_10,val_19,val_41,8/27/2024,88230.8205,25.30888681,117,713,5.030008586,932.8447279,2.229604905,6389.041897,194.265131
val_4138,KIT-YB-001,val_13,val_46,val_13,8/27/2024,93481.21122,5.841333014,891,77,1.088641514,499.3136145,2.7958141,7758.685122,896.273559
val_4139,KIT-SU-001,val_16,val_53,val_17,8/27/2024,43298.33999,32.84871358,33,971,6.432819902,864.2410596,1.442791172,2185.503436,972.2491832
val_4140,KIT-SU-001,val_6,val_25,val_16,8/27/2024,24734.39804,21.02259658,683,526,2.306595473,940.4603425,3.736757629,6826.952435,791.9617441
val_4141,KIT-LK-001,val_3,val_46,val_17,8/27/2024,133029.6195,28.18392119,353,497,5.21171623,256.1023225,3.282669524,6411.412838,193.0654008
val_4142,KIT-LK-001,val_8,val_3,val_21,8/27/2024,85631.86866,15.32750477,195,360,1.292100869,785.8407698,1.398253497,10390.46685,793.7074568
val_4143,KIT-LK-001,val_12,val_44,val_14,8/27/2024,32200.45387,25.77263606,218,963,4.985304759,653.7549725,1.409507928,9826.801898,521.6106031
val_4144,KIT-IK-001,val_15,val_5,val_39,8/28/2024,62292.69345,15.63905937,38,420,8.870372699,986.7191739,2.171848962,1757.089191,28.55595788
val_4145,KIT-SU-001,val_15,val_40,val_15,8/28/2024,10530.17819,18.94898051,132,122,2.218480827,585.5708469,2.892429124,8542.825005,667.5292026
val_4146,KIT-SU-001,val_6,val_22,val_21,8/28/2024,71568.72943,27.12064431,392,564,5.484931507,792.777106,1.890669664,6133.833807,976.9462971
val_4147,KIT-LK-001,val_18,val_24,val_41,8/28/2024,63871.67104,8.487743733,157,590,3.284848671,345.6930178,1.52533595,5701.84633,431.5895431
val_4148,KIT-YB-001,val_1,val_16,val_20,8/28/2024,20342.57249,30.98093106,969,746,3.349275795,606.3914792,1.385366302,2115.561258,63.30656487
val_4149,KIT-SU-001,val_2,val_24,val_0,8/28/2024,66933.66411,25.12719925,827,497,6.789727775,778.5803438,2.22042951,9022.200446,230.6062959
val_4150,KIT-YB-001,val_0,val_52,val_0,8/29/2024,96110.08477,26.17959668,472,280,7.734494939,966.9133403,3.518448095,10446.71601,558.4667649
val_4151,KIT-SU-001,val_18,val_48,val_20,8/29/2024,139309.3215,8.488072633,94,2,8.859568215,251.840901,3.713461232,2625.002151,791.0948912
val_4152,KIT-SU-001,val_3,val_20,val_31,8/29/2024,105626.1865,3.33643294,987,987,3.504215839,78.89478099,2.131469992,546.9902726,185.5185553
val_4153,KIT-YB-001,val_12,val_17,val_45,8/29/2024,75614.07531,2.735404504,725,193,1.636986132,976.304711,2.762324826,7387.967917,219.3800435
val_4154,KIT-SU-001,val_16,val_30,val_6,8/29/2024,115622.6421,22.71617628,183,351,4.98053973,602.6416574,3.513839517,11779.13037,922.3385241
val_4155,KIT-LK-001,val_15,val_41,val_26,8/29/2024,42350.32456,5.420082909,54,153,6.261321437,17.25085872,2.440177868,8210.009908,881.7027355
val_4156,KIT-IK-001,val_18,val_10,val_13,8/29/2024,100482.849,34.97186247,620,235,7.656225286,519.9895335,4.91443529,3181.914734,915.6743305
val_4157,KIT-LK-001,val_1,val_43,val_21,8/30/2024,1256.793936,33.6444586,40,60,7.804645186,936.0432894,3.770914827,10498.24547,175.7801238
val_4158,KIT-LK-001,val_8,val_56,val_21,8/30/2024,11346.394,1.215351142,614,340,8.772555021,984.4246882,3.313686178,6549.140746,932.6958959
val_4159,KIT-LK-001,val_10,val_50,val_14,8/30/2024,93827.71265,25.43200408,442,949,1.280478371,325.7111645,2.991618578,6215.154503,339.9390299
val_4160,KIT-SU-001,val_13,val_32,val_0,8/30/2024,29286.16137,9.274867469,881,223,9.828982543,781.9090975,2.967786652,875.894214,516.8584853
val_4161,KIT-LK-001,val_12,val_19,val_3,8/30/2024,103465.0731,12.06331251,382,966,9.701341028,458.6985573,2.166912873,915.9107901,456.4057759
val_4162,KIT-LK-001,val_11,val_19,val_25,8/30/2024,95694.61304,8.562803209,448,634,1.319923535,398.0097911,1.308964729,7035.752355,977.8450016
val_4163,KIT-LK-001,val_6,val_44,val_10,8/30/2024,10018.17904,29.10298768,546,892,3.819659793,758.1934405,4.351655763,9718.995509,262.6693227
val_4164,KIT-SU-001,val_2,val_27,val_15,8/31/2024,59178.25166,31.30258094,984,621,7.889883609,269.9675897,4.621643356,9087.39025,957.7803844
val_4165,KIT-YB-001,val_8,val_6,val_4,8/31/2024,92143.82865,1.605974175,703,989,5.306593421,426.3772857,4.898038256,11301.02555,959.1523141
val_4166,KIT-IK-001,val_5,val_40,val_2,8/31/2024,107165.5039,9.597326339,670,552,1.041775548,246.5318031,2.615896426,6132.589365,917.447269
val_4167,KIT-LK-001,val_11,val_8,val_6,8/31/2024,122504.582,15.81470649,310,831,4.192442094,142.6376179,4.785625597,7524.525433,357.2221361
val_4168,KIT-LK-001,val_15,val_59,val_18,8/31/2024,49901.2138,18.3594067,483,37,6.210450496,379.2988941,3.809448002,7600.833579,375.0336452
val_4169,KIT-IK-001,val_11,val_25,val_7,8/31/2024,125589.0483,3.250111359,194,933,8.916221117,959.228389,2.688488161,4686.313481,204.0665768
val_4170,KIT-YB-001,val_11,val_20,val_11,8/31/2024,53461.03669,29.08498112,392,18,8.463263643,418.881218,4.674108606,233.4938022,475.4968349
val_4171,KIT-SU-001,val_0,val_3,val_14,9/1/2024,1544.532759,32.7025005,822,197,9.516874679,683.2246215,4.874112942,10099.02401,248.6313964
val_4172,KIT-IK-001,val_12,val_10,val_13,9/1/2024,91695.88203,14.21970489,99,739,5.211353669,285.0728161,3.135727212,991.6839754,627.124392
val_4173,KIT-IK-001,val_8,val_56,val_0,9/1/2024,36629.45528,30.03174598,165,257,8.184464251,865.3570504,4.118580905,11519.31753,867.6906375
val_4174,KIT-SU-001,val_2,val_32,val_5,9/1/2024,19095.00465,23.73715017,586,42,1.906620337,624.900349,4.106394855,10157.4761,949.6668701
val_4175,KIT-SU-001,val_4,val_54,val_45,9/1/2024,39124.4926,20.79267767,799,862,5.66612084,950.4540155,3.435336463,1424.650797,437.6088841
val_4176,KIT-YB-001,val_15,val_57,val_32,9/1/2024,124273.1427,28.70294522,976,513,9.249226878,325.952096,2.691102965,1639.936649,431.538769
val_4177,KIT-SU-001,val_18,val_2,val_5,9/1/2024,137143.1956,16.66143067,587,479,8.549628475,538.0335718,1.537371687,8897.992847,514.5779786
val_4178,KIT-IK-001,val_10,val_22,val_13,9/2/2024,144273.6453,19.2605191,657,316,6.900488644,191.0456597,4.991810268,6615.265806,911.6512564
val_4179,KIT-YB-001,val_19,val_50,val_18,9/2/2024,45773.13927,9.758371914,289,717,2.342829895,135.8842354,1.286659198,7857.162424,78.71017105
val_4180,KIT-LK-001,val_3,val_29,val_43,9/2/2024,68661.34187,24.98402964,410,314,2.638731339,585.3596337,1.539439177,3621.457196,306.2690511
val_4181,KIT-YB-001,val_5,val_30,val_42,9/2/2024,120477.6524,5.735364621,314,562,7.107870529,803.416746,2.499150674,10627.55995,197.118619
val_4182,KIT-IK-001,val_18,val_34,val_36,9/2/2024,48026.45193,8.662022453,109,130,3.930110378,199.7944954,2.594199038,6607.07102,775.1961628
val_4183,KIT-SU-001,val_3,val_42,val_5,9/2/2024,58078.90635,16.90124921,371,305,3.965031526,702.9164906,2.068615303,6872.536156,378.2665491
val_4184,KIT-LK-001,val_13,val_56,val_23,9/2/2024,35972.53614,13.60887451,217,28,8.628605078,671.5548981,1.312316592,11888.87923,964.3091279
val_4185,KIT-LK-001,val_4,val_53,val_23,9/3/2024,86068.91424,8.537326133,591,285,1.184204194,482.5488312,4.597656825,9304.260361,979.1994283
val_4186,KIT-IK-001,val_6,val_37,val_30,9/3/2024,99060.37147,6.877721419,754,381,4.532660857,766.911751,3.053034101,8327.927369,880.8548838
val_4187,KIT-IK-001,val_9,val_34,val_40,9/3/2024,48106.69854,30.15922175,980,748,3.143984406,593.9064459,4.879369169,10426.44559,508.9656266
val_4188,KIT-IK-001,val_7,val_21,val_15,9/3/2024,4122.462218,20.76188963,881,823,1.243902493,946.4998904,4.511863817,11893.18505,930.9319503
val_4189,KIT-IK-001,val_17,val_6,val_26,9/3/2024,110518.2181,13.33326453,318,532,2.949158177,763.7055953,2.976053039,9787.910716,376.9194332
val_4190,KIT-YB-001,val_19,val_42,val_12,9/3/2024,92681.29476,29.63315969,939,926,2.65822745,886.5932818,2.552888721,9715.386027,392.8159662
val_4191,KIT-SU-001,val_10,val_0,val_10,9/4/2024,33240.31845,28.91558494,942,359,5.540268202,361.3681279,2.020193115,2457.817961,472.9280063
val_4192,KIT-YB-001,val_10,val_41,val_15,9/4/2024,47539.82744,4.05886958,504,494,4.916725574,810.9991811,4.972196427,10505.46421,697.1517228
val_4193,KIT-SU-001,val_1,val_29,val_35,9/4/2024,143588.4816,19.9415398,205,617,5.24529573,992.0241889,3.420229597,10598.31438,63.47993343
val_4194,KIT-IK-001,val_4,val_47,val_21,9/4/2024,94715.42998,10.8353295,778,177,8.901201627,163.4648371,4.362871749,7245.219873,535.8680477
val_4195,KIT-YB-001,val_0,val_56,val_32,9/4/2024,89523.92458,19.02105364,113,420,5.449855345,511.1794453,4.938679982,7877.40709,965.8445846
val_4196,KIT-YB-001,val_17,val_33,val_33,9/4/2024,96133.76525,25.18635884,361,900,6.751042341,862.3359831,1.895784539,7560.512599,67.31715518
val_4197,KIT-LK-001,val_4,val_34,val_17,9/4/2024,143189.458,0.496064131,532,475,6.827349546,396.6263669,4.699363703,6630.398081,86.29995957
val_4198,KIT-SU-001,val_6,val_29,val_45,9/5/2024,51308.93149,18.07214937,864,932,5.651869561,508.2331738,4.17791119,2363.918171,943.7991787
val_4199,KIT-YB-001,val_16,val_22,val_2,9/5/2024,42496.93843,10.35228543,977,678,3.742968536,747.6273589,2.818589736,7960.890031,831.2039139
val_4200,KIT-IK-001,val_14,val_5,val_43,9/5/2024,56823.0008,18.78357933,818,170,9.128427401,824.6974598,4.795170196,4676.992167,0.639473836
val_4201,KIT-IK-001,val_12,val_1,val_0,9/5/2024,120241.8896,4.022506614,485,458,4.943579678,199.5304833,3.359581146,6530.729401,451.3550884
val_4202,KIT-LK-001,val_0,val_43,val_18,9/5/2024,18583.35172,28.65131135,85,366,6.140151845,391.1099851,2.574742149,10833.12066,309.5156716
val_4203,KIT-LK-001,val_11,val_54,val_39,9/5/2024,31420.29234,19.11966213,800,950,6.032298922,394.5052062,1.639621344,1488.277431,167.5620411
val_4204,KIT-LK-001,val_11,val_3,val_32,9/5/2024,34622.70412,7.545008075,857,336,8.448742376,152.8242519,3.911584581,11474.36902,52.26887004
val_4205,KIT-IK-001,val_6,val_19,val_15,9/6/2024,95638.41998,26.98502857,473,485,5.811587515,91.15165553,4.096122843,6904.686727,249.9091132
val_4206,KIT-SU-001,val_14,val_36,val_42,9/6/2024,96416.66218,1.514828506,554,691,5.112125944,744.6942124,1.82764614,11407.89958,652.7343305
val_4207,KIT-LK-001,val_18,val_42,val_6,9/6/2024,56097.01432,20.83025396,850,962,5.140549224,851.9924231,2.487366231,2567.652379,303.8984015
val_4208,KIT-SU-001,val_5,val_44,val_32,9/6/2024,41790.74475,17.66130461,132,546,8.019537347,951.9186504,1.220168074,840.6029147,307.6322563
val_4209,KIT-SU-001,val_6,val_41,val_24,9/6/2024,113320.4637,1.579646531,813,848,3.969775973,956.2949932,3.229016973,7527.926016,262.5103318
val_4210,KIT-LK-001,val_6,val_5,val_9,9/6/2024,5243.121759,8.889750468,513,117,9.413660264,994.6841638,3.400261196,6416.978847,97.11122355
val_4211,KIT-LK-001,val_16,val_15,val_44,9/6/2024,110941.2878,2.884487343,686,891,8.619435618,82.99315364,4.393021527,8871.664628,593.0037337
val_4212,KIT-SU-001,val_1,val_28,val_36,9/7/2024,31935.96216,25.68706525,190,207,2.245128394,396.7973853,1.104600038,7297.115437,731.3585967
val_4213,KIT-IK-001,val_17,val_3,val_0,9/7/2024,135465.17,24.76082975,616,764,3.855151189,82.15608461,1.478588952,6268.585116,980.0204461
val_4214,KIT-LK-001,val_15,val_20,val_4,9/7/2024,62347.14024,3.307569288,268,534,9.150578793,677.889977,1.126271251,10850.0334,226.5984347
val_4215,KIT-LK-001,val_9,val_23,val_2,9/7/2024,96523.38705,4.000410026,518,605,3.505342144,972.3915625,4.777794379,4016.218125,162.9298326
val_4216,KIT-YB-001,val_11,val_58,val_19,9/7/2024,18584.91181,30.83382103,525,92,3.858924297,36.68364821,3.051549264,3404.235176,707.2734428
val_4217,KIT-IK-001,val_17,val_19,val_20,9/7/2024,38455.71906,7.189491017,957,533,2.957103868,526.3296876,1.983999648,9687.105043,323.1803312
val_4218,KIT-YB-001,val_15,val_58,val_34,9/7/2024,105240.9849,10.76740528,670,86,1.48954648,533.263331,1.076407821,4349.314274,508.5659183
val_4219,KIT-LK-001,val_5,val_42,val_32,9/8/2024,82778.13982,24.01294972,557,552,5.306105148,163.2749167,1.386079423,6844.297722,708.52436
val_4220,KIT-YB-001,val_1,val_41,val_0,9/8/2024,115686.3685,2.313168146,402,406,7.793677142,833.4686038,3.880631384,7445.771435,419.5598697
val_4221,KIT-LK-001,val_13,val_49,val_22,9/8/2024,84728.64979,33.17844661,337,201,6.939976679,394.7227926,2.92113373,3674.685943,371.3659321
val_4222,KIT-YB-001,val_2,val_50,val_37,9/8/2024,85615.01152,1.000713447,652,491,1.24862475,420.4645792,3.93769672,4397.81672,439.6124553
val_4223,KIT-SU-001,val_1,val_13,val_43,9/8/2024,128809.7178,29.75015939,883,214,5.710446157,961.9583253,2.060764214,680.2600877,456.950356
val_4224,KIT-YB-001,val_19,val_25,val_14,9/8/2024,63991.14264,12.75953077,573,82,3.972602226,247.3836914,2.758198037,3498.527453,0.754646745
val_4225,KIT-LK-001,val_9,val_31,val_2,9/8/2024,134309.1856,5.421389297,660,34,6.776098172,385.4680188,3.495450038,4047.888993,188.6081791
val_4226,KIT-SU-001,val_13,val_58,val_7,9/9/2024,56146.17958,13.33668955,328,341,4.646438418,770.1503512,1.849270033,398.3180605,609.3289961
val_4227,KIT-IK-001,val_4,val_2,val_16,9/9/2024,49624.83391,34.05488592,558,746,9.824770768,479.9825332,2.150091783,9913.341846,17.44541557
val_4228,KIT-YB-001,val_2,val_28,val_21,9/9/2024,117023.4809,18.60842693,572,576,8.456051497,603.4199872,1.566429898,10647.12119,276.4416291
val_4229,KIT-SU-001,val_1,val_12,val_16,9/9/2024,2226.186725,2.262950492,682,124,7.303338214,477.8131376,3.847182181,2291.897177,440.4284473
val_4230,KIT-LK-001,val_7,val_12,val_4,9/9/2024,26242.72192,32.96565692,316,444,5.641003552,283.3255226,3.329165521,7344.190215,441.8281736
val_4231,KIT-LK-001,val_0,val_45,val_16,9/9/2024,11228.9781,5.195942101,349,582,6.320015903,162.7271568,2.778689939,5415.20256,47.79543009
val_4232,KIT-YB-001,val_8,val_12,val_13,9/9/2024,77059.7114,2.103128842,359,234,4.979219845,850.1341536,3.269347675,1708.244831,875.3577098
val_4233,KIT-SU-001,val_6,val_47,val_23,9/10/2024,94396.6147,1.780821604,421,138,8.151914538,275.2126832,1.679155086,494.568742,90.47870943
val_4234,KIT-SU-001,val_10,val_59,val_3,9/10/2024,2051.203906,28.95645444,292,249,9.174107235,997.3673803,4.251544272,8029.890919,875.729911
val_4235,KIT-IK-001,val_11,val_46,val_37,9/10/2024,24638.80051,5.525068487,195,66,9.991856021,10.06430446,4.02187253,1140.331633,990.81263
val_4236,KIT-IK-001,val_6,val_10,val_20,9/10/2024,45729.93311,6.428604736,500,242,6.389472686,881.9472838,1.728013533,10714.06418,178.6368284
val_4237,KIT-YB-001,val_9,val_8,val_15,9/10/2024,44486.83712,33.0552142,855,534,7.136968868,947.368302,4.542847459,9517.959858,70.57546192
val_4238,KIT-LK-001,val_1,val_26,val_43,9/10/2024,15021.34118,21.48406786,31,802,4.598762609,58.7049452,2.575902844,8746.635553,121.1094614
val_4239,KIT-YB-001,val_6,val_33,val_35,9/11/2024,26340.69468,10.13258681,666,873,1.076258775,627.5733421,2.854548565,10144.58754,852.5376704
val_4240,KIT-SU-001,val_19,val_46,val_6,9/11/2024,127134.2383,20.60862512,817,673,7.329130923,782.6791143,3.125040909,1458.094687,972.3572424
val_4241,KIT-LK-001,val_19,val_25,val_7,9/11/2024,105236.8807,8.659619644,825,356,9.406318916,615.3634267,4.171587789,7597.448747,591.4659668
val_4242,KIT-IK-001,val_9,val_10,val_0,9/11/2024,44766.11021,17.40042819,853,934,8.736620961,880.1188616,1.656037997,2635.439854,947.2601355
val_4243,KIT-SU-001,val_18,val_59,val_26,9/11/2024,39879.41592,11.8448614,317,920,8.907586958,132.4802684,2.060073841,6333.179369,769.6858603
val_4244,KIT-LK-001,val_10,val_54,val_17,9/11/2024,12489.78072,21.86740349,100,358,4.619133506,948.7569397,4.745666016,4430.89637,568.7041848
val_4245,KIT-SU-001,val_2,val_39,val_18,9/11/2024,52661.43764,26.60654174,996,10,7.421963774,550.5083444,4.751200713,1644.197859,914.2985716
val_4246,KIT-IK-001,val_17,val_41,val_24,9/12/2024,60011.39244,12.32806165,700,434,6.745869814,344.3730212,4.235886757,8867.510638,468.2523283
val_4247,KIT-YB-001,val_8,val_56,val_25,9/12/2024,135675.1576,5.208173362,357,466,5.868413255,525.1845262,1.673733516,3762.07665,411.6419775
val_4248,KIT-YB-001,val_12,val_28,val_0,9/12/2024,111595.7992,12.57977306,852,677,2.364578402,339.3150645,3.379908482,1650.266306,719.9059106
val_4249,KIT-SU-001,val_12,val_8,val_5,9/12/2024,72133.48927,26.58378996,354,146,6.178978516,455.4430915,2.783882246,10577.09709,748.6665485
val_4250,KIT-IK-001,val_6,val_36,val_37,9/12/2024,20661.16168,27.59044388,750,545,3.687318302,156.4614689,1.322970494,1788.686192,354.5096043
val_4251,KIT-LK-001,val_14,val_27,val_45,9/12/2024,98596.16653,27.53717331,961,316,7.332302528,844.6473944,1.302190429,2623.91498,475.6021906
val_4252,KIT-SU-001,val_10,val_47,val_40,9/12/2024,140433.8408,34.11511996,768,495,9.503671852,389.6192902,4.427347166,479.8275933,215.8252477
val_4253,KIT-LK-001,val_7,val_46,val_43,9/13/2024,12167.70538,28.90244198,655,23,7.548920223,467.0115812,1.361997199,6319.164567,119.796553
val_4254,KIT-IK-001,val_5,val_28,val_22,9/13/2024,127366.8613,33.90634146,191,528,3.33576023,909.5759177,2.085560147,9938.677364,351.8133047
val_4255,KIT-YB-001,val_14,val_22,val_39,9/13/2024,27427.12601,22.01237497,934,35,5.187230565,907.0020264,1.602898449,10244.46759,492.7917105
val_4256,KIT-IK-001,val_4,val_25,val_42,9/13/2024,105341.4997,8.181323226,426,854,6.083791436,788.0821334,3.300415357,8976.624538,157.2872809
val_4257,KIT-IK-001,val_2,val_37,val_42,9/13/2024,27986.47757,21.36523104,623,713,7.535375478,30.01554131,4.040086907,5761.888794,163.0131971
val_4258,KIT-SU-001,val_17,val_38,val_7,9/13/2024,90202.02646,7.084625137,612,921,2.330627596,906.3766724,2.060730974,10695.53715,123.9751975
val_4259,KIT-SU-001,val_6,val_30,val_7,9/13/2024,36024.87534,3.169353619,246,655,5.730332717,188.7358206,4.128186004,9252.159598,875.7571569
val_4260,KIT-SU-001,val_12,val_31,val_19,9/14/2024,81483.86029,10.68609285,603,979,8.741228393,438.291931,1.699872043,10693.03361,694.0997926
val_4261,KIT-IK-001,val_14,val_59,val_24,9/14/2024,90223.60144,12.82458934,391,208,1.248292468,902.9908641,2.42694405,3025.705678,145.5270842
val_4262,KIT-IK-001,val_16,val_15,val_45,9/14/2024,92968.7886,24.86930019,349,6,7.548223295,95.04381417,1.971525008,7295.1749,661.2736065
val_4263,KIT-SU-001,val_12,val_10,val_15,9/14/2024,102578.4322,12.83506955,859,902,8.923928467,133.1030411,2.817364289,454.646376,485.8259955
val_4264,KIT-SU-001,val_14,val_47,val_39,9/14/2024,10819.92152,0.309564362,722,660,8.161873359,576.0576778,4.924034284,6353.541372,565.5309645
val_4265,KIT-SU-001,val_16,val_56,val_42,9/14/2024,105656.4169,32.10955726,489,688,9.386552071,467.7152041,3.947188898,10547.24637,828.6094187
val_4266,KIT-SU-001,val_18,val_36,val_46,9/14/2024,23612.35977,20.71126584,19,290,8.044394392,389.6767271,1.82304321,8913.919833,476.0143947
val_4267,KIT-SU-001,val_0,val_24,val_9,9/15/2024,101716.3517,7.534381024,709,336,5.662208505,809.6636997,4.865736879,9358.814965,288.1030835
val_4268,KIT-SU-001,val_14,val_20,val_11,9/15/2024,19043.62333,8.979609368,738,679,5.292408584,894.679694,3.725360074,3941.662194,780.1429008
val_4269,KIT-IK-001,val_3,val_28,val_10,9/15/2024,72172.49923,4.520080234,166,408,1.286557122,991.4284613,2.816697732,4898.218378,159.4143624
val_4270,KIT-YB-001,val_17,val_3,val_35,9/15/2024,58321.87968,31.74782684,757,76,1.167394304,122.9612573,4.665010776,11837.83986,924.7313629
val_4271,KIT-IK-001,val_0,val_31,val_32,9/15/2024,145118.2803,8.211258864,400,292,6.755219967,676.2459483,4.051322898,3353.852092,941.5206455
val_4272,KIT-YB-001,val_4,val_16,val_19,9/15/2024,94805.97028,32.93452032,733,384,3.47862263,871.3427995,3.916773589,1217.628869,344.9207857
val_4273,KIT-SU-001,val_3,val_15,val_4,9/15/2024,13686.78403,9.398035267,840,831,3.763858265,240.5177133,1.803729698,4790.378256,772.253353
val_4274,KIT-LK-001,val_12,val_33,val_24,9/16/2024,105282.526,28.01394164,700,344,8.263590915,480.0356836,1.511857697,9253.39988,922.0026999
val_4275,KIT-LK-001,val_0,val_57,val_35,9/16/2024,29523.69069,0.563734904,941,494,2.001442502,7.167984954,4.462475084,6378.621889,919.2253296
val_4276,KIT-IK-001,val_0,val_12,val_22,9/16/2024,43279.47923,17.01792111,76,598,3.554511654,134.6126266,3.720621655,715.7843211,114.3758213
val_4277,KIT-IK-001,val_10,val_54,val_12,9/16/2024,57077.23455,13.04866575,324,135,7.165347163,125.5642753,4.26896897,8043.747007,167.7740429
val_4278,KIT-YB-001,val_19,val_31,val_28,9/16/2024,116545.7033,11.84358441,59,582,1.275096035,707.5627527,4.063016384,8880.150861,490.4066769
val_4279,KIT-SU-001,val_10,val_58,val_31,9/16/2024,141640.1003,34.72703902,172,201,5.678102955,622.2492237,4.612429966,7312.75453,552.0829053
val_4280,KIT-IK-001,val_8,val_22,val_28,9/17/2024,138688.1089,25.28616156,373,878,1.769148301,38.69724181,2.502083665,2221.796464,344.101724
val_4281,KIT-LK-001,val_13,val_59,val_41,9/17/2024,26017.20295,9.101071585,23,296,7.854911036,595.6945494,2.400782346,2454.44698,76.62343061
val_4282,KIT-IK-001,val_11,val_39,val_15,9/17/2024,9531.81487,26.38497307,396,304,6.711242011,68.14279278,1.947450268,5006.569765,429.4753156
val_4283,KIT-LK-001,val_7,val_40,val_29,9/17/2024,124365.6864,4.708993274,127,403,6.476967518,202.1999951,1.421717349,4426.841541,281.1255838
val_4284,KIT-SU-001,val_11,val_33,val_41,9/17/2024,43588.63029,32.4223102,113,360,2.991565501,901.3627035,2.931586416,1402.19933,447.6579567
val_4285,KIT-YB-001,val_0,val_27,val_10,9/17/2024,87632.50252,15.03824062,836,593,7.522288299,447.2635656,2.992885012,10340.22197,273.3049822
val_4286,KIT-YB-001,val_4,val_31,val_13,9/17/2024,146804.8061,6.835069336,744,723,3.715112392,781.3462907,1.457842624,11110.50127,435.9174625
val_4287,KIT-IK-001,val_13,val_51,val_2,9/18/2024,28370.0898,9.694152848,456,965,6.137333081,314.3116687,3.414099467,1897.061582,588.1039711
val_4288,KIT-IK-001,val_6,val_47,val_17,9/18/2024,56540.95583,5.599179629,567,889,1.828267728,110.774377,2.453467463,6835.658398,360.3623404
val_4289,KIT-SU-001,val_1,val_1,val_2,9/18/2024,130206.0424,32.58341821,291,262,1.864778669,888.1916683,2.824965473,5271.406654,210.6532154
val_4290,KIT-LK-001,val_2,val_41,val_35,9/18/2024,97672.09179,10.84509772,486,604,2.745912071,163.8270724,3.040098976,5026.288863,396.5838212
val_4291,KIT-IK-001,val_17,val_50,val_4,9/18/2024,140664.1745,5.171210874,776,328,2.944045552,349.6415418,2.242156049,7047.884709,260.4967933
val_4292,KIT-SU-001,val_6,val_44,val_33,9/18/2024,94942.03759,28.48894697,521,806,2.137891811,701.234496,3.740221054,5568.003879,64.20672888
val_4293,KIT-YB-001,val_0,val_29,val_27,9/18/2024,45883.71022,7.621417434,794,23,2.064236032,591.8036682,3.039403287,5527.741152,633.8193786
val_4294,KIT-IK-001,val_14,val_20,val_47,9/19/2024,120863.7365,3.476432181,485,995,8.911279026,927.9900512,2.765726791,1894.855809,633.8608399
val_4295,KIT-IK-001,val_10,val_40,val_16,9/19/2024,114009.9314,23.46014293,362,372,5.991700577,987.6705409,2.63837778,8585.521755,318.0287928
val_4296,KIT-YB-001,val_9,val_39,val_16,9/19/2024,140076.0317,0.457717837,895,745,6.599593229,146.6309162,1.094852322,7043.164398,959.2417108
val_4297,KIT-SU-001,val_17,val_22,val_11,9/19/2024,71686.95637,29.16823666,902,675,3.590395881,226.5868195,4.08491782,860.8354391,789.0299509
val_4298,KIT-SU-001,val_6,val_24,val_25,9/19/2024,75674.47343,19.78229286,228,367,1.499386324,639.1630342,4.865959532,4630.124079,902.407527
val_4299,KIT-IK-001,val_11,val_22,val_10,9/19/2024,48911.5535,8.789281071,463,964,9.714463605,146.7316667,1.523891203,2769.809278,469.4190396
val_4300,KIT-YB-001,val_14,val_2,val_5,9/19/2024,40679.37101,16.68106275,773,267,1.486253274,542.2191849,2.157769444,4801.576542,523.7813929
val_4301,KIT-LK-001,val_12,val_1,val_45,9/20/2024,149480.909,9.332040264,261,740,8.403638864,372.8291399,4.38767549,1602.531519,691.409344
val_4302,KIT-SU-001,val_4,val_4,val_32,9/20/2024,146599.6997,18.74342783,749,929,6.985777885,888.1299736,3.834745707,7404.437357,588.0891402
val_4303,KIT-SU-001,val_13,val_25,val_5,9/20/2024,79682.14622,20.09321542,900,118,4.66768913,918.0948076,2.249586126,7061.98117,668.2272932
val_4304,KIT-YB-001,val_14,val_30,val_29,9/20/2024,143285.2946,27.05453917,236,917,7.719375735,258.8300948,3.598134299,7194.744406,432.4358489
val_4305,KIT-LK-001,val_2,val_24,val_14,9/20/2024,53745.23942,16.41984222,153,890,7.882591437,95.66811041,4.668958875,4520.051619,132.844417
val_4306,KIT-YB-001,val_3,val_57,val_8,9/20/2024,127574.1514,27.57499586,945,380,8.904625879,991.0798,1.878693813,8720.096645,812.0427499
val_4307,KIT-LK-001,val_13,val_13,val_22,9/20/2024,95412.7896,2.60967966,996,839,5.904327806,149.8954355,3.718547175,10143.22786,387.3444975
val_4308,KIT-SU-001,val_2,val_23,val_37,9/21/2024,107701.3841,32.26273403,859,6,2.923364909,173.4348082,4.24790272,5112.880313,608.3744981
val_4309,KIT-LK-001,val_17,val_14,val_0,9/21/2024,107871.3384,6.65570356,613,189,6.153209054,252.173279,1.381218509,5310.01669,369.018434
val_4310,KIT-YB-001,val_2,val_17,val_17,9/21/2024,95556.38318,29.31289142,85,753,1.893835796,340.8540831,4.738032698,10801.66534,482.1781207
val_4311,KIT-YB-001,val_19,val_35,val_44,9/21/2024,127923.0377,17.41318607,916,935,4.386060899,147.779151,4.837322486,7340.977347,638.9643434
val_4312,KIT-LK-001,val_13,val_18,val_18,9/21/2024,59105.98097,3.844165736,199,126,6.493298884,322.2310414,3.932269569,6214.236422,578.5097209
val_4313,KIT-LK-001,val_8,val_19,val_4,9/21/2024,127453.7482,12.72112378,179,714,3.266984116,22.02403236,3.062423362,8898.312096,140.9273158
val_4314,KIT-IK-001,val_5,val_40,val_20,9/21/2024,27920.56701,32.15790538,717,103,8.78574474,800.9836978,3.415834556,3859.691286,235.4110056
val_4315,KIT-YB-001,val_6,val_49,val_32,9/22/2024,30393.93332,29.24804565,389,783,9.784466608,263.5520805,3.593745153,586.5405074,173.8754741
val_4316,KIT-LK-001,val_14,val_12,val_47,9/22/2024,107742.8114,25.33658917,868,897,1.683190632,817.7842763,1.616527044,8482.675159,575.8928046
val_4317,KIT-SU-001,val_15,val_6,val_30,9/22/2024,112644.4186,13.41863666,874,459,2.853034086,646.9217629,2.179538499,7823.57384,394.5747572
val_4318,KIT-LK-001,val_4,val_14,val_2,9/22/2024,135394.0107,20.68992031,806,100,5.257104433,480.5460968,1.403513769,5256.779742,246.4261861
val_4319,KIT-LK-001,val_10,val_34,val_38,9/22/2024,41565.09427,8.277844589,837,200,1.341472834,972.2928412,2.481846814,740.9907134,44.08153277
val_4320,KIT-LK-001,val_19,val_57,val_37,9/22/2024,8882.383132,22.74495426,546,507,1.836346887,386.6702091,3.980417049,11292.81544,767.5347595
val_4321,KIT-IK-001,val_5,val_9,val_31,9/22/2024,76367.02295,9.280723331,872,799,9.105761112,178.388192,4.542049766,8823.072627,54.04256919
val_4322,KIT-IK-001,val_13,val_2,val_43,9/23/2024,131363.3996,29.04943732,916,520,1.409768601,577.4392964,2.48510745,4749.439152,380.7579734
val_4323,KIT-IK-001,val_3,val_31,val_36,9/23/2024,145734.1451,24.71653822,280,477,3.227358274,140.1497288,3.464431388,2572.431576,455.7793039
val_4324,KIT-YB-001,val_16,val_59,val_11,9/23/2024,128745.0311,13.63591869,425,600,4.812694361,276.8160016,3.379347073,6753.05725,453.0514492
val_4325,KIT-SU-001,val_3,val_33,val_20,9/23/2024,73748.48923,23.14997123,618,968,1.184132951,907.7391398,2.890161505,450.879342,138.4980826
val_4326,KIT-IK-001,val_5,val_55,val_24,9/23/2024,129575.6443,11.51473815,860,790,8.295344205,892.1585979,3.776834714,5595.013975,709.4583532
val_4327,KIT-LK-001,val_9,val_38,val_23,9/23/2024,32488.65312,5.616722638,389,153,8.470069913,465.7252138,1.603240051,11863.03302,227.1620644
val_4328,KIT-IK-001,val_7,val_1,val_30,9/24/2024,138214.8629,8.38440141,260,196,4.552032163,478.270757,1.299390795,8922.544484,629.0655735
val_4329,KIT-IK-001,val_3,val_25,val_33,9/24/2024,85243.47117,9.654743584,321,355,2.816055579,566.7836833,2.392136857,11822.17967,378.0332815
val_4330,KIT-YB-001,val_12,val_46,val_4,9/24/2024,58709.85608,8.086258221,800,271,9.031222326,84.18068361,4.877254434,4872.967239,521.1675337
val_4331,KIT-SU-001,val_0,val_30,val_27,9/24/2024,87455.35673,23.8067888,520,736,7.107004767,253.1560531,4.812472569,1228.086289,452.2221349
val_4332,KIT-IK-001,val_19,val_11,val_1,9/24/2024,117709.2274,25.94021528,255,993,5.714756021,579.9853156,3.532296455,11588.30232,955.2604138
val_4333,KIT-LK-001,val_1,val_10,val_24,9/24/2024,36398.16616,16.10844429,715,572,4.53158027,321.1661734,3.31483046,10409.92368,346.4711437
val_4334,KIT-SU-001,val_6,val_39,val_20,9/24/2024,15731.03051,34.57522721,660,891,5.853491624,213.3907691,3.532856781,6837.941749,152.9991835
val_4335,KIT-YB-001,val_18,val_27,val_9,9/25/2024,110101.4555,31.20751706,519,433,3.245603854,647.3608214,2.717503626,2912.145102,360.8295254
val_4336,KIT-SU-001,val_3,val_34,val_47,9/25/2024,142894.1105,3.229346438,620,688,5.04640069,566.4357929,2.153550715,8917.220538,499.0449564
val_4337,KIT-YB-001,val_1,val_22,val_12,9/25/2024,95728.22475,16.22368284,230,702,7.173079501,327.072818,1.022218012,426.9328398,66.2398638
val_4338,KIT-IK-001,val_14,val_20,val_2,9/25/2024,21816.22639,31.81498946,182,294,4.702229783,937.3912745,1.076824221,10990.28008,918.4488334
val_4339,KIT-IK-001,val_1,val_39,val_17,9/25/2024,96686.11273,7.865194452,808,734,7.164591152,777.6896806,4.888661156,8426.745285,198.7259833
val_4340,KIT-LK-001,val_17,val_0,val_36,9/25/2024,17936.49838,13.36818169,680,535,7.648530093,596.14165,3.978320037,2274.342798,930.6073281
val_4341,KIT-LK-001,val_9,val_26,val_0,9/25/2024,45876.95058,33.15377147,978,577,7.78340723,209.465542,3.76061272,2141.537419,404.1789278
val_4342,KIT-YB-001,val_17,val_22,val_23,9/26/2024,5223.856329,27.20697064,939,252,6.122601344,648.0966244,4.37774621,884.1303611,555.4176031
val_4343,KIT-YB-001,val_4,val_46,val_20,9/26/2024,73381.4928,29.16491003,363,319,2.659491818,687.7385156,3.427732743,9291.769298,683.021327
val_4344,KIT-SU-001,val_2,val_43,val_41,9/26/2024,48542.45073,30.80603545,462,858,7.305037243,581.2665065,3.670556773,1708.667426,64.94860826
val_4345,KIT-YB-001,val_19,val_25,val_0,9/26/2024,15079.52253,6.1569134,850,619,8.37352953,637.9602897,4.160447761,6336.830756,413.9253038
val_4346,KIT-LK-001,val_15,val_15,val_0,9/26/2024,46699.58169,24.5347358,3,130,1.848599546,162.2285094,1.500653291,4426.612922,281.6186707
val_4347,KIT-YB-001,val_18,val_14,val_27,9/26/2024,97311.73285,28.1374849,864,545,9.06369376,334.9932008,1.750538505,6679.102459,168.5304754
val_4348,KIT-YB-001,val_6,val_12,val_8,9/26/2024,43717.69255,8.081486543,167,619,9.471706226,890.7449159,3.22386229,8398.749258,668.9964289
val_4349,KIT-LK-001,val_8,val_16,val_33,9/27/2024,21889.28155,1.70892304,260,798,7.014123458,137.1119969,1.387538321,2677.543966,165.6187931
val_4350,KIT-LK-001,val_11,val_45,val_13,9/27/2024,81947.22102,6.406782337,482,853,1.999583953,589.6911232,3.637694059,2565.854802,582.8833538
val_4351,KIT-YB-001,val_8,val_2,val_26,9/27/2024,113107.477,26.00081992,706,654,6.883217159,897.6553294,4.328803868,4183.678931,390.4349968
val_4352,KIT-SU-001,val_4,val_1,val_1,9/27/2024,124606.1328,24.36131418,354,12,4.204615678,14.15579019,4.350366357,11235.23262,976.2337562
val_4353,KIT-IK-001,val_7,val_32,val_33,9/27/2024,71078.51841,31.23206995,939,497,3.732810107,967.1215289,2.293254854,5439.564776,906.5823456
val_4354,KIT-IK-001,val_12,val_13,val_24,9/27/2024,106805.3269,11.22996514,783,206,1.330876094,883.3420013,1.810750462,3232.099128,7.566636069
val_4355,KIT-LK-001,val_0,val_49,val_0,9/27/2024,125082.4984,21.83669333,740,18,7.523506779,715.0654925,4.834878133,6330.702425,810.8493148
val_4356,KIT-SU-001,val_6,val_45,val_12,9/28/2024,101096.94,1.132410505,773,924,6.100119384,709.1346605,4.649552052,2328.386434,168.6570423
val_4357,KIT-YB-001,val_5,val_46,val_2,9/28/2024,79327.07506,32.74093382,30,167,5.05713788,867.7231825,2.254038202,9229.260127,470.4916958
val_4358,KIT-SU-001,val_1,val_27,val_2,9/28/2024,9460.935388,19.4963427,823,245,4.498195684,170.9924878,4.576634337,3967.411015,812.0070694
val_4359,KIT-IK-001,val_2,val_26,val_33,9/28/2024,43860.139,26.2438101,605,336,4.706670003,699.9344513,4.524038378,11795.12961,287.46758
val_4360,KIT-IK-001,val_9,val_25,val_20,9/28/2024,48312.36604,10.07679516,186,466,5.077851895,343.4432917,2.352130469,7632.735733,733.8503199
val_4361,KIT-IK-001,val_2,val_11,val_38,9/28/2024,59554.18201,3.052012185,779,601,5.297397517,875.6388103,2.452756224,7416.466184,240.9265731
val_4362,KIT-LK-001,val_6,val_34,val_12,9/28/2024,142658.4591,2.386207644,105,310,1.879125411,533.331059,4.727584597,3628.159033,872.9664699
val_4363,KIT-LK-001,val_11,val_51,val_34,9/29/2024,31726.86368,28.55018167,618,793,4.422889046,765.8166941,3.967494687,2305.190799,439.0224954
val_4364,KIT-SU-001,val_17,val_15,val_29,9/29/2024,81462.4592,5.487719109,569,157,1.576330202,167.0257985,3.470112174,1117.606167,199.2883491
val_4365,KIT-SU-001,val_1,val_3,val_31,9/29/2024,148687.107,28.87526443,28,960,7.983378093,242.0396971,4.811585975,10296.92596,53.37984371
val_4366,KIT-IK-001,val_8,val_33,val_39,9/29/2024,93009.78684,9.431245119,375,856,5.700155015,838.168143,4.459580857,11759.54038,606.5226523
val_4367,KIT-SU-001,val_2,val_23,val_33,9/29/2024,31732.15319,19.0362673,120,600,8.195636679,395.2344744,1.299011764,2740.042212,682.8867581
val_4368,KIT-SU-001,val_8,val_47,val_35,9/29/2024,144048.5443,9.314697431,947,48,4.863880013,527.8246676,2.995175275,11922.44128,680.5297817
val_4369,KIT-YB-001,val_9,val_51,val_35,9/30/2024,50775.75402,1.942916714,802,729,2.377885366,725.536112,4.582853939,7467.786193,497.5155237
val_4370,KIT-SU-001,val_15,val_57,val_21,9/30/2024,7656.671085,19.07130597,996,705,3.696179908,169.6866639,1.444652172,9483.136749,402.760523
val_4371,KIT-IK-001,val_8,val_23,val_34,9/30/2024,64988.58424,12.97579029,488,622,3.104745885,302.5238992,1.288905176,11862.54537,619.0175361
val_4372,KIT-LK-001,val_18,val_54,val_40,9/30/2024,36478.02658,15.3418274,329,280,4.95913542,325.6486745,4.436225434,11708.16856,33.32946694
val_4373,KIT-LK-001,val_2,val_7,val_35,9/30/2024,122920.1341,21.13424986,958,430,8.100197675,916.6786649,4.109530641,6902.817492,239.447609
val_4374,KIT-SU-001,val_1,val_22,val_29,9/30/2024,33383.39722,11.11539262,307,415,2.049697473,137.5887169,1.66881913,6419.44069,255.5203359
val_4375,KIT-YB-001,val_0,val_15,val_3,9/30/2024,123068.1763,19.82042906,415,610,4.600901572,371.3182662,1.724387321,8173.903401,778.423266
val_4376,KIT-YB-001,val_7,val_55,val_20,10/1/2024,5907.566972,23.09050689,133,331,1.82612059,959.3167264,4.330431805,2793.361084,441.3336048
val_4377,KIT-SU-001,val_3,val_36,val_3,10/1/2024,139409.019,3.316163701,822,401,4.523104152,834.870005,1.836639067,4787.907056,45.81016266
val_4378,KIT-IK-001,val_1,val_21,val_4,10/1/2024,6807.932254,12.38336053,119,908,6.242701945,670.4644808,1.575926181,9965.493562,895.0601819
val_4379,KIT-LK-001,val_4,val_9,val_17,10/1/2024,140811.7067,3.330165976,35,454,1.620772992,548.9319834,4.630230112,1495.584441,385.3768002
val_4380,KIT-LK-001,val_19,val_46,val_22,10/1/2024,11516.84574,0.44128885,834,595,1.599776522,838.7306038,4.22020903,5616.817439,76.9747768
val_4381,KIT-YB-001,val_16,val_39,val_25,10/1/2024,130951.2486,1.982809314,841,911,7.574591004,946.3964125,2.615141984,3925.161446,418.4606278
val_4382,KIT-IK-001,val_0,val_51,val_43,10/1/2024,124784.1396,20.80907466,854,945,4.667479825,924.0714941,3.50416351,7073.501971,949.5348838
val_4383,KIT-SU-001,val_18,val_26,val_36,10/2/2024,89366.36372,3.133823416,859,564,4.162440421,639.1242408,2.721587844,2434.87612,801.4631988
val_4384,KIT-YB-001,val_4,val_8,val_20,10/2/2024,5879.919568,30.42385538,141,265,7.176877589,727.8777161,2.097853434,11151.08806,593.498587
val_4385,KIT-IK-001,val_8,val_20,val_16,10/2/2024,93360.84961,26.628654,362,100,1.762870156,775.3062574,4.947209061,9541.930505,759.1122915
val_4386,KIT-YB-001,val_6,val_37,val_34,10/2/2024,92868.03991,0.506875828,765,860,8.737434676,809.3473686,3.182558621,1158.930768,516.4320276
val_4387,KIT-SU-001,val_8,val_14,val_13,10/2/2024,83801.02251,20.14893283,309,524,7.978834097,733.0714602,3.550256511,4045.148954,803.9830408
val_4388,KIT-IK-001,val_15,val_4,val_42,10/2/2024,94913.07293,0.556766557,779,566,4.506802866,179.9490811,2.633074403,709.6746418,840.1881678
val_4389,KIT-SU-001,val_14,val_49,val_37,10/2/2024,145232.0568,3.999979513,910,954,5.218366957,759.5802995,3.002964314,1653.676601,337.3844376
val_4390,KIT-IK-001,val_11,val_31,val_32,10/3/2024,149328.3335,34.59107482,962,371,4.579439969,390.3774545,2.150873698,5198.977696,445.3923489
val_4391,KIT-SU-001,val_12,val_23,val_11,10/3/2024,78314.12309,16.10440716,778,100,8.067071918,199.7984638,2.71712271,4087.594821,226.4729387
val_4392,KIT-LK-001,val_14,val_33,val_29,10/3/2024,14224.19333,1.146949819,798,674,1.260945449,102.5323438,3.51124256,6343.292705,685.0317272
val_4393,KIT-YB-001,val_3,val_44,val_39,10/3/2024,20528.37202,29.79094525,598,972,7.04249786,240.3139148,4.248495463,3632.558984,137.0358065
val_4394,KIT-YB-001,val_7,val_0,val_3,10/3/2024,108192.4565,32.1236001,78,170,3.722929774,507.7498648,4.209326212,4119.720657,472.0429745
val_4395,KIT-IK-001,val_2,val_26,val_8,10/3/2024,147303.5563,19.28374371,436,988,8.015924096,246.8788659,1.045677507,11506.49043,966.5471147
val_4396,KIT-SU-001,val_14,val_15,val_24,10/3/2024,65690.25595,24.76678516,954,541,9.855179535,665.9100477,3.139583881,10523.88569,465.9576612
val_4397,KIT-IK-001,val_8,val_5,val_17,10/4/2024,15156.79251,27.34821556,912,561,3.510804103,964.3930543,2.493265945,357.8420925,68.29268067
val_4398,KIT-YB-001,val_12,val_2,val_34,10/4/2024,53280.1606,25.76657751,238,960,5.01266566,44.04668781,3.428175894,7306.857523,18.33886936
val_4399,KIT-IK-001,val_11,val_26,val_19,10/4/2024,58059.03643,17.40936983,747,332,5.92831729,130.6535858,4.526693887,1877.500049,950.1390396
val_4400,KIT-LK-001,val_5,val_32,val_47,10/4/2024,149491.0024,29.17741849,307,746,5.959441673,247.2812949,4.100151084,9515.331486,707.1604703
val_4401,KIT-YB-001,val_2,val_30,val_14,10/4/2024,103144.2113,18.55103252,417,8,2.40913601,804.3617135,2.322929166,10064.23138,709.6095638
val_4402,KIT-SU-001,val_19,val_46,val_17,10/4/2024,18120.97987,9.230713698,649,672,6.24921549,271.2704339,3.956647608,7992.456516,369.9116245
val_4403,KIT-LK-001,val_5,val_27,val_0,10/4/2024,50892.96918,0.341535597,497,15,7.515212621,191.5280075,1.405514452,8143.36135,501.1380268
val_4404,KIT-IK-001,val_2,val_35,val_11,10/5/2024,7759.527519,12.67892937,604,4,9.496256356,152.8662916,1.512627788,10247.01873,558.399761
val_4405,KIT-YB-001,val_6,val_48,val_11,10/5/2024,98132.54596,3.073981366,98,388,7.528421029,149.9178218,1.902227136,1401.673407,767.0315205
val_4406,KIT-YB-001,val_18,val_39,val_36,10/5/2024,101074.5207,2.402019369,296,372,6.429762532,719.8187956,2.598984984,8550.48508,509.3898733
val_4407,KIT-LK-001,val_5,val_54,val_16,10/5/2024,9095.763389,16.52900326,811,783,3.099256951,708.122282,3.042718992,1615.214872,306.723903
val_4408,KIT-LK-001,val_19,val_13,val_9,10/5/2024,50660.23122,33.03986971,620,892,1.881281433,311.1316071,2.591386898,699.2221791,532.5760613
val_4409,KIT-SU-001,val_9,val_47,val_15,10/5/2024,135474.3359,3.871902096,842,943,6.709011682,449.4421963,3.511189568,7735.494196,681.2206583
val_4410,KIT-SU-001,val_17,val_41,val_27,10/5/2024,124108.9965,9.7265,966,623,6.626644523,628.191147,1.496705147,3410.599765,57.91032398
val_4411,KIT-LK-001,val_13,val_34,val_37,10/6/2024,86344.77919,29.08671997,355,154,8.554229627,975.0589124,3.085919959,741.3806246,473.6242792
val_4412,KIT-YB-001,val_0,val_0,val_46,10/6/2024,72951.19239,14.18367169,264,671,5.014918704,743.1466554,2.089621397,944.9088543,344.5870185
val_4413,KIT-YB-001,val_10,val_32,val_2,10/6/2024,148931.3609,26.60636985,309,488,2.548390578,803.0290887,2.458594622,11760.3706,896.1373888
val_4414,KIT-LK-001,val_8,val_51,val_40,10/6/2024,108468.2361,19.07323471,572,529,3.022540812,977.7294187,3.035538046,2832.519622,388.3754971
val_4415,KIT-YB-001,val_4,val_38,val_18,10/6/2024,142918.9641,21.21680969,252,502,5.28759014,381.0971243,1.530626335,5012.440736,628.9281177
val_4416,KIT-LK-001,val_10,val_0,val_38,10/6/2024,11201.98955,5.807789058,390,883,3.808473985,69.09976549,2.552933779,3345.038411,455.4985291
val_4417,KIT-SU-001,val_2,val_17,val_1,10/7/2024,32216.59788,12.45942077,173,380,2.622404218,746.8993982,4.042938842,11236.89115,813.2600423
val_4418,KIT-LK-001,val_13,val_34,val_30,10/7/2024,5151.099844,21.83708932,386,965,1.970661448,121.0963266,2.110277587,1071.095255,929.7641983
val_4419,KIT-YB-001,val_16,val_48,val_44,10/7/2024,130253.6834,1.131533241,948,540,4.711158288,438.5954015,4.058271237,6609.842604,83.6057932
val_4420,KIT-LK-001,val_1,val_26,val_1,10/7/2024,104287.6005,6.753762713,424,688,4.03766463,738.373725,1.923632581,5837.935835,19.66732749
val_4421,KIT-YB-001,val_9,val_51,val_37,10/7/2024,27058.9221,13.65001238,759,925,9.687479231,558.354407,4.016690693,8366.884776,704.6311219
val_4422,KIT-YB-001,val_13,val_47,val_5,10/7/2024,146141.4958,23.67589169,430,815,8.707714797,367.1453812,1.77760008,10800.14106,631.4889805
val_4423,KIT-IK-001,val_1,val_16,val_47,10/7/2024,143391.6848,17.93368975,433,438,2.651422674,514.3526801,4.804857379,204.6936398,554.4359038
val_4424,KIT-IK-001,val_7,val_11,val_35,10/8/2024,34077.37184,25.21187822,659,204,7.780180108,245.2255566,1.615062651,395.4047823,430.7668423
val_4425,KIT-LK-001,val_5,val_54,val_43,10/8/2024,97227.95808,25.49479918,110,137,5.321780517,74.13866529,4.999377621,4651.929996,749.7838281
val_4426,KIT-YB-001,val_0,val_35,val_43,10/8/2024,100381.3861,1.280704896,355,364,9.334887755,412.4872917,1.915959728,4939.100152,703.6544095
val_4427,KIT-YB-001,val_16,val_50,val_15,10/8/2024,1100.504876,31.57959198,139,666,6.473846837,58.31459091,3.840813108,10707.63449,416.6252058
val_4428,KIT-IK-001,val_8,val_55,val_19,10/8/2024,103472.5789,28.88268729,199,799,2.835940851,979.6567726,2.220434744,3490.617244,324.9836808
val_4429,KIT-LK-001,val_15,val_25,val_33,10/8/2024,33590.35912,9.633177513,710,31,2.763714461,447.6361219,1.328745475,10210.35268,961.8786653
val_4430,KIT-SU-001,val_11,val_2,val_8,10/8/2024,135247.1532,17.06146722,174,462,9.70569262,882.3681686,1.099568753,1253.380036,405.7615699
val_4431,KIT-LK-001,val_17,val_54,val_14,10/9/2024,125856.8163,10.92361831,203,941,9.264487961,951.7877637,1.58914612,1113.360419,209.0070958
val_4432,KIT-LK-001,val_19,val_35,val_4,10/9/2024,135841.3909,31.75114714,573,822,5.345732732,449.3704402,2.632300731,8992.420245,960.1368351
val_4433,KIT-LK-001,val_12,val_7,val_42,10/9/2024,113754.3174,13.52210091,348,940,6.075463394,420.3581741,3.320851677,9199.198828,706.2365523
val_4434,KIT-IK-001,val_7,val_31,val_11,10/9/2024,25153.36306,13.98264902,122,957,5.92388064,893.4251442,2.914073943,1314.939504,558.3705551
val_4435,KIT-IK-001,val_8,val_1,val_19,10/9/2024,54402.86979,31.9345389,957,92,7.871293542,34.68194525,3.521834636,11918.04593,767.7312616
val_4436,KIT-IK-001,val_16,val_17,val_21,10/9/2024,106485.2553,21.10414753,924,681,5.270373318,487.2034829,1.38330164,1149.462328,221.9578763
val_4437,KIT-IK-001,val_8,val_20,val_18,10/9/2024,48837.09397,4.997862645,581,551,2.103671352,268.6146215,3.705706492,10633.36401,557.9994566
val_4438,KIT-IK-001,val_10,val_27,val_37,10/10/2024,106649.9236,21.98538607,525,477,3.918550917,752.7584321,4.140734447,2488.27275,273.5543254
val_4439,KIT-IK-001,val_3,val_33,val_43,10/10/2024,50755.72938,27.84678149,809,798,6.114484353,836.722755,1.922611429,459.3965113,862.9599931
val_4440,KIT-SU-001,val_19,val_50,val_27,10/10/2024,27070.55343,11.95687261,974,935,4.159669496,620.0018693,4.167659869,10286.55435,136.7248967
val_4441,KIT-IK-001,val_13,val_21,val_40,10/10/2024,77965.49085,18.53979308,103,465,8.321936278,406.9343965,2.000021994,2375.134244,217.5054686
val_4442,KIT-LK-001,val_6,val_44,val_5,10/10/2024,103091.05,22.01408608,97,649,9.531145028,554.9999793,2.776301619,6447.126799,243.7832505
val_4443,KIT-LK-001,val_11,val_56,val_46,10/10/2024,77820.75525,17.96250168,330,479,3.177982916,574.1427025,4.223231267,9956.272449,437.627016
val_4444,KIT-IK-001,val_8,val_44,val_5,10/10/2024,96459.1611,34.96953293,304,636,9.002314892,635.134229,3.748882889,2025.675393,133.0197308
val_4445,KIT-YB-001,val_3,val_15,val_3,10/11/2024,65988.62721,17.83639108,896,971,7.441361525,922.1930251,3.014927831,8944.463806,544.4379735
val_4446,KIT-IK-001,val_17,val_40,val_1,10/11/2024,116860.5337,22.58938013,508,812,6.282599496,249.12325,2.478664471,6472.187917,732.8037264
val_4447,KIT-SU-001,val_17,val_16,val_11,10/11/2024,97669.98019,27.81691239,811,230,2.173515508,201.5716224,3.254653012,3219.22224,8.112717405
val_4448,KIT-YB-001,val_16,val_28,val_40,10/11/2024,86403.6918,4.953094819,667,867,4.698551907,190.2254836,3.079089897,690.3646432,887.2256781
val_4449,KIT-YB-001,val_7,val_38,val_14,10/11/2024,65588.07146,1.728079135,724,526,9.958172544,697.2523838,4.885767676,3302.616212,852.2348614
val_4450,KIT-IK-001,val_5,val_17,val_37,10/11/2024,80591.26964,34.06004708,957,584,6.835162658,904.8888508,4.304607563,5212.177497,50.8240954
val_4451,KIT-LK-001,val_0,val_0,val_20,10/11/2024,8125.953393,25.68261841,587,115,6.325150603,326.7893956,1.465722786,4541.539708,68.35422196
val_4452,KIT-IK-001,val_14,val_50,val_4,10/12/2024,100174.5917,13.88621275,777,445,1.320555025,420.6741306,2.649528816,8659.396647,573.9038835
val_4453,KIT-SU-001,val_6,val_43,val_22,10/12/2024,31059.55353,0.814874092,269,302,3.887995002,968.1875016,3.349229215,5035.947795,313.5687985
val_4454,KIT-YB-001,val_17,val_7,val_11,10/12/2024,129092.2696,5.990709593,259,87,5.39340211,145.2806956,3.821449658,4688.026765,490.4376229
val_4455,KIT-IK-001,val_17,val_22,val_13,10/12/2024,121945.3933,0.539223185,586,851,6.774983488,879.5548418,1.709447245,9784.539663,567.4593914
val_4456,KIT-YB-001,val_2,val_15,val_24,10/12/2024,79429.2226,13.99671287,902,129,8.714043445,959.2852041,4.323049735,5674.348086,637.761849
val_4457,KIT-LK-001,val_18,val_58,val_37,10/12/2024,127146.0947,19.50896566,50,717,5.122616431,799.5048334,3.519979067,11828.78681,731.6238327
val_4458,KIT-LK-001,val_2,val_56,val_28,10/12/2024,100785.085,5.788295398,501,745,3.470081119,336.4058586,1.269748029,6978.648958,857.049651
val_4459,KIT-LK-001,val_9,val_41,val_10,10/13/2024,21618.37671,22.46703438,202,612,3.531539059,653.5811096,1.236391763,11259.06469,606.6624431
val_4460,KIT-SU-001,val_9,val_26,val_34,10/13/2024,111245.5268,33.40759559,885,841,2.240298247,291.4197555,3.744712995,10609.91337,105.0496611
val_4461,KIT-YB-001,val_19,val_3,val_33,10/13/2024,149373.0666,34.66767608,518,114,2.309849164,120.8364875,4.022198596,5085.616127,136.2139692
val_4462,KIT-SU-001,val_13,val_14,val_11,10/13/2024,6626.107659,29.19419182,42,16,3.747868216,107.3728849,2.241659309,7429.468816,613.7202542
val_4463,KIT-LK-001,val_17,val_5,val_40,10/13/2024,37115.45548,15.64716001,1,851,7.899261122,9.343491856,1.647820954,1861.453964,708.7892159
val_4464,KIT-YB-001,val_11,val_47,val_40,10/13/2024,89862.24188,19.24984636,640,183,4.718985771,978.356351,1.879343328,6418.83175,754.0802182
val_4465,KIT-LK-001,val_16,val_5,val_28,10/14/2024,62571.57077,17.71508278,232,298,8.736101336,655.0809022,2.568900982,5202.931637,518.6616733
val_4466,KIT-YB-001,val_17,val_40,val_14,10/14/2024,95814.65288,5.617202045,41,690,9.542378462,321.2371192,3.527501211,5908.244947,600.3890538
val_4467,KIT-YB-001,val_17,val_57,val_16,10/14/2024,88167.4478,29.93361315,152,535,1.678781342,579.0785971,1.750880835,2374.434321,974.5504701
val_4468,KIT-YB-001,val_8,val_18,val_21,10/14/2024,118304.4255,23.71752461,154,201,7.397405875,619.0739499,4.165270678,10421.41282,348.2351359
val_4469,KIT-LK-001,val_7,val_41,val_9,10/14/2024,11099.98656,22.40015944,345,233,1.767392981,182.9289596,1.995493649,1143.651985,214.1700769
val_4470,KIT-IK-001,val_19,val_52,val_14,10/14/2024,66372.10245,7.867524658,718,836,1.64555345,288.8681816,4.238261504,9418.167242,968.9899645
val_4471,KIT-SU-001,val_15,val_25,val_6,10/14/2024,129078.0416,5.529943597,859,521,3.481923264,547.277754,4.696141695,11340.66042,918.7629232
val_4472,KIT-IK-001,val_18,val_26,val_7,10/15/2024,54732.90485,30.5813214,532,923,1.914423024,839.7944994,1.65664086,1454.775103,7.085887303
val_4473,KIT-IK-001,val_11,val_12,val_35,10/15/2024,75816.42639,6.443605412,948,562,6.966746423,129.5886652,4.670924075,5317.478068,401.8805105
val_4474,KIT-IK-001,val_18,val_25,val_6,10/15/2024,3726.004631,2.765402681,792,664,7.445076076,858.3357452,3.821477113,7102.410254,734.842908
val_4475,KIT-IK-001,val_14,val_52,val_22,10/15/2024,34013.99732,21.971061,165,340,6.75337845,608.9861087,4.548760058,11897.7493,177.4647576
val_4476,KIT-YB-001,val_14,val_39,val_20,10/15/2024,69816.44068,24.71114535,736,29,6.17821181,489.6593442,2.387249629,10411.51892,31.89964327
val_4477,KIT-SU-001,val_3,val_12,val_2,10/15/2024,60145.73488,4.362859879,231,506,8.03115193,143.9403999,4.454643903,5087.900897,36.42708075
val_4478,KIT-IK-001,val_11,val_31,val_39,10/15/2024,107340.9041,7.398707305,964,731,7.953205683,549.903857,2.907126025,11621.42147,564.7939103
val_4479,KIT-YB-001,val_14,val_42,val_47,10/16/2024,91976.05725,27.64898007,847,406,8.832304218,353.6316078,1.758661977,4108.936128,230.2789232
val_4480,KIT-SU-001,val_15,val_4,val_30,10/16/2024,132102.2371,32.54956495,64,860,7.238762226,188.9671657,4.986327671,4211.895749,257.8882632
val_4481,KIT-YB-001,val_19,val_45,val_32,10/16/2024,128288.2199,16.78180735,172,698,4.202869276,879.9734463,4.792308096,6173.852418,15.15057087
val_4482,KIT-LK-001,val_6,val_12,val_11,10/16/2024,36562.36619,27.76177306,441,506,5.72212486,460.5726508,1.499268893,9398.993545,725.9030003
val_4483,KIT-YB-001,val_6,val_17,val_40,10/16/2024,3136.989991,11.3151241,742,544,5.415400212,79.75603223,2.824782862,2467.583625,843.6281169
val_4484,KIT-YB-001,val_19,val_24,val_37,10/16/2024,128243.3801,24.67254114,552,227,1.970801701,302.1386922,4.944784178,8961.105532,733.5250327
val_4485,KIT-IK-001,val_19,val_30,val_21,10/16/2024,49703.56918,19.59127199,85,878,8.305687837,181.5048801,3.19380304,231.861679,136.2836927
val_4486,KIT-YB-001,val_3,val_54,val_33,10/17/2024,52392.90153,29.54373979,629,59,9.215684702,939.2451655,2.988352759,3297.260856,957.2270459
val_4487,KIT-SU-001,val_7,val_13,val_45,10/17/2024,24180.02233,27.20135814,648,49,9.859680017,243.0619712,1.781434462,11698.73091,962.1332938
val_4488,KIT-SU-001,val_18,val_15,val_28,10/17/2024,104104.5863,10.08792869,930,784,3.231708942,506.3967076,2.678090044,7946.301183,259.1308089
val_4489,KIT-YB-001,val_3,val_22,val_9,10/17/2024,42376.28329,5.401041689,265,26,1.860761752,745.5224911,2.99277622,5658.214586,983.069407
val_4490,KIT-LK-001,val_15,val_51,val_15,10/17/2024,26923.09361,28.30645569,38,509,1.999376666,158.5108763,3.856201295,8834.803368,444.1920198
val_4491,KIT-IK-001,val_2,val_57,val_8,10/17/2024,75756.91579,1.341181471,750,188,8.23867276,437.4875956,2.800135793,5336.024022,41.67984619
val_4492,KIT-YB-001,val_3,val_27,val_15,10/17/2024,112687.1779,23.83055067,703,681,6.685675165,653.2814027,3.539954726,1458.924554,575.4037064
val_4493,KIT-IK-001,val_15,val_41,val_42,10/18/2024,40804.99033,16.7618157,519,118,7.805081297,881.9537244,1.40606533,6071.31903,526.7057997
val_4494,KIT-IK-001,val_12,val_55,val_9,10/18/2024,108444.8306,2.820415836,692,264,9.146767631,654.1031722,4.055140581,11473.74286,858.2946772
val_4495,KIT-IK-001,val_11,val_50,val_42,10/18/2024,69565.2789,24.16193053,179,526,3.03642333,80.0838481,1.01310187,3416.701132,355.6731038
val_4496,KIT-IK-001,val_17,val_40,val_13,10/18/2024,60864.02212,17.00401822,125,378,4.276767821,321.5614631,3.568620631,823.9237755,766.6338212
val_4497,KIT-LK-001,val_6,val_32,val_23,10/18/2024,54248.36979,30.13152629,402,200,8.131339873,350.9322019,4.305254605,8947.88782,786.7251545
val_4498,KIT-SU-001,val_10,val_59,val_25,10/18/2024,22264.35432,7.460391133,895,62,3.33452707,388.2734492,4.067171823,5561.976605,34.95041397
val_4499,KIT-SU-001,val_12,val_14,val_6,10/18/2024,50228.74814,0.2800251,514,16,5.554367712,941.6185392,1.589269733,4149.517706,673.1427786
val_4500,KIT-IK-001,val_14,val_21,val_8,10/19/2024,131948.1038,4.740941262,639,192,4.99105606,35.70335216,4.376989837,5952.961238,479.4721268
val_4501,KIT-LK-001,val_6,val_42,val_14,10/19/2024,15773.95521,9.582429142,996,282,6.357746447,302.1736144,1.316783285,11173.9944,202.4277883
val_4502,KIT-IK-001,val_12,val_1,val_2,10/19/2024,143765.8523,22.89810402,303,120,9.893825827,492.4559213,1.265428317,3152.9413,416.8945631
val_4503,KIT-YB-001,val_8,val_30,val_36,10/19/2024,16570.73086,12.81998432,480,509,1.933435058,86.39602424,4.290426491,2566.13605,857.2180494
val_4504,KIT-SU-001,val_10,val_51,val_26,10/19/2024,54623.73052,4.314992583,686,886,5.361781452,483.5379607,1.730081588,6500.155557,689.7726347
val_4505,KIT-IK-001,val_17,val_10,val_40,10/19/2024,91142.77298,34.35875652,151,714,9.63088131,107.1289172,2.788235848,5667.038377,627.1964018
val_4506,KIT-YB-001,val_7,val_48,val_41,10/20/2024,125757.2898,3.966315093,402,307,4.130891899,837.7822147,4.746532814,1967.611836,81.51375008
val_4507,KIT-LK-001,val_13,val_24,val_16,10/20/2024,21965.6313,12.55818794,555,438,7.665375798,270.0843919,1.8358548,7051.756346,666.6714417
val_4508,KIT-LK-001,val_18,val_51,val_39,10/20/2024,21594.7825,30.70582813,304,770,9.363433823,523.0111825,4.122334981,6978.986459,758.525062
val_4509,KIT-LK-001,val_15,val_38,val_2,10/20/2024,94442.52964,22.911015,220,963,3.16546681,618.3178544,3.337759266,7344.083775,949.9847345
val_4510,KIT-YB-001,val_19,val_9,val_20,10/20/2024,44265.62154,11.32896733,438,551,1.732422285,305.7256171,2.62278304,5079.954675,798.0427386
val_4511,KIT-IK-001,val_11,val_44,val_31,10/20/2024,96853.0635,33.96806793,880,199,1.681237258,351.3146998,2.836923001,3622.574982,79.94278817
val_4512,KIT-IK-001,val_5,val_3,val_22,10/20/2024,123177.1888,17.63822969,416,868,1.656942618,510.5160539,2.641242284,4074.275874,943.5288578
val_4513,KIT-IK-001,val_19,val_14,val_35,10/21/2024,11992.14139,0.482224376,834,514,4.154687675,805.4346988,4.309212207,10045.4142,791.9259746
val_4514,KIT-LK-001,val_12,val_53,val_41,10/21/2024,126751.8714,0.414484098,677,29,2.135931674,452.691877,4.255942149,7576.142049,3.338506875
val_4515,KIT-SU-001,val_4,val_52,val_20,10/21/2024,6119.010775,32.94712467,128,253,4.645232497,490.8959243,2.493679028,4896.678808,712.6850066
val_4516,KIT-IK-001,val_6,val_2,val_13,10/21/2024,134874.5147,9.985085941,914,533,7.7871482,595.8649365,3.788994514,7436.549904,303.9703777
val_4517,KIT-IK-001,val_5,val_22,val_27,10/21/2024,146354.9122,28.45986082,588,807,3.684035777,425.2114398,3.127468265,4325.444391,605.0317752
val_4518,KIT-LK-001,val_16,val_5,val_41,10/21/2024,100284.5528,1.715888762,569,852,5.314763637,726.0783563,3.992874325,10379.2453,282.7870574
val_4519,KIT-LK-001,val_1,val_16,val_47,10/21/2024,147646.1681,5.312715403,697,187,2.146319172,4.907607294,1.200185612,8786.057848,730.0441895
val_4520,KIT-SU-001,val_14,val_58,val_39,10/22/2024,123387.7804,30.01592694,41,723,7.284607407,483.0197345,2.34413712,1391.19415,186.7271318
val_4521,KIT-LK-001,val_11,val_11,val_11,10/22/2024,7132.64227,34.79437783,251,962,3.859073076,923.0161801,2.34322532,862.806135,834.533525
val_4522,KIT-YB-001,val_1,val_38,val_9,10/22/2024,1069.736158,2.006918016,795,799,2.217031888,615.9037682,3.387248994,594.325414,72.90128746
val_4523,KIT-SU-001,val_12,val_48,val_27,10/22/2024,3609.374169,6.033766673,627,717,9.592035012,486.3997424,1.83054537,524.8945456,24.09316585
val_4524,KIT-IK-001,val_15,val_52,val_19,10/22/2024,68060.09051,25.3573338,389,796,7.926602067,772.0248355,3.126775419,6063.537783,131.9266689
val_4525,KIT-YB-001,val_14,val_21,val_29,10/22/2024,93695.70036,18.62670288,463,557,6.870949328,393.0007425,4.919438104,2333.933499,384.5449819
val_4526,KIT-SU-001,val_10,val_41,val_44,10/22/2024,72480.03749,14.3276184,620,607,7.506996793,467.2456147,1.174023725,8159.487667,656.6824676
val_4527,KIT-IK-001,val_6,val_29,val_26,10/23/2024,101730.9837,6.967470321,482,532,4.829430882,195.1597214,3.013775274,5896.595306,480.598178
val_4528,KIT-IK-001,val_3,val_6,val_17,10/23/2024,67715.5938,33.10115048,457,956,3.684979892,124.2041509,1.55315339,1303.027281,475.7098973
val_4529,KIT-YB-001,val_0,val_13,val_41,10/23/2024,6863.288565,6.194945626,551,362,5.499879952,25.52272417,3.329604982,268.8157154,865.579734
val_4530,KIT-SU-001,val_7,val_44,val_21,10/23/2024,34311.92238,9.43068489,281,777,8.427322151,731.5089039,1.963451334,633.3520011,559.2682187
val_4531,KIT-YB-001,val_12,val_41,val_29,10/23/2024,148897.3234,11.48557472,570,21,9.674134187,468.1901142,4.610035288,6493.373652,507.6070279
val_4532,KIT-IK-001,val_0,val_31,val_6,10/23/2024,52206.64374,5.022695235,692,419,6.447531738,939.3532496,2.271963913,7121.930843,419.4304873
val_4533,KIT-SU-001,val_19,val_46,val_24,10/23/2024,49052.47779,18.86091036,710,916,4.387236678,176.8160497,4.833251158,4365.570013,978.4139554
val_4534,KIT-IK-001,val_11,val_41,val_20,10/24/2024,23342.41133,12.07811264,621,243,7.463853923,243.9834297,1.016538999,1131.025749,242.809421
val_4535,KIT-IK-001,val_5,val_20,val_5,10/24/2024,148077.9865,21.35309302,452,795,7.273610117,638.7259465,4.328458888,11229.32853,155.5663051
val_4536,KIT-LK-001,val_19,val_17,val_10,10/24/2024,34953.66858,13.00146145,655,502,3.227178449,54.59768563,2.046734677,4987.421031,492.3679815
val_4537,KIT-YB-001,val_3,val_56,val_33,10/24/2024,97200.5718,4.25153881,723,134,4.919626237,503.413254,1.806489903,5265.8415,677.7642838
val_4538,KIT-LK-001,val_19,val_58,val_8,10/24/2024,6786.094994,30.56638872,310,106,2.206122558,123.5815174,4.536582562,4701.200284,21.66786303
val_4539,KIT-YB-001,val_5,val_1,val_6,10/24/2024,10437.61334,17.93589215,486,122,4.620505042,161.3974543,2.217495818,901.7149783,856.9922566
val_4540,KIT-YB-001,val_7,val_47,val_2,10/24/2024,107654.3787,11.40039705,678,465,7.864739244,512.0998733,3.335513681,8583.280306,283.1161608
val_4541,KIT-YB-001,val_8,val_7,val_1,10/25/2024,95457.64035,0.769493379,663,308,3.825124693,569.0708093,3.947118162,8044.759842,645.3841791
val_4542,KIT-YB-001,val_19,val_51,val_20,10/25/2024,102184.2781,21.00505719,496,895,6.697294384,212.0347449,2.676806891,2140.681289,173.2862719
val_4543,KIT-LK-001,val_5,val_35,val_23,10/25/2024,35030.07587,27.43115068,263,763,3.948847072,271.2386159,1.405351891,3369.271275,871.9195764
val_4544,KIT-YB-001,val_19,val_41,val_29,10/25/2024,147740.9029,22.82213151,910,143,2.323933053,284.1075876,4.68934817,6653.653999,358.8918791
val_4545,KIT-IK-001,val_6,val_42,val_27,10/25/2024,83977.08674,27.61263216,542,503,7.672487997,141.809828,3.59000359,4645.841612,186.9611549
val_4546,KIT-SU-001,val_5,val_36,val_25,10/25/2024,145447.4518,5.59350716,541,766,6.303810193,965.7208522,4.569589709,11975.56453,19.74455993
val_4547,KIT-YB-001,val_12,val_15,val_47,10/25/2024,25043.49767,34.01526366,468,654,8.429118965,692.1999309,4.070906756,6058.436014,308.7854344
val_4548,KIT-SU-001,val_13,val_48,val_11,10/26/2024,61062.37672,7.554398425,760,9,7.110586965,110.8418314,4.095926855,10610.3065,379.2089729
val_4549,KIT-YB-001,val_6,val_33,val_34,10/26/2024,50684.98509,9.483930065,302,6,8.354729398,357.1601819,3.35952994,2614.430699,35.11765764
val_4550,KIT-SU-001,val_2,val_32,val_3,10/26/2024,113383.7015,18.02906878,938,584,2.394532717,172.6027956,1.024775608,6763.407967,555.3602596
val_4551,KIT-IK-001,val_7,val_19,val_40,10/26/2024,112261.9297,0.380804339,62,924,6.531253059,234.3861333,4.53063332,3997.185821,454.7054292
val_4552,KIT-IK-001,val_10,val_0,val_17,10/26/2024,73238.2971,15.59720739,12,50,4.30640731,939.4777761,4.323696892,11227.11953,493.0624608
val_4553,KIT-SU-001,val_0,val_33,val_16,10/26/2024,2914.12663,7.011239577,510,165,7.718558225,136.7529533,3.908035598,6703.930154,133.4728846
val_4554,KIT-LK-001,val_1,val_20,val_6,10/27/2024,26693.25352,26.26583052,860,188,6.220774405,879.8117297,4.512637572,7916.563096,383.0765343
val_4555,KIT-IK-001,val_18,val_39,val_24,10/27/2024,8014.717233,26.56981777,9,319,1.487620885,841.8350349,1.736832253,1097.045266,967.8420905
val_4556,KIT-SU-001,val_0,val_21,val_19,10/27/2024,127128.6781,21.62757259,679,891,5.801913786,743.6682519,2.127435191,5954.708665,357.4157059
val_4557,KIT-SU-001,val_8,val_58,val_46,10/27/2024,43820.84931,14.8746441,390,948,7.698622006,496.7220239,1.628485855,7037.782055,792.9612485
val_4558,KIT-YB-001,val_15,val_40,val_8,10/27/2024,18129.43422,10.99614379,21,306,3.365095515,258.3676548,3.586475241,3626.754194,124.1661398
val_4559,KIT-LK-001,val_6,val_27,val_20,10/27/2024,53448.76861,28.99567672,371,733,6.890738562,830.9798657,2.75356763,8882.046497,122.8214935
val_4560,KIT-LK-001,val_9,val_42,val_43,10/27/2024,12054.75277,17.84685795,647,10,8.568331929,834.0749656,1.410576504,5705.643962,998.925735
val_4561,KIT-SU-001,val_1,val_38,val_38,10/28/2024,146839.1417,17.47704415,634,511,1.586507894,525.3159953,3.302548087,6823.462738,648.3629664
val_4562,KIT-IK-001,val_15,val_37,val_36,10/28/2024,47593.68125,4.147464533,849,628,6.202201339,47.61338642,2.355943025,4458.977905,664.8344398
val_4563,KIT-IK-001,val_12,val_34,val_25,10/28/2024,139993.4715,7.799730065,988,863,8.988408081,192.9611805,2.962031509,8182.762374,425.923884
val_4564,KIT-IK-001,val_17,val_55,val_41,10/28/2024,102567.9393,12.74502736,54,822,2.137779006,56.08345951,2.045527485,1417.423569,761.1462873
val_4565,KIT-YB-001,val_17,val_19,val_10,10/28/2024,85132.99462,24.52007893,858,61,3.423229075,179.838018,1.644594949,6173.483869,928.1773786
val_4566,KIT-LK-001,val_7,val_25,val_38,10/28/2024,71586.80107,29.61543049,9,413,6.633316355,508.4212808,2.803257683,10768.55713,82.00324181
val_4567,KIT-LK-001,val_0,val_15,val_27,10/28/2024,103263.326,34.75153763,976,76,6.266655011,854.1734561,1.904593481,2975.169593,172.4015159
val_4568,KIT-LK-001,val_6,val_34,val_16,10/29/2024,103098.1624,15.07463713,774,9,8.1405651,653.2368325,2.620054375,10447.68676,866.0721457
val_4569,KIT-LK-001,val_2,val_59,val_10,10/29/2024,2072.898584,15.97151128,951,155,6.661475876,600.9029695,2.529101268,10643.60901,79.14162458
val_4570,KIT-LK-001,val_10,val_36,val_25,10/29/2024,136213.67,26.85890683,67,933,6.182605138,747.9535421,4.761700417,2919.095071,359.1344948
val_4571,KIT-IK-001,val_2,val_12,val_0,10/29/2024,55510.53136,11.37869878,74,264,5.066662482,639.9114746,1.747378342,1152.550311,83.20640629
val_4572,KIT-YB-001,val_18,val_55,val_34,10/29/2024,53314.33167,19.01002557,986,740,1.704243536,443.4272645,2.145769406,9220.137119,407.9707894
val_4573,KIT-SU-001,val_12,val_47,val_11,10/29/2024,61285.28631,23.76020285,282,709,6.319794798,815.3634453,4.167457222,11511.26799,447.1603942
val_4574,KIT-YB-001,val_5,val_26,val_18,10/29/2024,102949.7794,8.421489933,381,868,2.409632479,310.1844705,2.183449549,3217.456461,180.1323071
val_4575,KIT-YB-001,val_18,val_8,val_9,10/30/2024,56714.65154,9.929730239,297,532,9.962645419,928.1149073,2.921052093,10973.44652,81.6448092
val_4576,KIT-LK-001,val_15,val_24,val_22,10/30/2024,56387.74376,12.59543417,156,976,1.706500739,116.1905825,4.047788489,2656.37548,417.3873501
val_4577,KIT-LK-001,val_8,val_48,val_17,10/30/2024,9987.999504,20.30343226,71,426,1.681446734,637.6798929,1.017550561,4439.79493,514.4899889
val_4578,KIT-IK-001,val_2,val_34,val_9,10/30/2024,62787.92883,9.610457782,135,788,8.085964889,500.516353,4.826236073,10653.69081,737.0314388
val_4579,KIT-IK-001,val_6,val_11,val_42,10/30/2024,22847.03232,7.444238831,847,783,1.910487308,425.7616567,2.851332182,3787.913427,725.9960263
val_4580,KIT-YB-001,val_11,val_9,val_36,10/30/2024,128410.5935,5.402885909,27,544,4.645686509,429.7163798,4.037799034,9117.208774,69.91735703
val_4581,KIT-YB-001,val_15,val_58,val_18,10/30/2024,50509.40694,28.36398445,896,317,9.347491251,42.20752404,4.683229042,1934.226355,437.9643628
val_4582,KIT-LK-001,val_5,val_26,val_2,10/31/2024,144149.676,31.0318081,220,159,8.09094221,751.5138049,4.5072168,4669.441714,843.768847
val_4583,KIT-SU-001,val_14,val_41,val_40,10/31/2024,102836.9364,31.68432371,605,85,3.095579759,352.3470802,1.881515899,11300.70345,596.9893552
val_4584,KIT-IK-001,val_5,val_21,val_33,10/31/2024,113544.6545,28.79285174,257,499,3.259268794,476.636357,3.220749045,2870.131998,854.8574349
val_4585,KIT-SU-001,val_4,val_5,val_26,10/31/2024,142188.8016,4.977664967,891,397,6.330432294,847.594087,2.642619196,8480.079595,950.8590956
val_4586,KIT-YB-001,val_8,val_24,val_29,10/31/2024,36220.74749,3.601767557,40,209,5.377952251,577.1085011,3.129450457,11050.73501,334.2752871
val_4587,KIT-LK-001,val_3,val_41,val_0,10/31/2024,85309.99997,17.57091866,715,767,2.05071725,851.4365952,4.118522892,9462.465947,132.9562621
val_4588,KIT-LK-001,val_8,val_20,val_22,10/31/2024,6588.507772,18.34565797,935,162,2.427826062,137.0793946,2.41791657,11386.27046,83.9230416
val_4589,KIT-IK-001,val_7,val_36,val_9,11/1/2024,15563.42385,25.7022471,440,474,8.226066986,281.8175497,2.908838829,11336.23087,126.4195424
val_4590,KIT-SU-001,val_5,val_26,val_31,11/1/2024,55304.74454,7.956250227,451,429,4.103116861,227.9324144,3.431916755,1540.908223,682.4848983
val_4591,KIT-IK-001,val_15,val_20,val_44,11/1/2024,102534.0267,32.59704851,150,978,8.191110267,886.3342807,2.082253568,7299.620156,119.5650744
val_4592,KIT-LK-001,val_6,val_15,val_25,11/1/2024,124838.1936,10.9855568,879,104,2.708445655,781.5571951,3.426418878,5237.361073,952.4075221
val_4593,KIT-IK-001,val_13,val_15,val_29,11/1/2024,38832.42827,20.30775149,959,856,6.394892757,834.1008569,1.59564933,8256.31116,658.982948
val_4594,KIT-SU-001,val_14,val_15,val_32,11/1/2024,112487.0434,30.27463354,497,685,5.545978552,568.6835601,3.486585331,8962.080189,955.5292466
val_4595,KIT-SU-001,val_13,val_43,val_44,11/2/2024,34031.52804,18.41599418,692,791,3.937469291,220.7489118,1.572926687,3093.801736,563.5059737
val_4596,KIT-IK-001,val_5,val_20,val_1,11/2/2024,1405.313114,26.42379908,758,778,6.477193348,376.9983743,4.102639823,9638.440141,202.3188576
val_4597,KIT-SU-001,val_16,val_44,val_14,11/2/2024,8634.747231,26.26611177,354,773,2.120813584,550.3008732,1.77608462,5028.591727,168.1767475
val_4598,KIT-IK-001,val_4,val_18,val_12,11/2/2024,88041.01411,27.69273938,3,435,8.708215626,18.97857721,3.584473322,7949.514187,767.8890135
val_4599,KIT-YB-001,val_5,val_19,val_34,11/2/2024,74823.55814,28.42447962,128,581,7.690450108,639.6422677,3.324791307,5246.933845,0.107823304
val_4600,KIT-YB-001,val_17,val_55,val_21,11/2/2024,40928.57158,13.85771057,897,365,3.582759934,854.8694969,2.701325759,4284.167919,875.284299
val_4601,KIT-LK-001,val_6,val_52,val_37,11/2/2024,1478.904861,12.85175724,799,902,6.22136595,325.6353254,3.581837298,8387.983557,29.50554467
val_4602,KIT-SU-001,val_13,val_24,val_22,11/3/2024,85417.54721,28.16173389,94,225,9.119520139,679.7895421,4.386064106,6594.502757,604.4347184
val_4603,KIT-SU-001,val_0,val_16,val_46,11/3/2024,122732.1922,20.37392167,802,590,4.800743117,483.5632889,1.480676581,10264.50332,388.8659612
val_4604,KIT-IK-001,val_12,val_42,val_36,11/3/2024,10747.45925,21.34842228,884,211,4.27007449,3.977491967,3.705715929,9474.90384,611.5684261
val_4605,KIT-SU-001,val_17,val_4,val_0,11/3/2024,110602.9314,14.53472033,543,372,8.190524072,283.9921929,2.640496418,10446.32934,782.1648964
val_4606,KIT-LK-001,val_14,val_27,val_47,11/3/2024,95364.11899,7.216190122,451,964,1.010674188,527.8602538,3.695698932,9236.107024,111.9542297
val_4607,KIT-YB-001,val_11,val_35,val_45,11/3/2024,72163.53844,16.10118381,1000,196,7.177359125,724.9084784,4.500151104,11018.72586,946.2957516
val_4608,KIT-LK-001,val_16,val_40,val_2,11/3/2024,7727.032569,33.94369701,872,886,2.942254551,402.0337674,3.611350248,2048.668723,595.7790606
val_4609,KIT-YB-001,val_5,val_6,val_18,11/4/2024,138573.9268,10.3221674,386,813,7.248222949,186.2453955,1.63931024,7757.682735,381.9606982
val_4610,KIT-SU-001,val_7,val_0,val_46,11/4/2024,71877.42784,9.6658868,477,366,4.94110904,61.04972082,2.664536566,1172.423956,979.0810748
val_4611,KIT-IK-001,val_1,val_16,val_40,11/4/2024,60241.24065,4.751289314,943,371,1.182657025,714.6921001,3.197794612,6095.838217,811.6244539
val_4612,KIT-LK-001,val_13,val_7,val_22,11/4/2024,129290.5726,16.94507935,922,5,8.868338657,365.0413404,1.507507724,10363.87556,162.0678397
val_4613,KIT-YB-001,val_14,val_30,val_26,11/4/2024,126913.9452,10.24085778,630,791,5.918857817,647.1042039,3.574444418,8762.051561,88.54750841
val_4614,KIT-IK-001,val_15,val_55,val_1,11/4/2024,109225.5125,24.11190584,649,666,3.822411187,221.7518386,3.852967619,7078.557858,922.885217
val_4615,KIT-YB-001,val_14,val_17,val_27,11/4/2024,124489.3174,4.902335442,737,983,7.330416741,754.6855372,4.050061338,8389.033663,584.8673608
val_4616,KIT-YB-001,val_2,val_27,val_31,11/5/2024,19087.10791,8.806474398,289,291,5.463464515,344.3861657,1.479608777,2244.811066,463.4423729
val_4617,KIT-LK-001,val_13,val_12,val_17,11/5/2024,114256.8755,2.352416522,917,399,1.314537355,52.36868014,3.820575822,11183.46761,77.30373658
val_4618,KIT-IK-001,val_15,val_2,val_14,11/5/2024,49541.09541,1.643187482,294,687,6.852307609,510.2334997,2.464735417,2707.172853,541.7754737
val_4619,KIT-SU-001,val_4,val_42,val_39,11/5/2024,130190.4716,28.53219284,831,341,9.725784534,731.4466473,1.844912502,2170.259843,271.4875852
val_4620,KIT-IK-001,val_9,val_15,val_21,11/5/2024,55849.60417,31.72455804,820,319,2.997814873,932.4971579,3.097384306,1852.038112,193.0951711
val_4621,KIT-SU-001,val_18,val_32,val_12,11/5/2024,8618.440842,26.78333147,288,170,8.766334851,970.8577809,3.29087579,11247.37956,391.0608112
val_4622,KIT-SU-001,val_8,val_40,val_17,11/5/2024,62449.8454,30.30768876,808,989,6.588954221,456.4196072,2.827056069,5638.109875,35.68892228
val_4623,KIT-SU-001,val_15,val_50,val_23,11/6/2024,113638.1667,3.213545934,868,475,1.701085474,611.8733571,4.36338048,6490.169564,597.8641709
val_4624,KIT-SU-001,val_10,val_11,val_12,11/6/2024,75389.34312,31.45507299,497,770,7.56977481,557.2209274,1.62318735,4672.49526,621.1029817
val_4625,KIT-LK-001,val_13,val_34,val_26,11/6/2024,114663.2698,16.41818631,540,654,4.973411389,533.541588,2.628613983,521.8883217,694.9992857
val_4626,KIT-SU-001,val_12,val_54,val_41,11/6/2024,5773.424259,26.94880504,509,600,8.143605779,114.5391152,2.068065112,986.6182226,22.84457593
val_4627,KIT-SU-001,val_13,val_29,val_35,11/6/2024,26986.04844,21.62835364,44,313,6.721710052,670.8650453,1.195200664,385.9648899,175.5822243
val_4628,KIT-IK-001,val_15,val_2,val_11,11/6/2024,84759.38569,12.3754696,541,315,1.025061982,965.2702484,2.356256094,6560.155807,772.3522753
val_4629,KIT-LK-001,val_18,val_15,val_22,11/6/2024,58104.4062,9.415006339,674,486,2.136674858,126.8028886,3.872302681,2483.106931,574.6789019
val_4630,KIT-SU-001,val_5,val_47,val_26,11/7/2024,102186.2737,4.310929648,561,135,4.17195658,311.8545079,3.092996076,4945.02781,9.054641621
val_4631,KIT-LK-001,val_18,val_47,val_32,11/7/2024,144401.8579,14.56025833,500,537,5.336688858,77.04991556,2.674986149,5631.831109,730.7025736
val_4632,KIT-SU-001,val_12,val_18,val_36,11/7/2024,99149.36312,17.39477452,501,90,9.389145585,402.7828974,2.898819119,6484.422113,416.6019689
val_4633,KIT-IK-001,val_11,val_11,val_23,11/7/2024,62895.75278,34.41240528,537,275,8.397749871,481.672116,2.250007665,10735.10872,263.0731852
val_4634,KIT-LK-001,val_6,val_17,val_15,11/7/2024,81583.42076,1.497708576,930,633,8.214539124,358.0180912,1.488654072,710.162217,754.2529214
val_4635,KIT-SU-001,val_8,val_14,val_31,11/7/2024,136967.559,20.73719085,411,23,5.856187556,476.5821442,3.361719064,6031.902021,360.3647862
val_4636,KIT-YB-001,val_13,val_44,val_6,11/7/2024,101111.8924,18.4698198,224,45,1.835773347,802.9668667,4.26157005,1755.997071,453.6134865
val_4637,KIT-IK-001,val_7,val_50,val_32,11/8/2024,120575.3349,0.996787423,64,215,7.712267605,213.9235933,4.156212981,11132.91894,860.7772938
val_4638,KIT-YB-001,val_5,val_2,val_43,11/8/2024,45577.00216,11.67503312,871,756,1.778934899,757.9716952,1.933367174,11025.98938,149.6907956
val_4639,KIT-SU-001,val_16,val_44,val_34,11/8/2024,111776.0129,14.91787432,180,803,1.823029434,793.2879975,2.737150663,1851.268548,565.6576474
val_4640,KIT-LK-001,val_8,val_45,val_20,11/8/2024,21344.98972,17.40058771,417,0,3.295773658,581.1331311,3.208489118,1584.838836,103.9491362
val_4641,KIT-SU-001,val_12,val_36,val_39,11/8/2024,112591.4547,8.324271792,757,278,9.303073616,315.3211876,4.209808755,1496.461949,977.8562927
val_4642,KIT-IK-001,val_0,val_52,val_25,11/8/2024,132293.0096,1.386687652,178,56,7.749269066,936.5008324,1.786029331,1357.385496,311.8554874
val_4643,KIT-IK-001,val_1,val_2,val_25,11/9/2024,135084.7538,10.42574033,234,13,1.689872961,363.9035561,1.528927157,2065.547315,910.2279248
val_4644,KIT-YB-001,val_16,val_41,val_40,11/9/2024,17930.21413,29.30539212,635,943,9.27019409,49.92118492,4.726494285,2037.128941,367.0087296
val_4645,KIT-SU-001,val_2,val_7,val_9,11/9/2024,124567.3669,28.31345409,628,425,8.050376621,136.087852,1.582879281,2129.311861,846.1722936
val_4646,KIT-IK-001,val_15,val_53,val_37,11/9/2024,16935.51015,6.490126953,243,796,6.432785094,891.5900056,4.956438509,1953.195888,764.6057209
val_4647,KIT-YB-001,val_18,val_29,val_32,11/9/2024,72020.34452,22.69124576,542,683,2.14265825,149.9764812,3.395894195,4659.388829,232.5495939
val_4648,KIT-SU-001,val_9,val_5,val_25,11/9/2024,102536.9687,32.34292864,704,449,3.881105637,447.3941416,2.995993292,3195.962529,646.9211762
val_4649,KIT-SU-001,val_17,val_44,val_3,11/9/2024,72895.24217,6.189347645,221,753,3.706136413,691.9715608,1.755758858,5121.530015,233.341749
val_4650,KIT-LK-001,val_8,val_44,val_36,11/10/2024,51316.48553,4.677936639,443,248,6.760424263,573.6447009,4.442026077,10746.18338,18.97625672
val_4651,KIT-YB-001,val_19,val_27,val_10,11/10/2024,102731.263,0.970690083,280,414,6.290826593,653.3717002,1.688660358,4353.195212,300.4784562
val_4652,KIT-LK-001,val_4,val_18,val_42,11/10/2024,99301.37688,6.199918971,940,379,3.495168944,348.8146645,2.605071707,3580.390478,710.5579501
val_4653,KIT-SU-001,val_8,val_1,val_38,11/10/2024,87642.45195,28.52554971,383,572,3.799893159,662.2361384,1.192137913,10989.38244,178.5431897
val_4654,KIT-IK-001,val_7,val_54,val_17,11/10/2024,79500.08538,28.52684296,856,210,5.665975438,9.085575017,1.090191666,3994.969987,627.8018226
val_4655,KIT-IK-001,val_15,val_11,val_20,11/10/2024,106008.1149,19.00773228,881,746,8.608659372,263.2502365,3.918305692,1639.664633,764.8861922
val_4656,KIT-SU-001,val_0,val_50,val_1,11/10/2024,60754.03998,11.8080438,167,842,2.136025317,123.5998435,1.830971185,7504.023306,310.3392775
val_4657,KIT-LK-001,val_16,val_35,val_23,11/11/2024,10780.85304,28.27595858,942,890,7.531642642,455.2629773,3.403163714,3525.178795,102.0767266
val_4658,KIT-YB-001,val_0,val_41,val_2,11/11/2024,80849.44927,6.986530472,49,894,9.961068011,145.8230824,3.893617836,6335.516637,596.5918151
val_4659,KIT-YB-001,val_6,val_41,val_47,11/11/2024,108656.6051,5.066918855,387,640,7.747595921,547.3710717,2.967146595,9262.244982,131.3559317
val_4660,KIT-LK-001,val_11,val_51,val_30,11/11/2024,45224.40619,3.304515584,159,798,4.974140036,180.6650413,3.62572531,6873.716345,2.598079213
val_4661,KIT-IK-001,val_2,val_2,val_11,11/11/2024,21542.29515,29.82614294,46,691,7.585071128,414.2646749,1.964594019,9743.451714,130.734094
val_4662,KIT-LK-001,val_9,val_59,val_38,11/11/2024,136820.2585,25.07653571,552,954,8.746178243,74.22151399,4.271448056,4267.481689,266.6477533
val_4663,KIT-SU-001,val_19,val_2,val_0,11/11/2024,129630.5749,21.93560268,601,98,7.916500898,439.9802707,1.824935827,2190.391693,677.3792414
val_4664,KIT-YB-001,val_16,val_59,val_26,11/12/2024,92955.91578,25.51586768,582,198,1.114817518,807.9832792,3.362454524,4857.072633,332.5946045
val_4665,KIT-YB-001,val_0,val_15,val_5,11/12/2024,118097.7695,5.193058489,417,420,2.183441635,316.9012591,4.343453159,5060.748399,918.5685718
val_4666,KIT-SU-001,val_11,val_50,val_2,11/12/2024,145336.3946,13.59066024,787,621,1.964283497,706.3167363,4.172802378,8648.425482,742.2627469
val_4667,KIT-YB-001,val_11,val_5,val_11,11/12/2024,85604.21762,28.53120998,492,889,1.28643351,425.9860932,1.205079067,8304.703239,987.4710629
val_4668,KIT-LK-001,val_1,val_27,val_14,11/12/2024,37005.16185,32.10343973,535,94,7.430707013,234.2118316,2.46872987,3850.572924,665.2954335
val_4669,KIT-YB-001,val_13,val_32,val_34,11/12/2024,96002.39258,18.05572806,442,160,3.406361006,303.4785997,4.410314459,11166.04198,21.38918163
val_4670,KIT-LK-001,val_10,val_57,val_42,11/12/2024,137231.7546,4.447738324,207,861,7.497609459,302.5782665,4.403760854,3451.943457,148.8810695
val_4671,KIT-YB-001,val_13,val_7,val_37,11/13/2024,103677.1561,34.25240317,655,310,6.994885957,742.378908,3.545637298,11958.27318,269.5933187
val_4672,KIT-YB-001,val_5,val_2,val_35,11/13/2024,4422.938477,13.94699324,829,16,5.712500387,200.9359611,1.434124758,585.8721998,703.3312281
val_4673,KIT-SU-001,val_5,val_38,val_27,11/13/2024,137611.3243,11.30101431,304,678,1.537428012,977.77153,2.617069121,8150.139294,645.2623801
val_4674,KIT-YB-001,val_14,val_2,val_17,11/13/2024,113174.4507,4.375683867,463,878,3.747756004,687.4842622,4.84460812,7518.490605,205.223787
val_4675,KIT-SU-001,val_14,val_46,val_12,11/13/2024,60573.7365,0.639510811,893,902,1.244032744,401.1544326,1.426154793,7102.163497,698.0609078
val_4676,KIT-SU-001,val_3,val_2,val_45,11/13/2024,148130.0375,21.2078322,206,855,9.190182171,998.0040098,4.20561349,9393.830232,279.0494694
val_4677,KIT-IK-001,val_4,val_58,val_25,11/13/2024,108391.0603,21.51259945,421,59,3.777702545,216.1715481,2.671283271,7172.338353,668.4587758
val_4678,KIT-IK-001,val_11,val_31,val_27,11/14/2024,123903.4417,8.351591558,269,135,1.854545979,762.9112147,3.978963512,7397.025254,310.7881633
val_4679,KIT-YB-001,val_16,val_56,val_0,11/14/2024,141503.4006,5.837139114,342,871,1.022663047,270.9368976,1.217245121,10552.82697,210.3204441
val_4680,KIT-YB-001,val_4,val_7,val_21,11/14/2024,6416.980476,18.57470626,459,693,6.503613987,543.5644513,1.041257889,2403.567382,494.8414361
val_4681,KIT-YB-001,val_4,val_16,val_32,11/14/2024,116275.7667,15.35215856,923,220,6.588721447,54.42136858,2.202513703,6467.659169,980.7494589
val_4682,KIT-YB-001,val_16,val_27,val_23,11/14/2024,58258.79209,10.76716052,12,387,9.954327634,846.4591363,4.480718927,8602.793511,646.5898914
val_4683,KIT-YB-001,val_13,val_1,val_29,11/14/2024,130426.7144,7.794503597,358,861,3.597482688,366.1519021,3.719199366,3832.952274,351.6413877
val_4684,KIT-SU-001,val_18,val_6,val_38,11/15/2024,131894.9305,30.10384387,866,929,1.418726769,584.4863909,3.44729505,2789.918564,518.4446923
val_4685,KIT-IK-001,val_15,val_19,val_1,11/15/2024,124378.4613,34.43721298,83,890,8.014441196,927.2838317,4.990717878,1721.040524,438.6078299
val_4686,KIT-SU-001,val_19,val_44,val_43,11/15/2024,116990.4876,12.57424429,506,460,3.741237611,30.24672538,2.389183325,3299.722628,31.34376519
val_4687,KIT-SU-001,val_3,val_42,val_39,11/15/2024,119245.2838,24.49495136,155,776,3.975931365,968.0174368,4.401009076,8059.718305,674.2880942
val_4688,KIT-SU-001,val_5,val_5,val_20,11/15/2024,44834.59886,30.32104306,559,45,9.169609049,525.1793489,1.438661701,7456.592191,205.4976322
val_4689,KIT-IK-001,val_4,val_3,val_36,11/15/2024,61275.96682,1.137399972,715,924,6.178332492,780.7465739,1.682906514,2226.679697,534.2276423
val_4690,KIT-SU-001,val_1,val_39,val_3,11/15/2024,17700.70616,31.80065784,635,222,4.603146835,473.0447656,2.912386809,5995.614059,70.91035643
val_4691,KIT-YB-001,val_15,val_21,val_14,11/16/2024,124673.4325,17.57038495,562,962,9.555019371,815.9077777,4.837917389,2722.482859,790.2972795
val_4692,KIT-SU-001,val_13,val_47,val_5,11/16/2024,97077.96814,19.57487426,743,16,3.387620453,880.5588276,3.813611197,11244.47851,17.42910455
val_4693,KIT-YB-001,val_1,val_17,val_30,11/16/2024,92101.14891,18.98759152,535,926,1.193301207,381.6740559,1.450120897,8744.784364,321.4630543
val_4694,KIT-SU-001,val_3,val_21,val_41,11/16/2024,37288.66685,8.653866331,613,527,3.077877551,722.6322306,4.819629253,2245.278365,383.3170561
val_4695,KIT-LK-001,val_3,val_13,val_28,11/16/2024,92447.89457,27.42200215,82,513,1.397133692,998.6180079,4.062873736,3618.605029,772.3735036
val_4696,KIT-SU-001,val_8,val_15,val_34,11/16/2024,68455.48291,25.68537536,21,677,4.669726099,757.1316756,3.946429395,10266.33675,973.5871778
val_4697,KIT-YB-001,val_9,val_42,val_6,11/16/2024,149292.6866,3.533573746,164,464,8.479599027,956.8798275,3.205956496,6774.040693,191.3316728
val_4698,KIT-IK-001,val_5,val_28,val_44,11/17/2024,129528.7068,19.78514679,540,951,9.776616163,736.61723,2.574131475,4400.270166,139.0583214
val_4699,KIT-YB-001,val_18,val_39,val_9,11/17/2024,79134.44085,33.50451182,396,105,7.30288828,329.8869375,1.439590559,7261.365983,621.7020313
val_4700,KIT-YB-001,val_4,val_4,val_25,11/17/2024,121364.1073,30.51627903,366,656,9.335034183,827.1516749,3.479171569,4795.894112,217.2976001
val_4701,KIT-YB-001,val_11,val_32,val_32,11/17/2024,25093.49763,21.98147212,448,216,4.67678828,666.3407647,1.510762015,10954.85338,24.21847481
val_4702,KIT-LK-001,val_8,val_27,val_41,11/17/2024,15659.37462,7.114528363,990,37,3.724385346,33.06797345,3.359782089,10507.7814,231.8106921
val_4703,KIT-LK-001,val_7,val_54,val_44,11/17/2024,94782.29455,12.28336492,376,653,2.388027057,172.4340451,3.158594929,2092.560035,234.5242596
val_4704,KIT-IK-001,val_16,val_25,val_28,11/17/2024,109154.4813,5.432460817,444,678,5.507926294,261.2730079,3.386097474,8193.892881,551.5310902
val_4705,KIT-IK-001,val_19,val_6,val_27,11/18/2024,8431.937678,28.8031854,503,127,3.942442501,743.5638072,4.307137243,10083.53711,450.0295437
val_4706,KIT-IK-001,val_0,val_41,val_20,11/18/2024,30544.021,27.29774493,774,727,1.96783927,797.1326593,2.644711005,2692.676519,333.4458462
val_4707,KIT-IK-001,val_9,val_8,val_27,11/18/2024,80821.56255,31.8804691,734,943,9.387235468,826.8854367,2.746391861,10483.81633,289.0917205
val_4708,KIT-IK-001,val_2,val_54,val_32,11/18/2024,9891.081639,2.406165052,980,696,2.113334255,67.21473754,1.239919379,5150.7776,267.8705212
val_4709,KIT-LK-001,val_8,val_23,val_31,11/18/2024,63895.89902,33.77202916,636,227,7.657654708,72.15668147,2.150959246,3831.179756,861.7569523
val_4710,KIT-IK-001,val_12,val_47,val_28,11/18/2024,72570.92703,33.83167131,954,84,1.612675642,299.4432178,1.324088549,11811.92349,460.8101415
val_4711,KIT-YB-001,val_8,val_39,val_21,11/18/2024,138310.555,23.66946082,611,88,5.744048203,681.2433978,1.567032957,8318.458249,854.9248604
val_4712,KIT-SU-001,val_6,val_27,val_9,11/19/2024,47693.63621,30.88483909,538,619,7.073222787,842.1849089,2.707186872,3627.988649,995.7516392
val_4713,KIT-LK-001,val_6,val_35,val_2,11/19/2024,25715.93678,15.45763799,558,235,3.110810335,869.3756671,2.628775324,6450.344769,495.6035322
val_4714,KIT-SU-001,val_5,val_10,val_20,11/19/2024,1622.484678,11.10646967,480,371,1.680846837,207.5153148,4.743430143,7792.889809,928.4941838
val_4715,KIT-YB-001,val_6,val_4,val_19,11/19/2024,18680.41185,5.572022269,201,48,6.340281431,767.4152812,1.477279973,8600.870921,174.585765
val_4716,KIT-LK-001,val_7,val_45,val_29,11/19/2024,112754.4668,1.298965553,366,441,6.42616207,640.7749327,1.597210531,2670.810236,309.7853151
val_4717,KIT-IK-001,val_13,val_57,val_43,11/19/2024,67015.82143,1.661507875,605,166,3.80784249,926.7300192,4.003465235,7475.876479,658.9075358
val_4718,KIT-IK-001,val_1,val_51,val_33,11/19/2024,30209.39389,24.26652142,606,428,4.385740152,772.8610439,1.089594405,10197.69198,238.0151756
val_4719,KIT-SU-001,val_0,val_18,val_38,11/20/2024,139987.6403,11.91279836,158,588,1.410451888,528.6212842,3.603785505,9683.184589,591.7650512
val_4720,KIT-YB-001,val_10,val_21,val_27,11/20/2024,118236.9786,2.081346275,804,961,3.662097292,783.1942828,3.990244504,3672.434364,898.951515
val_4721,KIT-SU-001,val_13,val_21,val_44,11/20/2024,17597.52136,4.104640374,713,289,8.943422275,308.2776947,3.515947912,11648.2735,973.6143714
val_4722,KIT-SU-001,val_5,val_42,val_45,11/20/2024,40709.12456,23.35187502,525,321,2.54165059,786.1452394,2.151219854,348.5478753,534.8758336
val_4723,KIT-LK-001,val_4,val_37,val_7,11/20/2024,127491.5016,32.86607149,452,801,5.21246705,781.1684748,1.414347922,9392.38582,736.7180147
val_4724,KIT-SU-001,val_12,val_47,val_30,11/20/2024,104018.5343,14.39764109,558,953,7.09143599,855.2085904,4.976696957,3941.917233,603.2335886
val_4725,KIT-YB-001,val_7,val_56,val_24,11/20/2024,141859.0095,27.26248335,582,405,8.225940324,242.3960537,4.437417008,11306.22285,419.9067833
val_4726,KIT-SU-001,val_14,val_23,val_46,11/21/2024,11899.29099,34.08064699,428,345,1.730342523,849.0008399,3.922545943,10360.46806,356.4987022
val_4727,KIT-LK-001,val_2,val_39,val_28,11/21/2024,116423.9778,24.8488156,863,714,6.326525117,169.0502185,1.748161363,10597.69768,614.1497934
val_4728,KIT-SU-001,val_2,val_30,val_0,11/21/2024,11923.50667,25.36062388,158,752,6.645611566,771.8996087,2.723639977,3172.03709,345.6276114
val_4729,KIT-SU-001,val_11,val_57,val_10,11/21/2024,50830.95939,21.63334764,373,709,2.776432226,929.9174892,3.839279153,9597.703051,749.0022804
val_4730,KIT-IK-001,val_7,val_21,val_6,11/21/2024,112724.9808,34.22314271,397,640,1.277636654,35.79811461,1.405729279,4125.307155,126.1714616
val_4731,KIT-IK-001,val_14,val_11,val_9,11/21/2024,106795.9912,10.63325,99,135,8.599302086,626.0126471,4.829311896,5477.059232,718.5915741
val_4732,KIT-SU-001,val_10,val_22,val_4,11/22/2024,816.6145595,27.44799809,89,262,4.960628489,659.5917226,4.820931561,10871.15718,511.0625754
val_4733,KIT-LK-001,val_7,val_37,val_37,11/22/2024,30690.46846,14.64471656,892,56,1.547013414,815.1429026,1.601980699,8701.350149,81.77947884
val_4734,KIT-IK-001,val_3,val_57,val_23,11/22/2024,116896.7646,5.608603545,775,390,6.202258379,102.8233991,1.788227218,7758.686871,839.5644528
val_4735,KIT-YB-001,val_3,val_49,val_32,11/22/2024,19359.05314,25.93015864,365,842,4.392216644,909.4306795,2.456305541,1721.886052,549.8574042
val_4736,KIT-SU-001,val_15,val_1,val_47,11/22/2024,49293.64644,29.06318663,266,223,1.721811792,993.7871198,2.802737349,6551.742209,734.8607663
val_4737,KIT-LK-001,val_4,val_30,val_31,11/22/2024,27991.48128,30.25324936,406,701,3.584001091,672.1052728,2.762942747,1657.471001,123.7173814
val_4738,KIT-SU-001,val_10,val_9,val_23,11/22/2024,17162.45304,32.28137162,705,421,3.94148011,429.9329832,3.752816634,1085.280669,155.160789
val_4739,KIT-IK-001,val_16,val_21,val_12,11/23/2024,125575.5489,26.12292344,296,175,6.174144832,635.0153942,2.880848924,11369.6499,878.6338489
val_4740,KIT-IK-001,val_17,val_56,val_36,11/23/2024,9670.590855,18.56112572,66,223,4.630001842,54.70611636,1.737014987,7190.304573,466.8247401
val_4741,KIT-IK-001,val_5,val_59,val_24,11/23/2024,80639.46727,32.86660084,420,680,1.962929601,753.0341662,2.04408935,272.5244516,295.8913589
val_4742,KIT-LK-001,val_2,val_9,val_36,11/23/2024,104054.2415,7.49288553,599,791,6.71801877,69.96659082,2.644781485,5734.539372,518.8779148
val_4743,KIT-YB-001,val_15,val_8,val_1,11/23/2024,9109.737689,2.890379767,521,329,7.559192694,322.5909985,3.077193049,3583.579202,371.5063074
val_4744,KIT-IK-001,val_13,val_41,val_7,11/23/2024,95197.30221,15.22057507,172,918,5.56572675,139.3987229,4.692066278,2016.134102,973.819748
val_4745,KIT-IK-001,val_6,val_24,val_6,11/23/2024,50442.79453,20.46120685,844,56,1.57015669,726.0412547,1.384851821,9865.63224,196.9882294
val_4746,KIT-YB-001,val_11,val_25,val_32,11/24/2024,125115.011,23.8636306,632,575,1.929023146,594.4282601,4.217350053,2012.585813,530.0699321
val_4747,KIT-IK-001,val_3,val_52,val_24,11/24/2024,119750.1135,28.5766845,720,228,9.501812914,699.2038107,2.243426544,2162.930329,332.4098444
val_4748,KIT-YB-001,val_14,val_55,val_15,11/24/2024,119188.8031,1.131131244,958,892,2.704288218,64.56613076,3.908111773,2944.763171,165.113242
val_4749,KIT-SU-001,val_14,val_54,val_14,11/24/2024,60100.19088,28.11121267,513,756,3.767451009,370.4063368,2.03302996,8606.819862,681.4899868
val_4750,KIT-SU-001,val_5,val_46,val_29,11/24/2024,123470.9544,21.08447805,579,58,7.187623442,406.1696662,2.540577499,2450.631527,136.9774739
val_4751,KIT-YB-001,val_9,val_58,val_46,11/24/2024,94682.3096,33.36257998,764,391,8.126520544,602.3985304,2.773027199,3992.047021,274.5261285
val_4752,KIT-LK-001,val_6,val_43,val_47,11/24/2024,57113.19301,12.30683032,774,746,9.199170283,102.3307007,4.003098396,10847.6858,487.3590349
val_4753,KIT-YB-001,val_0,val_53,val_22,11/25/2024,12560.15834,21.67085039,848,545,4.556671793,647.2369793,1.665018195,6868.670042,423.7741935
val_4754,KIT-SU-001,val_2,val_32,val_32,11/25/2024,10489.42745,26.87588454,705,490,9.930628038,394.6985744,2.386209282,2241.501761,910.5559534
val_4755,KIT-LK-001,val_19,val_3,val_4,11/25/2024,38084.54435,18.17056064,58,136,1.935014789,905.9199635,3.114205379,10346.85521,650.9708151
val_4756,KIT-LK-001,val_9,val_48,val_45,11/25/2024,45287.90435,5.625583553,350,571,8.438808304,449.8091398,3.630370489,6243.516273,69.41676246
val_4757,KIT-YB-001,val_2,val_55,val_0,11/25/2024,139165.4796,1.933032066,592,92,3.448955376,102.0715736,1.30427753,10043.88793,143.2104219
val_4758,KIT-SU-001,val_0,val_18,val_16,11/25/2024,149990.7391,4.076743015,445,319,9.433818293,103.4020212,1.378904976,1129.192308,586.2241029
val_4759,KIT-IK-001,val_7,val_25,val_34,11/25/2024,21979.24019,17.42267947,43,239,8.822766788,254.2955731,3.873921088,2109.495647,225.485528
val_4760,KIT-LK-001,val_19,val_34,val_46,11/26/2024,141443.8519,22.45838532,267,657,7.860435462,239.8116294,2.464595402,1283.411185,195.7090425
val_4761,KIT-LK-001,val_7,val_39,val_8,11/26/2024,106127.7317,20.05413309,308,473,6.433727095,796.6862038,1.662462191,5878.583755,987.5562503
val_4762,KIT-IK-001,val_19,val_40,val_31,11/26/2024,75041.92117,25.00948174,36,425,2.930107049,722.3885497,2.052805185,4771.072332,709.4813977
val_4763,KIT-YB-001,val_9,val_23,val_9,11/26/2024,143225.6526,1.557013596,763,847,5.157328245,76.67271971,3.392858536,5108.910553,302.4682175
val_4764,KIT-LK-001,val_15,val_51,val_2,11/26/2024,107197.1308,4.944657109,378,390,1.313072423,851.43405,4.813185825,4525.164457,27.82309335
val_4765,KIT-YB-001,val_15,val_48,val_20,11/26/2024,89251.35106,26.68767579,792,764,7.384632164,96.13004477,3.927646165,5204.960675,795.1044261
val_4766,KIT-YB-001,val_0,val_56,val_27,11/26/2024,31824.25122,27.38514642,871,888,2.042913407,785.6278135,4.18822765,4698.558032,577.2377891
val_4767,KIT-IK-001,val_0,val_34,val_12,11/27/2024,37044.3708,24.63982543,884,160,3.324594102,111.6170961,3.433794253,2083.997525,311.3327001
val_4768,KIT-IK-001,val_18,val_4,val_46,11/27/2024,136769.5095,26.14096551,909,745,3.205446325,376.358344,2.48472596,6915.178394,527.3262714
val_4769,KIT-YB-001,val_18,val_50,val_29,11/27/2024,32648.29779,33.72771501,498,71,8.091537902,750.9306223,4.848832455,10456.181,896.5017203
val_4770,KIT-YB-001,val_2,val_4,val_21,11/27/2024,5329.749137,33.05880985,242,641,4.605830291,253.6349908,1.325095069,11930.16399,63.44789557
val_4771,KIT-IK-001,val_12,val_11,val_23,11/27/2024,40300.95113,22.62796805,84,225,5.810868798,113.3299416,4.23448231,1584.237851,731.9909593
val_4772,KIT-SU-001,val_18,val_17,val_22,11/27/2024,72343.08008,11.31284334,624,256,2.877567005,787.1952665,2.033084181,5052.56695,862.7521774
val_4773,KIT-IK-001,val_19,val_11,val_5,11/27/2024,57603.73173,0.691024202,126,853,4.006919027,690.9755717,3.431433379,3044.877686,520.5001785
val_4774,KIT-SU-001,val_5,val_43,val_29,11/28/2024,140402.5483,22.17996261,241,186,5.607090488,891.2679328,4.92954553,6889.424384,960.9002591
val_4775,KIT-IK-001,val_16,val_26,val_37,11/28/2024,63076.81964,15.20937387,244,516,2.747835006,641.5525294,4.369166645,4452.311742,231.6751473
val_4776,KIT-SU-001,val_12,val_13,val_20,11/28/2024,133413.3768,5.316555323,273,781,7.208312513,73.95071995,4.400562473,10557.49723,721.2191359
val_4777,KIT-SU-001,val_18,val_0,val_20,11/28/2024,89402.10863,7.690969631,372,807,5.043406405,638.634667,4.292271728,11235.4102,424.861577
val_4778,KIT-SU-001,val_2,val_12,val_43,11/28/2024,78856.63853,32.79122019,331,204,9.852853751,822.5070718,2.815174965,4036.02923,379.0657279
val_4779,KIT-IK-001,val_12,val_41,val_29,11/28/2024,24449.24708,2.504544415,527,369,3.218773569,83.67854505,2.572208928,4405.72699,636.3015922
val_4780,KIT-IK-001,val_0,val_47,val_14,11/29/2024,41019.27111,27.60398299,958,562,4.564536401,135.6933025,3.074198081,6512.562618,609.4449904
val_4781,KIT-IK-001,val_7,val_17,val_0,11/29/2024,130141.4331,31.59131672,646,591,9.321965944,677.567257,2.140450973,7699.156195,367.1773344
val_4782,KIT-IK-001,val_0,val_4,val_39,11/29/2024,117103.6031,24.15449386,676,163,8.973976495,791.3304777,2.912577086,9079.01598,375.4970446
val_4783,KIT-YB-001,val_8,val_33,val_30,11/29/2024,67389.79299,2.334689118,162,595,5.357528176,353.1510794,1.507184353,1380.840628,479.8914933
val_4784,KIT-LK-001,val_16,val_46,val_30,11/29/2024,136398.8121,29.63568171,114,1,2.11234207,735.2616012,4.570137238,802.8930656,992.8403303
val_4785,KIT-IK-001,val_13,val_4,val_13,11/29/2024,122967.2161,22.93445515,189,627,4.679032413,167.3682325,3.942682826,8203.090379,798.5025129
val_4786,KIT-IK-001,val_6,val_47,val_8,11/29/2024,17256.6078,9.840744898,849,736,6.285975596,444.0053141,1.24812243,5848.510322,366.2977708
val_4787,KIT-LK-001,val_8,val_10,val_23,11/30/2024,91086.60882,22.11200732,173,470,3.288062239,747.9740588,3.63979595,8138.47552,363.1719059
val_4788,KIT-LK-001,val_7,val_15,val_36,11/30/2024,119927.0594,4.951688917,984,245,2.720195903,198.9861538,4.034791623,3758.962186,896.75642
val_4789,KIT-IK-001,val_14,val_37,val_14,11/30/2024,121347.4471,24.82613484,755,239,5.782938963,348.8963455,4.446447671,2231.63475,779.2588179
val_4790,KIT-LK-001,val_5,val_3,val_25,11/30/2024,14155.5061,31.62424751,829,690,2.584215929,629.065832,2.316500216,1512.767573,653.5489181
val_4791,KIT-SU-001,val_1,val_18,val_47,11/30/2024,34079.36984,18.35450801,302,428,8.87081264,345.9952083,3.522939843,9478.73421,714.1269365
val_4792,KIT-IK-001,val_10,val_8,val_10,11/30/2024,62249.37786,33.3332871,156,929,1.668167856,874.1582712,2.104345953,4955.74808,56.9947546
val_4793,KIT-SU-001,val_16,val_12,val_11,11/30/2024,38118.84862,15.44570488,166,975,9.886606079,956.7261152,4.395522719,1177.920795,92.62819492
val_4794,KIT-IK-001,val_9,val_46,val_11,12/1/2024,16786.25293,30.04333271,858,434,5.84148709,642.2895115,4.500639692,3111.842751,315.7308411
val_4795,KIT-YB-001,val_4,val_13,val_43,12/1/2024,94505.66423,27.12296487,431,272,9.852060885,782.4002392,1.306211832,10365.92192,472.5922874
val_4796,KIT-LK-001,val_0,val_2,val_25,12/1/2024,76367.281,3.277347099,409,812,7.763644455,906.6964981,2.140287059,5882.170385,710.9901503
val_4797,KIT-YB-001,val_18,val_12,val_44,12/1/2024,23670.96827,31.96030971,247,725,2.376082766,701.8593376,1.411243146,10269.43966,782.12987
val_4798,KIT-IK-001,val_15,val_5,val_45,12/1/2024,88164.10844,31.88288235,356,164,3.04693775,773.3141774,2.595043537,11354.95528,884.7898676
val_4799,KIT-YB-001,val_3,val_37,val_20,12/1/2024,9771.235534,12.42927213,369,945,1.962522135,80.21920126,1.020596496,990.0960304,270.9398256
val_4800,KIT-YB-001,val_1,val_58,val_2,12/1/2024,57764.63836,27.81167308,750,200,7.56176763,823.7626853,4.131291636,11330.03096,748.0021195
val_4801,KIT-LK-001,val_2,val_10,val_14,12/2/2024,118981.4355,8.017383085,824,566,2.517926256,274.5646094,2.725807178,4578.576341,994.6856277
val_4802,KIT-LK-001,val_7,val_43,val_26,12/2/2024,133562.4207,1.25767939,467,187,7.431217254,70.80452414,3.137167506,8439.608446,208.1858067
val_4803,KIT-YB-001,val_16,val_21,val_18,12/2/2024,37162.5776,7.436212163,334,489,8.735486416,589.4715218,3.970471888,4956.910295,69.71216898
val_4804,KIT-YB-001,val_3,val_4,val_0,12/2/2024,128996.5654,17.0427768,452,625,4.705429995,226.7869697,3.849295471,7452.485576,896.5160279
val_4805,KIT-LK-001,val_16,val_41,val_47,12/2/2024,133817.7881,2.210309121,175,120,6.949337589,79.84686079,2.258648881,8103.238179,134.8976371
val_4806,KIT-LK-001,val_0,val_12,val_14,12/2/2024,91228.90454,5.768215172,68,259,9.056762036,609.5614354,4.13106944,1769.223857,719.7764383
val_4807,KIT-YB-001,val_14,val_30,val_29,12/2/2024,147335.5957,33.27524217,232,754,7.778130491,98.55232511,3.563030166,5287.260668,387.3253583
val_4808,KIT-IK-001,val_5,val_30,val_45,12/3/2024,37303.28545,17.38566371,24,956,2.176845576,887.2275296,1.872684796,2637.779772,355.5176243
val_4809,KIT-SU-001,val_19,val_35,val_26,12/3/2024,10811.6477,28.84389844,34,912,3.632610105,969.2724831,1.117007977,1607.813258,940.5889759
val_4810,KIT-IK-001,val_9,val_8,val_33,12/3/2024,126594.7512,7.390471674,238,752,5.82073855,738.1923304,4.024652898,7184.934463,351.1419759
val_4811,KIT-SU-001,val_5,val_15,val_1,12/3/2024,73894.13355,3.28055492,902,981,3.378422222,287.6632418,1.66258975,8227.104272,407.6479222
val_4812,KIT-YB-001,val_4,val_44,val_33,12/3/2024,52294.85493,27.36307235,185,165,5.553314231,562.5410527,1.450458617,3239.300571,15.6955273
val_4813,KIT-SU-001,val_16,val_55,val_40,12/3/2024,8757.308308,12.33941724,697,201,9.575476776,31.38568715,2.681642102,286.4391525,183.551576
val_4814,KIT-IK-001,val_8,val_0,val_44,12/3/2024,10161.35958,16.20119435,147,405,5.078503595,621.3995169,4.686871754,11654.96358,361.4879357
val_4815,KIT-LK-001,val_7,val_24,val_4,12/4/2024,14062.10938,34.72609009,463,920,3.355028642,263.8407622,3.872621086,5803.222415,665.9356637
val_4816,KIT-YB-001,val_14,val_52,val_10,12/4/2024,27954.55682,11.21526404,607,799,2.319208109,455.0242819,4.192246518,7891.538785,63.93343581
val_4817,KIT-LK-001,val_10,val_17,val_2,12/4/2024,145574.9382,16.66547357,561,370,9.109877527,178.8680695,2.079570072,1087.628594,349.5078274
val_4818,KIT-IK-001,val_13,val_26,val_44,12/4/2024,42569.91924,22.29143434,800,16,3.068138702,986.5516651,4.340207714,7518.567589,365.2701634
val_4819,KIT-LK-001,val_8,val_54,val_13,12/4/2024,122648.5714,3.299593569,254,619,2.742580886,207.4245589,2.661522029,9198.685631,791.0123473
val_4820,KIT-LK-001,val_1,val_58,val_25,12/4/2024,3402.36017,25.13183718,743,309,5.960235538,416.9351084,4.917591932,759.1772205,274.9848563
val_4821,KIT-YB-001,val_0,val_39,val_22,12/5/2024,48611.35163,15.92023951,404,223,5.155399467,254.6007298,3.279016771,6378.151816,891.9166968
val_4822,KIT-YB-001,val_0,val_41,val_33,12/5/2024,135975.7687,6.290503818,445,214,4.470984023,541.5876091,3.424936419,1875.753693,943.9689231
val_4823,KIT-LK-001,val_11,val_36,val_42,12/5/2024,28163.59704,15.18285672,320,248,6.207865144,905.3421673,4.660530755,1933.651414,221.5834924
val_4824,KIT-YB-001,val_10,val_17,val_15,12/5/2024,42961.5163,16.2312411,997,319,6.12465298,163.3884639,4.793607701,7454.660278,377.7605916
val_4825,KIT-YB-001,val_14,val_53,val_37,12/5/2024,124063.9748,22.49764673,825,619,1.615622663,140.812881,1.070585253,7507.244951,733.4598071
val_4826,KIT-SU-001,val_17,val_2,val_13,12/5/2024,18648.05712,32.81225681,463,163,4.734267959,74.06513707,1.929830773,6734.486471,268.641017
val_4827,KIT-LK-001,val_3,val_3,val_9,12/5/2024,8450.88702,26.82428249,744,485,7.488879544,589.3513073,3.456980143,6219.992902,826.0142283
val_4828,KIT-LK-001,val_19,val_36,val_5,12/6/2024,144913.5249,13.50926141,916,922,4.435112322,602.0769799,1.014457631,5745.865259,973.8847577
val_4829,KIT-IK-001,val_18,val_50,val_17,12/6/2024,61016.36792,33.94375789,284,965,9.978934129,821.3903763,2.270121069,5878.411015,631.3622124
val_4830,KIT-YB-001,val_12,val_48,val_26,12/6/2024,98851.75483,27.7209248,326,830,3.118465549,835.9613311,1.785255674,4146.625328,161.2989906
val_4831,KIT-SU-001,val_10,val_40,val_37,12/6/2024,19503.82875,1.172722851,763,264,5.467278576,101.9424523,3.093908397,3236.491956,1.934947861
val_4832,KIT-IK-001,val_3,val_22,val_40,12/6/2024,33416.52098,4.257207204,284,146,7.065363525,910.5253505,3.389252435,3334.613334,409.8832489
val_4833,KIT-YB-001,val_3,val_21,val_25,12/6/2024,69267.12334,7.786788439,94,878,5.930764169,829.3831065,1.756057814,10915.57843,226.8881774
val_4834,KIT-IK-001,val_0,val_25,val_19,12/6/2024,101435.406,3.105924689,595,404,1.351658097,647.2470729,3.145546896,3347.152901,773.9189761
val_4835,KIT-YB-001,val_12,val_15,val_8,12/7/2024,44340.56271,17.09286723,202,460,5.622995683,347.0601101,2.586903075,4619.267703,469.8043151
val_4836,KIT-SU-001,val_8,val_25,val_43,12/7/2024,132752.7458,12.05698787,587,426,9.697844522,745.5860178,4.963847369,6148.192104,632.2294405
val_4837,KIT-YB-001,val_3,val_6,val_19,12/7/2024,117281.0285,34.05780614,106,134,4.659974948,620.673719,1.260411054,8963.781301,606.2610075
val_4838,KIT-IK-001,val_2,val_19,val_36,12/7/2024,82957.90468,16.65121618,478,722,2.045609908,353.0464475,4.362740825,9369.74749,36.2915569
val_4839,KIT-LK-001,val_1,val_56,val_30,12/7/2024,69152.07192,7.582989134,238,239,1.19132566,13.25571488,4.997923913,8715.805435,707.9953466
val_4840,KIT-YB-001,val_12,val_42,val_44,12/7/2024,93121.61014,33.98143338,529,233,4.710383372,592.4609766,3.166366877,3775.767582,825.7101558
val_4841,KIT-LK-001,val_13,val_8,val_46,12/7/2024,109883.6434,18.08308634,226,756,2.667671368,576.4910045,3.722290272,2124.489661,471.2264724
val_4842,KIT-IK-001,val_12,val_17,val_33,12/8/2024,20675.06915,2.742480043,251,713,8.51228872,154.5779767,1.511789063,9840.912786,582.0506905
val_4843,KIT-LK-001,val_2,val_15,val_31,12/8/2024,127969.8837,3.014436811,901,827,9.570317263,906.3261564,2.403288481,10518.94253,143.7819708
val_4844,KIT-LK-001,val_0,val_16,val_6,12/8/2024,73665.71616,23.70018533,982,706,9.464770654,159.2764054,1.725958686,10972.52307,658.7178255
val_4845,KIT-YB-001,val_2,val_41,val_0,12/8/2024,140333.9265,17.41889694,327,39,4.370765807,287.0961484,3.333283198,10328.44428,939.6282217
val_4846,KIT-IK-001,val_15,val_53,val_26,12/8/2024,143353.5882,21.92323234,646,417,5.092813547,371.9880445,4.768357029,4464.245158,711.9555301
val_4847,KIT-IK-001,val_14,val_42,val_33,12/8/2024,5092.164742,29.76816829,355,410,3.835717552,682.9656552,1.118374448,2011.370494,14.47222415
val_4848,KIT-YB-001,val_5,val_29,val_35,12/8/2024,57979.90588,23.91214966,170,321,2.161472109,81.64012586,2.977784592,8111.051006,309.4222732
val_4849,KIT-SU-001,val_1,val_9,val_12,12/9/2024,79170.40028,30.19028706,99,494,6.031349221,702.3744374,3.894228932,7863.126301,953.9294467
val_4850,KIT-LK-001,val_6,val_8,val_24,12/9/2024,81169.52548,26.04555945,891,497,2.675847273,414.4777643,2.722480664,3125.206236,668.2417437
val_4851,KIT-IK-001,val_16,val_48,val_41,12/9/2024,123447.8083,23.6691114,66,615,1.534673778,182.9462552,3.155478839,7518.604084,324.692903
val_4852,KIT-SU-001,val_2,val_40,val_4,12/9/2024,21595.04612,4.887516199,492,960,8.644899932,112.0804672,2.811895855,11979.26542,600.451633
val_4853,KIT-SU-001,val_15,val_30,val_18,12/9/2024,93561.16211,17.00240093,219,651,8.186643929,412.3360026,3.389960286,2188.70062,163.2932634
val_4854,KIT-LK-001,val_9,val_34,val_45,12/9/2024,141418.2497,15.2716257,761,933,9.336541802,445.982775,1.274311131,4667.222202,924.6408661
val_4855,KIT-SU-001,val_2,val_50,val_9,12/9/2024,149505.3335,19.01619812,134,831,3.946651907,137.3015334,3.187179029,4814.387561,389.9761706
val_4856,KIT-YB-001,val_18,val_48,val_15,12/10/2024,2007.788376,13.81177153,577,734,8.836484908,482.465826,3.047120886,2719.675416,192.092086
val_4857,KIT-IK-001,val_10,val_5,val_22,12/10/2024,145898.8088,21.79121625,344,273,4.58606737,502.4386031,1.727420102,9499.222827,74.91633507
val_4858,KIT-LK-001,val_13,val_23,val_33,12/10/2024,18770.39915,13.85746443,521,578,1.655014849,981.0105178,3.139002656,8546.173889,34.97865494
val_4859,KIT-YB-001,val_1,val_2,val_12,12/10/2024,80774.10539,19.60510243,186,112,5.120569944,713.3043032,2.85259706,2760.240264,645.0650867
val_4860,KIT-SU-001,val_7,val_23,val_38,12/10/2024,37332.28649,13.94166078,116,924,5.984075377,12.16894415,3.372706865,10321.98967,681.4348424
val_4861,KIT-SU-001,val_12,val_38,val_11,12/10/2024,91155.46009,31.5815039,178,186,4.88883267,476.8681998,3.255301433,5224.442261,658.5448654
val_4862,KIT-YB-001,val_12,val_12,val_17,12/10/2024,6035.475459,13.19486569,577,238,8.068922797,21.5898318,2.61835372,6700.718409,314.1279468
val_4863,KIT-IK-001,val_1,val_9,val_27,12/11/2024,36130.73576,25.63645127,648,937,4.166449987,511.2129742,4.124538525,8281.736663,792.5240741
val_4864,KIT-SU-001,val_12,val_29,val_0,12/11/2024,45436.05716,21.5579839,905,121,9.289549151,337.9371041,2.429823877,10515.06544,839.899426
val_4865,KIT-YB-001,val_18,val_31,val_36,12/11/2024,137383.2737,13.61621877,943,547,1.667470357,903.5067871,2.898148994,2876.653317,603.0739563
val_4866,KIT-SU-001,val_15,val_42,val_32,12/11/2024,87752.61725,28.30556118,753,575,7.483666046,493.2889954,2.705640597,7189.676454,615.4962039
val_4867,KIT-LK-001,val_4,val_0,val_40,12/11/2024,106377.3535,32.4793375,12,219,9.360801814,849.904262,2.943488741,8124.592924,192.444928
val_4868,KIT-LK-001,val_18,val_14,val_13,12/11/2024,101564.2699,26.66485475,704,390,5.978459874,583.8724245,4.200731646,10659.29435,858.0936092
val_4869,KIT-IK-001,val_13,val_46,val_19,12/12/2024,59147.10632,33.210864,706,786,8.908104673,396.5131854,3.838646039,9313.060842,84.60516797
val_4870,KIT-SU-001,val_1,val_40,val_43,12/12/2024,2596.14975,15.38347288,706,712,7.226480679,229.7069698,1.168951644,10990.32907,802.3331128
val_4871,KIT-LK-001,val_2,val_53,val_3,12/12/2024,16499.60411,31.99815397,659,587,1.130764013,183.157096,2.978313435,1087.744999,418.6518155
val_4872,KIT-YB-001,val_18,val_48,val_23,12/12/2024,69091.86842,30.69255939,688,544,7.0412018,794.5462962,1.499015131,5220.387335,98.14337749
val_4873,KIT-IK-001,val_4,val_50,val_23,12/12/2024,141223.5694,26.73107857,585,367,6.909054936,882.9865571,3.917371547,3814.677959,61.40066614
val_4874,KIT-IK-001,val_1,val_30,val_21,12/12/2024,37689.29221,29.26498419,620,624,1.000247184,324.08507,4.946777219,6066.763177,988.4850659
val_4875,KIT-IK-001,val_9,val_57,val_20,12/12/2024,104898.6486,25.60865066,692,18,4.682446549,494.6125242,3.475208125,9767.565201,569.0362929
val_4876,KIT-YB-001,val_10,val_24,val_35,12/13/2024,124076.0785,18.02833449,43,70,1.349194754,287.5016095,2.519445828,6012.216684,444.3940527
val_4877,KIT-IK-001,val_11,val_54,val_9,12/13/2024,136064.4,19.42418646,509,783,3.636989177,455.2944012,1.289257087,614.7887776,925.4260839
val_4878,KIT-IK-001,val_13,val_23,val_42,12/13/2024,44376.2186,14.73549986,127,174,9.87924231,869.4913731,2.330277011,8115.669669,463.0326207
val_4879,KIT-LK-001,val_19,val_26,val_43,12/13/2024,139726.8346,23.31738556,927,718,9.462557649,137.974555,3.101166307,321.4597139,846.9938289
val_4880,KIT-YB-001,val_15,val_41,val_8,12/13/2024,91393.34795,11.50268775,990,16,7.163733447,291.4860268,4.523433891,1353.478091,853.6880481
val_4881,KIT-IK-001,val_0,val_23,val_46,12/13/2024,76506.81423,25.94014982,158,262,4.301668779,695.2715704,3.051973975,8787.193889,750.0641075
val_4882,KIT-LK-001,val_1,val_8,val_12,12/13/2024,116869.6985,17.77801455,892,939,4.56806737,310.6257806,4.937726065,10005.80442,95.11503859
val_4883,KIT-SU-001,val_0,val_53,val_2,12/14/2024,36187.5357,12.49093945,474,265,1.343932186,81.15617243,2.476665943,3953.750964,954.6487499
val_4884,KIT-IK-001,val_7,val_27,val_19,12/14/2024,121980.7446,5.323531554,673,983,4.044564264,374.4052812,1.001965569,6914.273903,627.3106084
val_4885,KIT-YB-001,val_7,val_55,val_38,12/14/2024,97669.42282,9.092301633,653,271,8.059460783,676.3920003,3.514501116,6656.777863,408.5013991
val_4886,KIT-IK-001,val_18,val_23,val_40,12/14/2024,120005.2363,22.47897263,117,636,5.674176583,984.0049346,1.876556397,856.0578766,766.4415712
val_4887,KIT-IK-001,val_7,val_58,val_30,12/14/2024,128430.4682,13.07075583,909,671,5.290099985,892.142995,1.97513855,6629.200215,73.93136061
val_4888,KIT-YB-001,val_0,val_36,val_38,12/14/2024,92793.44273,1.354285591,641,634,1.819881286,561.8778356,1.069690789,329.4498777,178.4841994
val_4889,KIT-YB-001,val_17,val_46,val_12,12/14/2024,5991.898647,11.67488343,487,294,9.271004294,777.3331335,3.125889063,9875.654837,677.6193996
val_4890,KIT-IK-001,val_5,val_45,val_42,12/15/2024,45013.27519,12.94924792,615,759,3.547658975,571.3881754,1.990031097,9027.985517,629.5582427
val_4891,KIT-YB-001,val_18,val_12,val_30,12/15/2024,131763.9519,8.353670651,977,310,4.446125289,493.897086,4.977160968,3547.796327,524.3962666
val_4892,KIT-SU-001,val_15,val_48,val_6,12/15/2024,94229.99839,10.163763,648,815,3.976388674,170.6326036,4.342628209,3295.499044,674.6025365
val_4893,KIT-YB-001,val_17,val_56,val_6,12/15/2024,133563.4262,24.7314745,657,376,3.958606923,292.1695175,3.884760257,2443.449096,949.8980336
val_4894,KIT-LK-001,val_16,val_39,val_12,12/15/2024,57987.01106,26.1700726,877,837,6.393915593,452.1068905,2.415566235,11442.59976,130.3022426
val_4895,KIT-IK-001,val_2,val_56,val_3,12/15/2024,75956.75464,33.56968402,699,981,6.643291089,985.603646,1.286388545,10180.29569,342.8400724
val_4896,KIT-LK-001,val_12,val_50,val_13,12/15/2024,129457.5701,4.309471638,143,755,6.38705895,608.5623869,3.675771405,10085.29057,293.4490167
val_4897,KIT-YB-001,val_8,val_39,val_47,12/16/2024,114423.688,11.04803015,819,460,1.616483143,944.8787311,1.089206,5701.318004,935.2214459
val_4898,KIT-YB-001,val_12,val_28,val_11,12/16/2024,56936.41913,2.881149504,900,423,9.725837342,258.6829224,2.766403667,9775.953212,187.2104271
val_4899,KIT-IK-001,val_14,val_51,val_30,12/16/2024,3883.227763,21.54296994,734,377,7.425889265,68.97125732,1.21108134,7180.44497,367.7915365
val_4900,KIT-IK-001,val_10,val_11,val_46,12/16/2024,132110.7647,0.770312607,152,351,8.944558152,978.3750766,3.238831135,3733.650919,905.8522546
val_4901,KIT-LK-001,val_6,val_33,val_12,12/16/2024,118060.3485,7.346400679,523,470,2.437023931,329.6242892,3.238167456,5279.138222,670.0397588
val_4902,KIT-LK-001,val_18,val_48,val_33,12/16/2024,67649.54419,20.62690556,54,486,9.388972631,535.3061191,3.122462459,5027.252943,31.16076108
val_4903,KIT-LK-001,val_13,val_56,val_21,12/16/2024,82162.95283,12.68410493,773,719,7.495125999,71.14294468,3.858348373,4351.532036,960.213532
val_4904,KIT-YB-001,val_17,val_16,val_13,12/17/2024,31044.64656,19.14429382,958,890,5.506441628,860.3915435,1.912621205,3059.100826,60.14053994
val_4905,KIT-SU-001,val_4,val_5,val_45,12/17/2024,62109.11293,22.48026529,35,884,1.208192611,0.680089295,1.968673586,4899.293512,521.8967516
val_4906,KIT-LK-001,val_16,val_20,val_31,12/17/2024,24897.71634,29.39511436,109,604,3.278671931,906.0118937,2.664653184,7271.64552,242.1310584
val_4907,KIT-IK-001,val_6,val_51,val_21,12/17/2024,31980.15125,13.8720577,933,991,8.548672315,165.3708641,3.811082405,2515.007242,631.8669414
val_4908,KIT-LK-001,val_9,val_31,val_38,12/17/2024,127032.2393,9.905612629,800,894,4.412635297,183.4782786,1.467009904,1873.785787,283.6232524
val_4909,KIT-IK-001,val_17,val_3,val_43,12/17/2024,54689.62048,18.95041865,823,486,7.104490546,825.7994516,4.543551276,8344.688075,817.5757834
val_4910,KIT-YB-001,val_7,val_7,val_37,12/18/2024,122301.1368,2.624909507,208,412,7.57713727,386.2304231,2.008848362,6410.793073,565.1884761
val_4911,KIT-SU-001,val_5,val_20,val_41,12/18/2024,71348.02968,1.658614952,638,460,7.980847371,256.0178255,1.511547707,4355.592829,312.9038973
val_4912,KIT-LK-001,val_18,val_20,val_15,12/18/2024,11081.2775,15.93785578,829,23,4.441170547,596.4410361,3.395896868,10913.24336,865.6176344
val_4913,KIT-IK-001,val_19,val_8,val_16,12/18/2024,54548.3147,7.789140501,68,330,9.188500404,254.4114783,2.102328365,5643.580317,777.2355524
val_4914,KIT-YB-001,val_6,val_29,val_11,12/18/2024,24161.88146,0.451136817,284,383,3.629799632,286.5474042,2.635051228,4114.491082,493.1383728
val_4915,KIT-YB-001,val_6,val_28,val_33,12/18/2024,104189.674,23.84209203,295,779,8.524581385,45.55033396,1.244458293,2751.820544,491.2224212
val_4916,KIT-LK-001,val_4,val_11,val_38,12/18/2024,136753.41,28.60221268,542,262,4.822597634,539.4112797,2.859856277,4013.425582,467.8789328
val_4917,KIT-LK-001,val_0,val_13,val_31,12/19/2024,114579.7968,5.346174252,253,656,3.108059676,129.4191057,2.214781225,3430.217997,540.0715207
val_4918,KIT-LK-001,val_11,val_39,val_28,12/19/2024,116876.4225,19.82379914,342,322,4.091044164,837.1213779,1.679288511,10428.34892,858.1660381
val_4919,KIT-YB-001,val_5,val_57,val_37,12/19/2024,129349.0487,34.44267636,257,363,8.196070949,751.0201352,2.545259251,10725.45906,73.77047195
val_4920,KIT-IK-001,val_16,val_59,val_8,12/19/2024,116611.3653,9.552697782,63,69,6.533835107,285.4592747,4.080268713,5068.448377,388.428756
val_4921,KIT-LK-001,val_3,val_33,val_17,12/19/2024,85501.70123,25.63235268,672,519,2.230108383,533.7785773,4.054600628,3279.237481,750.127197
val_4922,KIT-IK-001,val_12,val_2,val_33,12/19/2024,107284.3053,5.841169701,639,97,2.115705338,577.3768915,2.441943937,1738.105369,964.0576562
val_4923,KIT-IK-001,val_10,val_53,val_2,12/19/2024,62685.23571,32.63683576,877,206,7.184807261,666.4516951,4.896943615,8650.346424,153.1543547
val_4924,KIT-SU-001,val_12,val_57,val_43,12/20/2024,11082.8024,0.215088764,576,502,3.155430463,418.9207624,1.503544644,10573.22618,43.47096938
val_4925,KIT-YB-001,val_2,val_16,val_8,12/20/2024,105984.1794,10.45661027,682,694,2.877935364,652.5321715,4.419003323,5051.182156,805.0994686
val_4926,KIT-SU-001,val_9,val_24,val_37,12/20/2024,108388.3141,34.17985164,359,404,7.745515902,169.389665,4.915808142,10523.8019,970.4113619
val_4927,KIT-IK-001,val_12,val_1,val_29,12/20/2024,33946.52727,23.54002028,389,252,3.903883056,471.0187316,3.291839233,3120.655413,714.6890818
val_4928,KIT-YB-001,val_6,val_48,val_40,12/20/2024,143114.2638,7.572226859,412,898,1.614747339,94.00626716,1.240535009,7382.818617,554.0494565
val_4929,KIT-YB-001,val_17,val_46,val_37,12/20/2024,8350.45918,27.73952225,970,349,4.823513844,941.0698047,4.684156562,1156.887022,233.3799846
val_4930,KIT-SU-001,val_10,val_1,val_24,12/20/2024,110525.8777,31.45337817,472,321,6.122608338,401.4093683,2.747843935,6844.867992,958.3611027
val_4931,KIT-LK-001,val_7,val_42,val_36,12/21/2024,145287.5191,17.15703674,863,68,6.413402773,617.4415002,1.687554147,7736.437483,722.271903
val_4932,KIT-IK-001,val_0,val_24,val_16,12/21/2024,46717.89177,5.629623132,320,352,1.526548673,489.8163422,4.565691994,7803.680296,694.1075704
val_4933,KIT-IK-001,val_3,val_32,val_28,12/21/2024,136913.58,9.199037174,686,220,5.082033787,26.81756434,2.70751767,9389.663673,881.9587094
val_4934,KIT-IK-001,val_9,val_13,val_43,12/21/2024,124052.2199,33.02037128,274,354,4.23605794,62.71349788,2.997548672,1317.994175,875.6572946
val_4935,KIT-YB-001,val_8,val_48,val_4,12/21/2024,111744.3651,5.806377337,397,195,5.040412776,264.5562476,3.284082195,3487.017601,80.68102325
val_4936,KIT-SU-001,val_17,val_24,val_17,12/21/2024,143091.8394,11.05435793,859,196,1.375275722,674.9350594,4.626403509,8378.157608,19.96132771
val_4937,KIT-YB-001,val_15,val_50,val_0,12/21/2024,98281.53268,5.264711077,684,736,3.660462194,641.4346733,3.014998251,7186.487341,222.701629
val_4938,KIT-LK-001,val_3,val_8,val_25,12/22/2024,74484.65753,3.875085709,486,474,6.791126849,187.9449912,4.552818283,11403.53943,910.2915465
val_4939,KIT-LK-001,val_11,val_35,val_37,12/22/2024,101514.3128,18.36647204,408,695,2.133247253,488.6132131,1.680919969,9453.315958,533.649577
val_4940,KIT-SU-001,val_9,val_18,val_1,12/22/2024,62067.65699,14.00548334,800,577,9.632983499,367.0612171,3.466819986,5757.562706,647.5257887
val_4941,KIT-SU-001,val_2,val_57,val_26,12/22/2024,49070.63243,1.806661601,155,538,9.945196751,568.5442737,3.102015207,6498.219884,345.9880259
val_4942,KIT-SU-001,val_13,val_33,val_19,12/22/2024,12795.72094,5.252781709,849,466,4.243980702,334.6863213,2.300153316,7984.447231,424.8473432
val_4943,KIT-LK-001,val_10,val_43,val_37,12/22/2024,57012.28247,1.51051161,619,387,7.128598927,896.1981008,1.850116269,320.6935089,300.0231922
val_4944,KIT-SU-001,val_1,val_5,val_10,12/22/2024,120577.6612,1.055730247,329,262,6.718091706,472.4185924,1.279759854,4497.708631,940.3545844
val_4945,KIT-LK-001,val_9,val_40,val_7,12/23/2024,141842.6503,6.410759264,698,890,2.504483341,426.577837,2.046939559,1638.444467,412.0547904
val_4946,KIT-SU-001,val_14,val_6,val_4,12/23/2024,146285.1818,26.07899537,992,409,4.493746985,703.3262942,3.722354894,3025.395411,835.8971989
val_4947,KIT-IK-001,val_6,val_21,val_19,12/23/2024,31375.61771,0.713994894,349,884,9.825816633,780.6877404,2.112835265,9988.183795,155.4096371
val_4948,KIT-IK-001,val_7,val_13,val_23,12/23/2024,85929.04842,10.79581439,393,768,2.149068405,437.5527102,3.912433663,6671.966787,317.2400568
val_4949,KIT-SU-001,val_2,val_0,val_44,12/23/2024,86574.34968,19.85462487,930,603,6.176590947,108.9601971,4.500610188,10353.43103,181.452413
val_4950,KIT-LK-001,val_4,val_35,val_22,12/23/2024,26819.10791,26.08088418,344,843,6.392626697,85.08901474,3.777221207,10688.05263,293.4244306
val_4951,KIT-IK-001,val_19,val_14,val_8,12/23/2024,87453.41631,23.79063808,855,658,2.507728849,326.8742876,4.220276722,9710.1983,667.6066188
val_4952,KIT-LK-001,val_12,val_30,val_33,12/24/2024,54733.04463,34.59717057,900,816,5.817233317,732.5822761,3.292824747,9192.488757,141.4544165
val_4953,KIT-LK-001,val_3,val_45,val_2,12/24/2024,141389.7622,9.791828732,583,797,9.257158841,653.6387838,4.786420517,2159.969846,535.9756416
val_4954,KIT-YB-001,val_9,val_10,val_16,12/24/2024,38652.72893,0.204827734,82,646,2.040905906,287.7353544,4.051766531,3377.653405,3.124627918
val_4955,KIT-YB-001,val_3,val_42,val_31,12/24/2024,125326.6987,1.530030801,60,723,2.70768695,4.393375632,2.290703587,8508.11801,983.1040349
val_4956,KIT-IK-001,val_8,val_17,val_12,12/24/2024,134579.9164,3.593651123,281,818,3.300657231,642.6725998,3.893397605,3752.373266,35.58722857
val_4957,KIT-SU-001,val_2,val_19,val_28,12/24/2024,110512.9022,34.13827156,17,225,7.758816261,564.400344,3.687433347,4626.765278,754.3937661
val_4958,KIT-SU-001,val_12,val_34,val_21,12/25/2024,32594.25304,20.03768064,763,877,6.195262761,772.4891915,4.0056764,11248.95033,869.2556981
val_4959,KIT-YB-001,val_11,val_37,val_45,12/25/2024,39425.17572,28.01802498,640,503,5.531923246,686.1658311,2.277449411,8529.248776,996.2301278
val_4960,KIT-SU-001,val_12,val_39,val_13,12/25/2024,145682.1209,34.48074976,455,122,8.128577892,246.9002739,3.038326887,1458.292874,650.1235582
val_4961,KIT-SU-001,val_8,val_11,val_43,12/25/2024,11836.44539,29.58052239,814,152,9.804404304,732.89937,4.521541318,8710.184352,606.5765448
val_4962,KIT-SU-001,val_5,val_34,val_30,12/25/2024,18004.34313,14.3850325,133,751,2.763622462,486.3810871,4.902857021,9566.691195,557.5774239
val_4963,KIT-IK-001,val_4,val_15,val_35,12/25/2024,146796.1753,30.68067396,500,810,8.308453769,574.776752,2.439750129,10977.09393,764.6113098
val_4964,KIT-IK-001,val_4,val_16,val_8,12/25/2024,116645.7687,15.29453189,338,654,4.330795336,356.9931876,2.946814859,8284.461275,870.7312512
val_4965,KIT-SU-001,val_8,val_56,val_0,12/26/2024,112084.3857,4.166087948,23,654,2.313921014,790.5893342,2.323298997,1329.35364,527.7057856
val_4966,KIT-YB-001,val_9,val_6,val_35,12/26/2024,24451.06029,19.27497101,478,866,3.308680908,196.0876062,3.871756687,9230.25938,720.161244
val_4967,KIT-IK-001,val_13,val_24,val_23,12/26/2024,73596.35531,32.06800746,144,980,4.593668348,204.5393841,1.155154934,7944.332985,962.4033233
val_4968,KIT-YB-001,val_1,val_26,val_14,12/26/2024,126194.0091,27.50193283,45,832,9.092448029,237.4260857,4.815250329,5582.371946,111.8538019
val_4969,KIT-SU-001,val_5,val_14,val_43,12/26/2024,49666.16983,14.18706546,211,136,5.305685781,789.5521874,3.197471945,9174.349743,589.7268064
val_4970,KIT-SU-001,val_17,val_47,val_15,12/26/2024,29318.3873,29.94934669,194,803,6.528727563,728.1038786,2.083793325,6396.3945,67.36630695
val_4971,KIT-YB-001,val_18,val_29,val_20,12/26/2024,2136.325006,16.35355082,628,510,1.299110187,269.5876174,1.149161675,11201.03088,435.6458077
val_4972,KIT-SU-001,val_18,val_43,val_34,12/27/2024,93570.10149,24.0232005,793,799,1.576060405,143.8846123,3.242970998,11192.83309,726.148457
val_4973,KIT-SU-001,val_6,val_23,val_46,12/27/2024,44424.64139,11.79310387,486,724,9.444993706,28.18969917,3.344707073,2860.302016,380.3045018
val_4974,KIT-LK-001,val_2,val_53,val_43,12/27/2024,129619.0278,6.976047435,641,678,8.544860316,683.824523,3.780980407,5398.869853,100.1050097
val_4975,KIT-LK-001,val_3,val_43,val_31,12/27/2024,42885.95397,11.10877005,102,868,5.406765856,538.8730865,3.10158109,2542.537599,829.9008522
val_4976,KIT-YB-001,val_2,val_19,val_5,12/27/2024,23160.58392,30.65569438,787,151,2.803584329,702.3143566,3.062818403,4102.470663,243.9940978
val_4977,KIT-IK-001,val_19,val_57,val_5,12/27/2024,144086.903,34.64403027,502,854,1.36158059,708.2550995,2.216517934,2832.499508,502.3399002
val_4978,KIT-IK-001,val_17,val_51,val_33,12/27/2024,144734.1633,9.3843057,428,347,9.778139667,844.776037,1.776149968,6240.638291,149.8084321
val_4979,KIT-SU-001,val_16,val_35,val_24,12/28/2024,102911.0623,5.954646768,870,202,1.051050591,415.966329,2.004013247,207.5976866,989.3307935
val_4980,KIT-SU-001,val_14,val_0,val_6,12/28/2024,139293.6625,2.67367897,314,720,3.138830068,827.2741602,2.499027266,9538.53927,382.7072833
val_4981,KIT-LK-001,val_6,val_35,val_33,12/28/2024,24694.1204,26.43292056,439,983,7.155126756,435.7674921,4.093383729,2075.494447,821.6753283
val_4982,KIT-SU-001,val_9,val_41,val_45,12/28/2024,69320.95857,18.57440889,926,87,9.441084306,707.8214111,1.473017776,3434.647443,384.5525615
val_4983,KIT-YB-001,val_16,val_21,val_3,12/28/2024,31021.7542,19.55228699,149,982,2.053533782,551.1419497,3.574734519,2263.943248,349.6521554
val_4984,KIT-SU-001,val_16,val_8,val_39,12/28/2024,72078.0971,1.773182248,522,342,7.965018991,921.4247039,1.151845085,4376.648564,240.4949237
val_4985,KIT-SU-001,val_10,val_33,val_16,12/28/2024,118781.1108,3.020783304,578,970,3.985913177,370.1284536,1.172348837,1108.980584,404.5377205
val_4986,KIT-SU-001,val_16,val_48,val_19,12/29/2024,126816.7131,32.02888004,700,49,7.117465838,689.8271291,2.094593911,10335.10616,875.2545486
val_4987,KIT-YB-001,val_6,val_19,val_34,12/29/2024,1122.576943,20.27023269,930,614,1.869699074,598.0949691,2.428766138,5096.393048,661.6559797
val_4988,KIT-YB-001,val_8,val_27,val_11,12/29/2024,58730.75781,7.828392507,344,534,8.783351442,998.6826688,1.759552701,11105.79538,53.08935876
val_4989,KIT-LK-001,val_16,val_0,val_7,12/29/2024,149113.2687,7.419653119,116,832,7.365015406,77.26177438,4.544945453,754.1465952,541.0839568
val_4990,KIT-YB-001,val_7,val_42,val_46,12/29/2024,88602.58679,8.583430878,399,472,9.600416555,598.1088649,2.218866346,2236.630312,497.767789
val_4991,KIT-IK-001,val_15,val_51,val_16,12/29/2024,44781.29149,2.418774605,156,76,5.521772418,232.4431424,2.873434401,10062.75414,686.9495798
val_4992,KIT-IK-001,val_9,val_46,val_8,12/29/2024,58654.64188,1.931761157,728,184,8.989221972,884.1859381,4.976465638,5672.967604,755.3187916
val_4993,KIT-IK-001,val_5,val_25,val_33,12/30/2024,48723.28012,25.25549017,567,255,5.863587646,794.4990068,2.015595989,901.4289568,565.7334708
val_4994,KIT-LK-001,val_4,val_2,val_10,12/30/2024,67415.96529,9.378737143,758,872,5.615102673,661.8393623,3.475172728,750.8191099,875.8997677
val_4995,KIT-YB-001,val_12,val_29,val_37,12/30/2024,66950.75172,13.57938184,340,92,1.851493791,480.3486086,3.986100048,10759.26841,642.0280711
val_4996,KIT-SU-001,val_9,val_56,val_3,12/30/2024,76276.06413,18.9002298,955,839,8.327525293,681.2916984,2.084169562,3288.144331,338.0172302
val_4997,KIT-YB-001,val_7,val_5,val_24,12/30/2024,69943.64808,11.33823049,896,506,4.709822669,554.3376314,1.229928138,5048.42216,376.3264684
val_4998,KIT-IK-001,val_14,val_12,val_19,12/30/2024,77658.9959,16.86176718,916,565,6.400225399,287.2990653,4.165456726,10784.70566,858.5359529
val_4999,KIT-IK-001,val_0,val_50,val_45,12/31/2024,4684.348074,30.30237077,713,965,6.856224659,819.4221546,2.156086782,8078.113953,259.8241847
